note_id,account_id,note_date,author,note_text
N-00001,ACC-1000,2025-03-06,Brittney Cole,"Heads up, Leila Delgado is leaving at the end of the month. She was our main advocate here."
N-00002,ACC-1000,2025-04-04,Brittney Cole,Leila Delgado has moved to a different company. No replacement named yet.
N-00003,ACC-1000,2025-04-17,Brittney Cole,Delivered onboarding for the new hires on their team.
N-00004,ACC-1000,2025-05-01,Brittney Cole,Monthly check-in. Nothing new to report.
N-00005,ACC-1000,2025-05-27,Brittney Cole,Escalation closed out. They appreciated the follow-through.
N-00006,ACC-1000,2025-06-09,Brittney Cole,Leila Delgado is on leave through Q4 and nobody was designated to cover the account.
N-00007,ACC-1000,2025-07-04,Brittney Cole,Org change on their side. Leila Delgado no longer owns this relationship.
N-00008,ACC-1000,2025-07-20,Brittney Cole,Found out Leila Delgado put in notice. Trying to get introduced to whoever picks this up.
N-00009,ACC-1000,2025-08-16,Brittney Cole,Leila Delgado is on leave through Q4 and nobody was designated to cover the account.
N-00010,ACC-1000,2025-09-13,Brittney Cole,Leila Delgado is on leave through Q4 and nobody was designated to cover the account.
N-00011,ACC-1000,2025-10-10,Brittney Cole,Reviewed the year. They are happy with where adoption landed.
N-00012,ACC-1000,2025-11-01,Brittney Cole,Escalation closed out. They appreciated the follow-through.
N-00013,ACC-1000,2025-11-24,Brittney Cole,Ran a refresher session on the bulk import for 6 of their people.
N-00014,ACC-1000,2025-12-23,Brittney Cole,Quick sync with Leila Delgado. Business as usual.
N-00015,ACC-1000,2026-01-09,Brittney Cole,Our sponsor Leila Delgado was reorged out of the function. Starting over on relationship mapping.
N-00016,ACC-1000,2026-02-08,Brittney Cole,"Their new director does not know who we are. Sent an intro note, no reply yet."
N-00017,ACC-1000,2026-02-21,Brittney Cole,"Leila Delgado confirmed she is taking a role elsewhere. Asked her who to talk to, she was vague."
N-00018,ACC-1000,2026-03-20,Brittney Cole,Org change on their side. Leila Delgado no longer owns this relationship.
N-00019,ACC-1000,2026-04-11,Brittney Cole,"Leila Delgado confirmed she is taking a role elsewhere. Asked her who to talk to, she was vague."
N-00020,ACC-1000,2026-05-04,Brittney Cole,We got the integration working. Their team is back to normal.
N-00021,ACC-1000,2026-05-26,Brittney Cole,Leila Delgado is on leave through Q4 and nobody was designated to cover the account.
N-00022,ACC-1000,2026-06-24,Brittney Cole,Business review complete. Leila Delgado called out time savings on their team.
N-00023,ACC-1000,2026-07-15,Brittney Cole,"Leila Delgado confirmed she is taking a role elsewhere. Asked her who to talk to, she was vague."
N-00024,ACC-1000,2026-08-01,Brittney Cole,Leila Delgado was promoted and now owns a larger scope. Good for us.
N-00025,ACC-1000,2026-08-23,Brittney Cole,Escalation closed out. They appreciated the follow-through.
N-00026,ACC-1001,2023-01-13,Leila Haddad,Reopened the issue with the API. Their patience is visibly thin.
N-00027,ACC-1001,2023-01-25,Leila Haddad,Talia Abbott asked me directly whether this is ever going to be fixed.
N-00028,ACC-1001,2023-02-18,Leila Haddad,Asked about the higher tier. Sending over details.
N-00029,ACC-1001,2023-03-04,Leila Haddad,The dashboards issue is resolved. Confirmed with their admin.
N-00030,ACC-1001,2023-03-18,Leila Haddad,Ran a refresher session on the mobile app for 11 of their people.
N-00031,ACC-1001,2023-04-14,Leila Haddad,Fix shipped. They tested it and closed the ticket themselves.
N-00032,ACC-1001,2023-04-29,Leila Haddad,Asked about the higher tier. Sending over details.
N-00033,ACC-1001,2023-05-18,Leila Haddad,The workaround we gave them for SSO stopped working.
N-00034,ACC-1001,2023-06-10,Leila Haddad,Support ticket has been open since before the last QBR. No engineering ETA.
N-00035,ACC-1001,2023-06-22,Leila Haddad,Escalation on the API is not moving. They asked for a timeline and I do not have one.
N-00036,ACC-1001,2023-07-16,Leila Haddad,QBR went well. They presented our numbers to their leadership.
N-00037,ACC-1001,2023-08-09,Leila Haddad,Reviewed the year. They are happy with where adoption landed.
N-00038,ACC-1001,2023-08-29,Leila Haddad,The the mobile app issue is resolved. Confirmed with their admin.
N-00039,ACC-1001,2023-09-27,Leila Haddad,Sent over the enablement material they asked for.
N-00040,ACC-1001,2023-10-22,Leila Haddad,Asked about the higher tier. Sending over details.
N-00041,ACC-1001,2023-11-05,Leila Haddad,Standing check-in held. Team is steady.
N-00042,ACC-1001,2023-12-01,Leila Haddad,They are frustrated. SSO broke again during their month-end close.
N-00043,ACC-1001,2023-12-26,Leila Haddad,They are frustrated. data retention broke again during their month-end close.
N-00044,ACC-1001,2024-01-17,Leila Haddad,Monthly check-in. Nothing new to report.
N-00045,ACC-1001,2024-02-15,Leila Haddad,They asked what it would take to add 8 more seats.
N-00046,ACC-1001,2024-03-02,Leila Haddad,Escalation on dashboards is not moving. They asked for a timeline and I do not have one.
N-00047,ACC-1001,2024-03-25,Leila Haddad,We got the integration working. Their team is back to normal.
N-00048,ACC-1001,2024-04-14,Leila Haddad,We got the integration working. Their team is back to normal.
N-00049,ACC-1001,2024-05-03,Leila Haddad,Support ticket has been open since before the last QBR. No engineering ETA.
N-00050,ACC-1001,2024-05-24,Leila Haddad,The SSO issue is resolved. Confirmed with their admin.
N-00051,ACC-1001,2024-06-19,Leila Haddad,We got the integration working. Their team is back to normal.
N-00052,ACC-1001,2024-07-07,Leila Haddad,Asked about the higher tier. Sending over details.
N-00053,ACC-1001,2024-07-24,Leila Haddad,Third follow-up from them on the same defect. Getting hard to defend.
N-00054,ACC-1001,2024-08-11,Leila Haddad,We got the integration working. Their team is back to normal.
N-00055,ACC-1001,2024-08-29,Leila Haddad,Promised a fix date last month and we missed it. Had to tell them today.
N-00056,ACC-1001,2024-09-10,Leila Haddad,The workaround we gave them for SSO stopped working.
N-00057,ACC-1001,2024-10-10,Leila Haddad,QBR went well. They presented our numbers to their leadership.
N-00058,ACC-1001,2024-10-23,Leila Haddad,They are frustrated. the bulk import broke again during their month-end close.
N-00059,ACC-1001,2024-11-17,Leila Haddad,The SSO issue is resolved. Confirmed with their admin.
N-00060,ACC-1001,2024-12-04,Leila Haddad,Escalation closed out. They appreciated the follow-through.
N-00061,ACC-1001,2024-12-28,Leila Haddad,"Office hours session. 11 attendees, mostly questions about reporting."
N-00062,ACC-1001,2025-01-21,Leila Haddad,Escalation closed out. They appreciated the follow-through.
N-00063,ACC-1001,2025-02-05,Leila Haddad,Strong QBR. They want to talk about expanding to a second department.
N-00064,ACC-1001,2025-02-26,Leila Haddad,Still waiting on the fix for the mobile app. This has been open for weeks.
N-00065,ACC-1001,2025-03-14,Leila Haddad,Strong QBR. They want to talk about expanding to a second department.
N-00066,ACC-1001,2025-03-27,Leila Haddad,Walked their analysts through the alerting rules. Good engagement.
N-00067,ACC-1001,2025-04-23,Leila Haddad,They included us in their annual planning conversation.
N-00068,ACC-1001,2025-05-14,Leila Haddad,Support ticket has been open since before the last QBR. No engineering ETA.
N-00069,ACC-1001,2025-05-28,Leila Haddad,Support ticket has been open since before the last QBR. No engineering ETA.
N-00070,ACC-1001,2025-06-17,Leila Haddad,"Short call. Reviewed open items, nothing escalated."
N-00071,ACC-1001,2025-07-01,Leila Haddad,The the alerting rules issue is resolved. Confirmed with their admin.
N-00072,ACC-1001,2025-07-26,Leila Haddad,Third follow-up from them on the same defect. Getting hard to defend.
N-00073,ACC-1001,2025-08-25,Leila Haddad,Walked their analysts through the API. Good engagement.
N-00074,ACC-1001,2025-09-16,Leila Haddad,The the Salesforce sync issue is resolved. Confirmed with their admin.
N-00075,ACC-1001,2025-10-04,Leila Haddad,Fix shipped. They tested it and closed the ticket themselves.
N-00076,ACC-1001,2025-10-29,Leila Haddad,Their second division reached out directly about getting access.
N-00077,ACC-1001,2025-11-16,Leila Haddad,Good session. Their exec attended and was engaged.
N-00078,ACC-1001,2025-11-28,Leila Haddad,Escalation closed out. They appreciated the follow-through.
N-00079,ACC-1001,2025-12-22,Leila Haddad,Monthly check-in. Nothing new to report.
N-00080,ACC-1001,2026-01-19,Leila Haddad,Fix shipped. They tested it and closed the ticket themselves.
N-00081,ACC-1001,2026-02-06,Leila Haddad,Still waiting on the fix for the bulk import. This has been open for weeks.
N-00082,ACC-1001,2026-02-22,Leila Haddad,The workaround we gave them for the API stopped working.
N-00083,ACC-1001,2026-03-07,Leila Haddad,New leadership reviewed the stack and kept us. Told me directly.
N-00084,ACC-1001,2026-03-22,Leila Haddad,The the Salesforce sync issue is resolved. Confirmed with their admin.
N-00085,ACC-1001,2026-04-06,Leila Haddad,Delivered onboarding for the new hires on their team.
N-00086,ACC-1001,2026-04-21,Leila Haddad,Talia Abbott was promoted and now owns a larger scope. Good for us.
N-00087,ACC-1001,2026-05-06,Leila Haddad,Outage during their peak week. They want a written explanation.
N-00088,ACC-1001,2026-05-26,Leila Haddad,Reviewed the year. They are happy with where adoption landed.
N-00089,ACC-1001,2026-06-24,Leila Haddad,We got the integration working. Their team is back to normal.
N-00090,ACC-1001,2026-07-06,Leila Haddad,Exec sponsor confirmed budget is protected for next year.
N-00091,ACC-1001,2026-08-03,Leila Haddad,Support ticket has been open since before the last QBR. No engineering ETA.
N-00092,ACC-1001,2026-08-23,Leila Haddad,Fix shipped. They tested it and closed the ticket themselves.
N-00093,ACC-1002,2024-08-30,Owen Trask,They cancelled the check-in an hour before. No reason given.
N-00094,ACC-1002,2024-09-19,Owen Trask,Touched base. They are heads down on their own roadmap right now.
N-00095,ACC-1002,2024-10-13,Owen Trask,Talked through a multi-year option. They want pricing.
N-00096,ACC-1002,2024-11-07,Owen Trask,Ran a refresher session on the reporting module for 4 of their people.
N-00097,ACC-1002,2024-11-22,Owen Trask,Exec sponsor confirmed budget is protected for next year.
N-00098,ACC-1002,2024-12-16,Owen Trask,Their CIO joined the call and reiterated this is a strategic system for them.
N-00099,ACC-1002,2024-12-31,Owen Trask,They asked what it would take to add 12 more seats.
N-00100,ACC-1002,2025-01-22,Owen Trask,Configuration drifted and nobody on their side owns it now.
N-00101,ACC-1002,2025-02-19,Owen Trask,Their CIO joined the call and reiterated this is a strategic system for them.
N-00102,ACC-1002,2025-03-14,Owen Trask,We got the integration working. Their team is back to normal.
N-00103,ACC-1002,2025-03-27,Owen Trask,Four unanswered emails. Going to try their admin.
N-00104,ACC-1002,2025-04-10,Owen Trask,Business review complete. Ingrid Nwosu called out time savings on their team.
N-00105,ACC-1002,2025-05-08,Owen Trask,We got the integration working. Their team is back to normal.
N-00106,ACC-1002,2025-06-03,Owen Trask,Exec sponsor confirmed budget is protected for next year.
N-00107,ACC-1002,2025-06-25,Owen Trask,"Heads up, Ingrid Nwosu is leaving at the end of the month. She was our main advocate here."
N-00108,ACC-1002,2025-07-08,Owen Trask,Monthly check-in. Nothing new to report.
N-00109,ACC-1002,2025-07-26,Owen Trask,Talked through a multi-year option. They want pricing.
N-00110,ACC-1002,2025-08-21,Owen Trask,New leadership reviewed the stack and kept us. Told me directly.
N-00111,ACC-1002,2025-09-16,Owen Trask,The the mobile app setup has never worked the way they expected.
N-00112,ACC-1002,2025-10-07,Owen Trask,QBR went well. They presented our numbers to their leadership.
N-00113,ACC-1002,2025-10-23,Owen Trask,We got the integration working. Their team is back to normal.
N-00114,ACC-1002,2025-11-10,Owen Trask,Interest in the bulk import for a team that is not on the contract yet.
N-00115,ACC-1002,2025-12-02,Owen Trask,"Heads up, Ingrid Nwosu is leaving at the end of the month. She was our main advocate here."
N-00116,ACC-1002,2026-01-01,Owen Trask,"Office hours session. 13 attendees, mostly questions about reporting."
N-00117,ACC-1002,2026-01-14,Owen Trask,"Ingrid Nwosu confirmed she is taking a role elsewhere. Asked her who to talk to, she was vague."
N-00118,ACC-1002,2026-01-31,Owen Trask,They cancelled the check-in an hour before. No reason given.
N-00119,ACC-1002,2026-02-22,Owen Trask,Ingrid Nwosu is on leave through Q4 and nobody was designated to cover the account.
N-00120,ACC-1003,2023-02-19,Brittney Cole,They included us in their annual planning conversation.
N-00121,ACC-1003,2023-03-09,Brittney Cole,Sent the usage summary. No acknowledgement.
N-00122,ACC-1003,2023-03-26,Brittney Cole,QBR went well. They presented our numbers to their leadership.
N-00123,ACC-1003,2023-04-25,Brittney Cole,Asked about the higher tier. Sending over details.
N-00124,ACC-1003,2023-05-07,Brittney Cole,Fix shipped. They tested it and closed the ticket themselves.
N-00125,ACC-1003,2023-05-27,Brittney Cole,Escalation closed out. They appreciated the follow-through.
N-00126,ACC-1003,2023-06-17,Brittney Cole,Third reschedule on the QBR. No new date proposed.
N-00127,ACC-1003,2023-07-16,Brittney Cole,Exec sponsor confirmed budget is protected for next year.
N-00128,ACC-1003,2023-08-06,Brittney Cole,We got the integration working. Their team is back to normal.
N-00129,ACC-1003,2023-08-28,Brittney Cole,Escalation closed out. They appreciated the follow-through.
N-00130,ACC-1003,2023-09-23,Brittney Cole,Escalation closed out. They appreciated the follow-through.
N-00131,ACC-1003,2023-10-19,Brittney Cole,No response in six weeks. Tried email and LinkedIn.
N-00132,ACC-1003,2023-11-16,Brittney Cole,Company-wide cost reduction effort. We are on the list being evaluated.
N-00133,ACC-1003,2023-12-02,Brittney Cole,Only 13 of their licensed seats logged in last month.
N-00134,ACC-1003,2023-12-18,Brittney Cole,They are paying for far more than they use and finance has started to notice.
N-00135,ACC-1003,2024-01-08,Brittney Cole,QBR went well. They presented our numbers to their leadership.
N-00136,ACC-1003,2024-01-25,Brittney Cole,"Office hours session. 7 attendees, mostly questions about reporting."
N-00137,ACC-1003,2024-02-13,Brittney Cole,Strong QBR. They want to talk about expanding to a second department.
N-00138,ACC-1003,2024-03-12,Brittney Cole,The the mobile app issue is resolved. Confirmed with their admin.
N-00139,ACC-1003,2024-03-31,Brittney Cole,Grant Chen was promoted and now owns a larger scope. Good for us.
N-00140,ACC-1003,2024-04-15,Brittney Cole,QBR went well. They presented our numbers to their leadership.
N-00141,ACC-1003,2024-05-13,Brittney Cole,Fix shipped. They tested it and closed the ticket themselves.
N-00142,ACC-1003,2024-05-28,Brittney Cole,Four unanswered emails. Going to try their admin.
N-00143,ACC-1003,2024-06-15,Brittney Cole,Quick sync with Grant Chen. Business as usual.
N-00144,ACC-1003,2024-07-01,Brittney Cole,Grant Chen stopped replying after the last pricing conversation.
N-00145,ACC-1003,2024-07-14,Brittney Cole,Login activity dropped off after the project lead changed. 5 active this month.
N-00146,ACC-1003,2024-08-03,Brittney Cole,Their second division reached out directly about getting access.
N-00147,ACC-1003,2024-08-18,Brittney Cole,Their CIO joined the call and reiterated this is a strategic system for them.
N-00148,ACC-1003,2024-09-15,Brittney Cole,Sent the usage summary. No acknowledgement.
N-00149,ACC-1003,2024-10-11,Brittney Cole,"Short call. Reviewed open items, nothing escalated."
N-00150,ACC-1003,2024-10-27,Brittney Cole,They included us in their annual planning conversation.
N-00151,ACC-1003,2024-11-19,Brittney Cole,Root cause shared with them. They were satisfied with the explanation.
N-00152,ACC-1003,2024-12-01,Brittney Cole,Their CIO joined the call and reiterated this is a strategic system for them.
N-00153,ACC-1003,2024-12-24,Brittney Cole,Four unanswered emails. Going to try their admin.
N-00154,ACC-1003,2025-01-12,Brittney Cole,Quick sync with Grant Chen. Business as usual.
N-00155,ACC-1003,2025-02-10,Brittney Cole,No response in six weeks. Tried email and LinkedIn.
N-00156,ACC-1003,2025-03-12,Brittney Cole,Delivered onboarding for the new hires on their team.
N-00157,ACC-1003,2025-03-26,Brittney Cole,Talked through a multi-year option. They want pricing.
N-00158,ACC-1003,2025-04-25,Brittney Cole,Interest in the mobile app for a team that is not on the contract yet.
N-00159,ACC-1003,2025-05-14,Brittney Cole,Strong QBR. They want to talk about expanding to a second department.
N-00160,ACC-1003,2025-06-09,Brittney Cole,Asked about the higher tier. Sending over details.
N-00161,ACC-1003,2025-06-23,Brittney Cole,Sent over the enablement material they asked for.
N-00162,ACC-1003,2025-07-07,Brittney Cole,Their CIO joined the call and reiterated this is a strategic system for them.
N-00163,ACC-1003,2025-07-20,Brittney Cole,Exec sponsor confirmed budget is protected for next year.
N-00164,ACC-1003,2025-08-08,Brittney Cole,Business review complete. Grant Chen called out time savings on their team.
N-00165,ACC-1003,2025-08-22,Brittney Cole,Fix shipped. They tested it and closed the ticket themselves.
N-00166,ACC-1003,2025-09-17,Brittney Cole,Went quiet after the escalation. Not sure who owns us there now.
N-00167,ACC-1003,2025-09-30,Brittney Cole,"Ran the numbers before the call. 7 active users, down from last quarter."
N-00168,ACC-1003,2025-10-19,Brittney Cole,Their procurement team has entered the conversation for the first time.
N-00169,ACC-1003,2025-11-14,Brittney Cole,Escalation closed out. They appreciated the follow-through.
N-00170,ACC-1003,2025-12-04,Brittney Cole,New leadership reviewed the stack and kept us. Told me directly.
N-00171,ACC-1003,2025-12-28,Brittney Cole,Standing check-in held. Team is steady.
N-00172,ACC-1003,2026-01-25,Brittney Cole,Reviewed the year. They are happy with where adoption landed.
N-00173,ACC-1003,2026-02-22,Brittney Cole,Ran a refresher session on the bulk import for 4 of their people.
N-00174,ACC-1003,2026-03-11,Brittney Cole,No response in six weeks. Tried email and LinkedIn.
N-00175,ACC-1003,2026-04-02,Brittney Cole,Their second division reached out directly about getting access.
N-00176,ACC-1003,2026-04-27,Brittney Cole,"Their CFO asked for a cost per user breakdown. Sent it, waiting."
N-00177,ACC-1003,2026-05-25,Brittney Cole,They cancelled the check-in an hour before. No reason given.
N-00178,ACC-1003,2026-06-11,Brittney Cole,Their CIO joined the call and reiterated this is a strategic system for them.
N-00179,ACC-1003,2026-07-07,Brittney Cole,Interest in role permissions for a team that is not on the contract yet.
N-00180,ACC-1003,2026-07-23,Brittney Cole,Sent over the enablement material they asked for.
N-00181,ACC-1003,2026-08-14,Brittney Cole,Quick sync with Grant Chen. Business as usual.
N-00182,ACC-1003,2026-08-29,Brittney Cole,Four unanswered emails. Going to try their admin.
N-00183,ACC-1004,2024-07-01,Nuala Byrne,New leadership reviewed the stack and kept us. Told me directly.
N-00184,ACC-1004,2024-07-17,Nuala Byrne,Their CIO joined the call and reiterated this is a strategic system for them.
N-00185,ACC-1004,2024-08-09,Nuala Byrne,Root cause shared with them. They were satisfied with the explanation.
N-00186,ACC-1004,2024-09-05,Nuala Byrne,Talked through a multi-year option. They want pricing.
N-00187,ACC-1004,2024-09-25,Nuala Byrne,Ran a refresher session on data retention for 10 of their people.
N-00188,ACC-1004,2024-10-20,Nuala Byrne,Brief call with the admin. No issues raised.
N-00189,ACC-1004,2024-11-04,Nuala Byrne,Interest in role permissions for a team that is not on the contract yet.
N-00190,ACC-1004,2024-11-19,Nuala Byrne,They are running a formal evaluation and we are one of three.
N-00191,ACC-1004,2024-12-09,Nuala Byrne,Interest in the alerting rules for a team that is not on the contract yet.
N-00192,ACC-1004,2025-01-07,Nuala Byrne,Good session. Their exec attended and was engaged.
N-00193,ACC-1004,2025-02-06,Nuala Byrne,We got the integration working. Their team is back to normal.
N-00194,ACC-1004,2025-02-25,Nuala Byrne,Fix shipped. They tested it and closed the ticket themselves.
N-00195,ACC-1004,2025-03-21,Nuala Byrne,New leadership reviewed the stack and kept us. Told me directly.
N-00196,ACC-1004,2025-04-02,Nuala Byrne,"Office hours session. 3 attendees, mostly questions about reporting."
N-00197,ACC-1004,2025-04-22,Nuala Byrne,Standing check-in held. Team is steady.
N-00198,ACC-1004,2025-05-20,Nuala Byrne,Their CIO joined the call and reiterated this is a strategic system for them.
N-00199,ACC-1004,2025-06-01,Nuala Byrne,Root cause shared with them. They were satisfied with the explanation.
N-00200,ACC-1004,2025-06-29,Nuala Byrne,Sent over the enablement material they asked for.
N-00201,ACC-1004,2025-07-18,Nuala Byrne,Ran a refresher session on role permissions for 7 of their people.
N-00202,ACC-1004,2025-08-11,Nuala Byrne,Sent over the enablement material they asked for.
N-00203,ACC-1004,2025-09-09,Nuala Byrne,New leadership reviewed the stack and kept us. Told me directly.
N-00204,ACC-1004,2025-09-28,Nuala Byrne,"Office hours session. 2 attendees, mostly questions about reporting."
N-00205,ACC-1004,2025-10-18,Nuala Byrne,Their procurement team has entered the conversation for the first time.
N-00206,ACC-1004,2025-11-09,Nuala Byrne,They included us in their annual planning conversation.
N-00207,ACC-1004,2025-12-09,Nuala Byrne,Walked their analysts through the Salesforce sync. Good engagement.
N-00208,ACC-1004,2025-12-21,Nuala Byrne,QBR went well. They presented our numbers to their leadership.
N-00209,ACC-1004,2026-01-09,Nuala Byrne,Talked through a multi-year option. They want pricing.
N-00210,ACC-1004,2026-01-30,Nuala Byrne,Came up that Helmsman has been in talking to their leadership.
N-00211,ACC-1004,2026-02-22,Nuala Byrne,Asked me how we compare to Nimbus Track. First time that has come up.
N-00212,ACC-1004,2026-03-12,Nuala Byrne,They asked whether we can do a shorter term or a smaller seat count.
N-00213,ACC-1004,2026-03-31,Nuala Byrne,Business review complete. Junko Nwosu called out time savings on their team.
N-00214,ACC-1005,2024-09-29,Nuala Byrne,Reviewed the year. They are happy with where adoption landed.
N-00215,ACC-1005,2024-10-27,Nuala Byrne,the reporting module is slow at their data volume and they have said so repeatedly.
N-00216,ACC-1005,2024-11-21,Nuala Byrne,They included us in their annual planning conversation.
N-00217,ACC-1005,2024-12-06,Nuala Byrne,The the bulk import issue is resolved. Confirmed with their admin.
N-00218,ACC-1005,2025-01-05,Nuala Byrne,SSO is slow at their data volume and they have said so repeatedly.
N-00219,ACC-1005,2025-01-25,Nuala Byrne,the mobile app is slow at their data volume and they have said so repeatedly.
N-00220,ACC-1005,2025-02-21,Nuala Byrne,Strong QBR. They want to talk about expanding to a second department.
N-00221,ACC-1005,2025-03-10,Nuala Byrne,Fix shipped. They tested it and closed the ticket themselves.
N-00222,ACC-1005,2025-03-29,Nuala Byrne,Delivered onboarding for the new hires on their team.
N-00223,ACC-1005,2025-04-10,Nuala Byrne,They do not have the internal engineering capacity to finish the integration.
N-00224,ACC-1005,2025-04-30,Nuala Byrne,They asked what it would take to add 5 more seats.
N-00225,ACC-1005,2025-05-20,Nuala Byrne,Talked through a multi-year option. They want pricing.
N-00226,ACC-1005,2025-06-18,Nuala Byrne,QBR went well. They presented our numbers to their leadership.
N-00227,ACC-1005,2025-07-06,Nuala Byrne,Felix Nakamura was promoted and now owns a larger scope. Good for us.
N-00228,ACC-1005,2025-08-03,Nuala Byrne,"Short call. Reviewed open items, nothing escalated."
N-00229,ACC-1005,2025-08-19,Nuala Byrne,Reviewed the year. They are happy with where adoption landed.
N-00230,ACC-1005,2025-09-05,Nuala Byrne,Escalation closed out. They appreciated the follow-through.
N-00231,ACC-1005,2025-09-29,Nuala Byrne,Sync failures every week. Their admin is the one absorbing the pain.
N-00232,ACC-1005,2025-10-16,Nuala Byrne,Fix shipped. They tested it and closed the ticket themselves.
N-00233,ACC-1005,2025-11-02,Nuala Byrne,We got the integration working. Their team is back to normal.
N-00234,ACC-1005,2025-11-26,Nuala Byrne,Touched base. They are heads down on their own roadmap right now.
N-00235,ACC-1005,2025-12-20,Nuala Byrne,Escalation closed out. They appreciated the follow-through.
N-00236,ACC-1005,2026-01-17,Nuala Byrne,Escalation closed out. They appreciated the follow-through.
N-00237,ACC-1005,2026-02-15,Nuala Byrne,Sent over the enablement material they asked for.
N-00238,ACC-1005,2026-03-13,Nuala Byrne,Exec sponsor confirmed budget is protected for next year.
N-00239,ACC-1005,2026-04-11,Nuala Byrne,Migration off their legacy system stalled. We are stuck waiting.
N-00240,ACC-1005,2026-05-01,Nuala Byrne,Their the mobile app integration broke again during their data load.
N-00241,ACC-1005,2026-05-28,Nuala Byrne,Their second division reached out directly about getting access.
N-00242,ACC-1005,2026-06-22,Nuala Byrne,Standing check-in held. Team is steady.
N-00243,ACC-1005,2026-07-21,Nuala Byrne,We got the integration working. Their team is back to normal.
N-00244,ACC-1005,2026-08-04,Nuala Byrne,Root cause shared with them. They were satisfied with the explanation.
N-00245,ACC-1005,2026-09-02,Nuala Byrne,Quick sync with Felix Nakamura. Business as usual.
N-00246,ACC-1006,2023-01-13,Owen Trask,Ran a refresher session on SSO for 3 of their people.
N-00247,ACC-1006,2023-02-03,Owen Trask,We got the integration working. Their team is back to normal.
N-00248,ACC-1006,2023-02-19,Owen Trask,Reopened the issue with dashboards. Their patience is visibly thin.
N-00249,ACC-1006,2023-03-18,Owen Trask,They asked what it would take to add 14 more seats.
N-00250,ACC-1006,2023-04-03,Owen Trask,Data quality issues on their side keep surfacing as complaints about us.
N-00251,ACC-1006,2023-04-23,Owen Trask,Monthly check-in. Nothing new to report.
N-00252,ACC-1006,2023-05-19,Owen Trask,Quick sync with Erin Ferreira. Business as usual.
N-00253,ACC-1006,2023-06-06,Owen Trask,Escalation closed out. They appreciated the follow-through.
N-00254,ACC-1006,2023-06-19,Owen Trask,New leadership reviewed the stack and kept us. Told me directly.
N-00255,ACC-1006,2023-07-10,Owen Trask,Brief call with the admin. No issues raised.
N-00256,ACC-1006,2023-08-04,Owen Trask,Walked their analysts through role permissions. Good engagement.
N-00257,ACC-1006,2023-08-23,Owen Trask,Layoffs on their side. Seat count is going to come down at renewal.
N-00258,ACC-1006,2023-09-15,Owen Trask,Delivered onboarding for the new hires on their team.
N-00259,ACC-1006,2023-10-07,Owen Trask,The the mobile app issue is resolved. Confirmed with their admin.
N-00260,ACC-1006,2023-10-23,Owen Trask,Quick sync with Erin Ferreira. Business as usual.
N-00261,ACC-1006,2023-11-21,Owen Trask,Reviewed the year. They are happy with where adoption landed.
N-00262,ACC-1006,2023-12-15,Owen Trask,Walked their analysts through the Salesforce sync. Good engagement.
N-00263,ACC-1006,2024-01-10,Owen Trask,Exec sponsor confirmed budget is protected for next year.
N-00264,ACC-1006,2024-02-08,Owen Trask,We got the integration working. Their team is back to normal.
N-00265,ACC-1006,2024-02-25,Owen Trask,Outage during their peak week. They want a written explanation.
N-00266,ACC-1006,2024-03-19,Owen Trask,Root cause shared with them. They were satisfied with the explanation.
N-00267,ACC-1006,2024-04-11,Owen Trask,Walked their analysts through the alerting rules. Good engagement.
N-00268,ACC-1006,2024-04-29,Owen Trask,Asked about the higher tier. Sending over details.
N-00269,ACC-1006,2024-05-21,Owen Trask,QBR went well. They presented our numbers to their leadership.
N-00270,ACC-1006,2024-06-04,Owen Trask,Third follow-up from them on the same defect. Getting hard to defend.
N-00271,ACC-1006,2024-07-01,Owen Trask,Standing check-in held. Team is steady.
N-00272,ACC-1006,2024-07-31,Owen Trask,Business review complete. Erin Ferreira called out time savings on their team.
N-00273,ACC-1006,2024-08-27,Owen Trask,"Short call. Reviewed open items, nothing escalated."
N-00274,ACC-1006,2024-09-21,Owen Trask,The the alerting rules issue is resolved. Confirmed with their admin.
N-00275,ACC-1006,2024-10-05,Owen Trask,Quick sync with Erin Ferreira. Business as usual.
N-00276,ACC-1006,2024-10-24,Owen Trask,Delivered onboarding for the new hires on their team.
N-00277,ACC-1006,2024-11-10,Owen Trask,Exec sponsor confirmed budget is protected for next year.
N-00278,ACC-1006,2024-12-06,Owen Trask,They asked what it would take to add 10 more seats.
N-00279,ACC-1006,2024-12-30,Owen Trask,Fix shipped. They tested it and closed the ticket themselves.
N-00280,ACC-1006,2025-01-28,Owen Trask,Strong QBR. They want to talk about expanding to a second department.
N-00281,ACC-1006,2025-02-19,Owen Trask,New leadership reviewed the stack and kept us. Told me directly.
N-00282,ACC-1006,2025-03-20,Owen Trask,Strong QBR. They want to talk about expanding to a second department.
N-00283,ACC-1006,2025-04-01,Owen Trask,Good session. Their exec attended and was engaged.
N-00284,ACC-1006,2025-04-22,Owen Trask,They are frustrated. the reporting module broke again during their month-end close.
N-00285,ACC-1006,2025-05-12,Owen Trask,New leadership reviewed the stack and kept us. Told me directly.
N-00286,ACC-1006,2025-06-07,Owen Trask,Support ticket has been open since before the last QBR. No engineering ETA.
N-00287,ACC-1006,2025-06-26,Owen Trask,Came up that an in-house build has been in talking to their leadership.
N-00288,ACC-1006,2025-07-10,Owen Trask,Interest in data retention for a team that is not on the contract yet.
N-00289,ACC-1006,2025-07-31,Owen Trask,Data quality issues on their side keep surfacing as complaints about us.
N-00290,ACC-1007,2025-12-22,Owen Trask,We got the integration working. Their team is back to normal.
N-00291,ACC-1007,2026-01-04,Owen Trask,Hector Achterberg was promoted and now owns a larger scope. Good for us.
N-00292,ACC-1007,2026-01-23,Owen Trask,Nobody outside the original two users has touched data retention since onboarding.
N-00293,ACC-1007,2026-02-20,Owen Trask,Found out Hector Achterberg put in notice. Trying to get introduced to whoever picks this up.
N-00294,ACC-1007,2026-03-14,Owen Trask,Only 3 of their licensed seats logged in last month.
N-00295,ACC-1007,2026-04-07,Owen Trask,They bought for the whole department but adoption never left the pilot team.
N-00296,ACC-1007,2026-04-25,Owen Trask,They are paying for far more than they use and finance has started to notice.
N-00297,ACC-1007,2026-05-23,Owen Trask,Their IT team is blocking the SSO change we need for rollout.
N-00298,ACC-1008,2023-08-18,Owen Trask,Business review complete. Bianca Doyle called out time savings on their team.
N-00299,ACC-1008,2023-08-30,Owen Trask,Walked their analysts through data retention. Good engagement.
N-00300,ACC-1008,2023-09-25,Owen Trask,New VP came in over Bianca Doyle's team and is reviewing all vendor relationships.
N-00301,ACC-1008,2023-10-09,Owen Trask,New VP came in over Bianca Doyle's team and is reviewing all vendor relationships.
N-00302,ACC-1008,2023-10-31,Owen Trask,Touched base. They are heads down on their own roadmap right now.
N-00303,ACC-1008,2023-11-22,Owen Trask,Bianca Doyle was promoted and now owns a larger scope. Good for us.
N-00304,ACC-1008,2023-12-12,Owen Trask,Bianca Doyle was promoted and now owns a larger scope. Good for us.
N-00305,ACC-1008,2024-01-09,Owen Trask,"Heads up, Bianca Doyle is leaving at the end of the month. She was our main advocate here."
N-00306,ACC-1008,2024-01-29,Owen Trask,Bianca Doyle has moved to a different company. No replacement named yet.
N-00307,ACC-1008,2024-02-21,Owen Trask,Touched base. They are heads down on their own roadmap right now.
N-00308,ACC-1008,2024-03-20,Owen Trask,Touched base. They are heads down on their own roadmap right now.
N-00309,ACC-1008,2024-04-03,Owen Trask,Exec sponsor confirmed budget is protected for next year.
N-00310,ACC-1008,2024-05-01,Owen Trask,Their second division reached out directly about getting access.
N-00311,ACC-1008,2024-05-24,Owen Trask,Business review complete. Bianca Doyle called out time savings on their team.
N-00312,ACC-1008,2024-06-13,Owen Trask,Standing check-in held. Team is steady.
N-00313,ACC-1008,2024-07-05,Owen Trask,Fix shipped. They tested it and closed the ticket themselves.
N-00314,ACC-1008,2024-07-24,Owen Trask,Bianca Doyle was promoted and now owns a larger scope. Good for us.
N-00315,ACC-1008,2024-08-15,Owen Trask,Delivered onboarding for the new hires on their team.
N-00316,ACC-1008,2024-09-02,Owen Trask,Good session. Their exec attended and was engaged.
N-00317,ACC-1008,2024-09-18,Owen Trask,Bianca Doyle was promoted and now owns a larger scope. Good for us.
N-00318,ACC-1008,2024-10-17,Owen Trask,Quick sync with Bianca Doyle. Business as usual.
N-00319,ACC-1008,2024-10-29,Owen Trask,Their second division reached out directly about getting access.
N-00320,ACC-1008,2024-11-18,Owen Trask,Bianca Doyle has moved to a different company. No replacement named yet.
N-00321,ACC-1008,2024-12-08,Owen Trask,Bianca Doyle was promoted and now owns a larger scope. Good for us.
N-00322,ACC-1008,2024-12-20,Owen Trask,We got the integration working. Their team is back to normal.
N-00323,ACC-1008,2025-01-16,Owen Trask,Business review complete. Bianca Doyle called out time savings on their team.
N-00324,ACC-1008,2025-02-01,Owen Trask,"Heads up, Bianca Doyle is leaving at the end of the month. She was our main advocate here."
N-00325,ACC-1008,2025-02-26,Owen Trask,Fix shipped. They tested it and closed the ticket themselves.
N-00326,ACC-1008,2025-03-24,Owen Trask,Talked through a multi-year option. They want pricing.
N-00327,ACC-1008,2025-04-17,Owen Trask,Exec sponsor confirmed budget is protected for next year.
N-00328,ACC-1008,2025-05-17,Owen Trask,Their CIO joined the call and reiterated this is a strategic system for them.
N-00329,ACC-1008,2025-05-30,Owen Trask,Sent over the enablement material they asked for.
N-00330,ACC-1008,2025-06-23,Owen Trask,The dashboards issue is resolved. Confirmed with their admin.
N-00331,ACC-1008,2025-07-17,Owen Trask,Reviewed the year. They are happy with where adoption landed.
N-00332,ACC-1008,2025-07-30,Owen Trask,"Office hours session. 13 attendees, mostly questions about reporting."
N-00333,ACC-1008,2025-08-27,Owen Trask,Bianca Doyle is on leave through Q4 and nobody was designated to cover the account.
N-00334,ACC-1008,2025-09-08,Owen Trask,"Their new director does not know who we are. Sent an intro note, no reply yet."
N-00335,ACC-1008,2025-09-25,Owen Trask,Monthly check-in. Nothing new to report.
N-00336,ACC-1008,2025-10-18,Owen Trask,Four unanswered emails. Going to try their admin.
N-00337,ACC-1008,2025-11-11,Owen Trask,Our sponsor Bianca Doyle was reorged out of the function. Starting over on relationship mapping.
N-00338,ACC-1008,2025-11-28,Owen Trask,"Short call. Reviewed open items, nothing escalated."
N-00339,ACC-1008,2025-12-24,Owen Trask,Bianca Doyle has moved to a different company. No replacement named yet.
N-00340,ACC-1008,2026-01-13,Owen Trask,They skipped the business review entirely this cycle.
N-00341,ACC-1009,2023-10-19,Brittney Cole,They asked what it would take to add 10 more seats.
N-00342,ACC-1009,2023-11-08,Brittney Cole,Felix Vasquez was promoted and now owns a larger scope. Good for us.
N-00343,ACC-1009,2023-11-21,Brittney Cole,Quick sync with Felix Vasquez. Business as usual.
N-00344,ACC-1009,2023-12-12,Brittney Cole,Monthly check-in. Nothing new to report.
N-00345,ACC-1009,2023-12-29,Brittney Cole,New leadership reviewed the stack and kept us. Told me directly.
N-00346,ACC-1009,2024-01-28,Brittney Cole,Monthly check-in. Nothing new to report.
N-00347,ACC-1009,2024-02-21,Brittney Cole,Asked about the higher tier. Sending over details.
N-00348,ACC-1009,2024-03-08,Brittney Cole,Strong QBR. They want to talk about expanding to a second department.
N-00349,ACC-1009,2024-03-26,Brittney Cole,Standing check-in held. Team is steady.
N-00350,ACC-1009,2024-04-16,Brittney Cole,Strong QBR. They want to talk about expanding to a second department.
N-00351,ACC-1009,2024-05-16,Brittney Cole,We got the integration working. Their team is back to normal.
N-00352,ACC-1009,2024-06-04,Brittney Cole,Ran a refresher session on the reporting module for 9 of their people.
N-00353,ACC-1009,2024-06-19,Brittney Cole,Sent over the enablement material they asked for.
N-00354,ACC-1009,2024-07-11,Brittney Cole,Fix shipped. They tested it and closed the ticket themselves.
N-00355,ACC-1009,2024-08-01,Brittney Cole,Touched base. They are heads down on their own roadmap right now.
N-00356,ACC-1009,2024-08-23,Brittney Cole,Brief call with the admin. No issues raised.
N-00357,ACC-1009,2024-09-22,Brittney Cole,Quick sync with Felix Vasquez. Business as usual.
N-00358,ACC-1009,2024-10-19,Brittney Cole,Brief call with the admin. No issues raised.
N-00359,ACC-1009,2024-11-14,Brittney Cole,They included us in their annual planning conversation.
N-00360,ACC-1009,2024-11-27,Brittney Cole,Good session. Their exec attended and was engaged.
N-00361,ACC-1009,2024-12-09,Brittney Cole,Escalation closed out. They appreciated the follow-through.
N-00362,ACC-1009,2024-12-29,Brittney Cole,Reviewed the year. They are happy with where adoption landed.
N-00363,ACC-1009,2025-01-22,Brittney Cole,Touched base. They are heads down on their own roadmap right now.
N-00364,ACC-1009,2025-02-16,Brittney Cole,Walked their analysts through dashboards. Good engagement.
N-00365,ACC-1009,2025-03-16,Brittney Cole,Touched base. They are heads down on their own roadmap right now.
N-00366,ACC-1009,2025-04-11,Brittney Cole,Asked about the higher tier. Sending over details.
N-00367,ACC-1009,2025-05-08,Brittney Cole,They included us in their annual planning conversation.
N-00368,ACC-1009,2025-05-23,Brittney Cole,Felix Vasquez was promoted and now owns a larger scope. Good for us.
N-00369,ACC-1009,2025-06-16,Brittney Cole,Their CIO joined the call and reiterated this is a strategic system for them.
N-00370,ACC-1009,2025-06-30,Brittney Cole,Monthly check-in. Nothing new to report.
N-00371,ACC-1009,2025-07-21,Brittney Cole,Walked their analysts through the bulk import. Good engagement.
N-00372,ACC-1009,2025-08-10,Brittney Cole,They asked what it would take to add 4 more seats.
N-00373,ACC-1009,2025-08-30,Brittney Cole,New leadership reviewed the stack and kept us. Told me directly.
N-00374,ACC-1009,2025-09-22,Brittney Cole,Business review complete. Felix Vasquez called out time savings on their team.
N-00375,ACC-1009,2025-10-09,Brittney Cole,They included us in their annual planning conversation.
N-00376,ACC-1009,2025-10-21,Brittney Cole,The role permissions issue is resolved. Confirmed with their admin.
N-00377,ACC-1009,2025-11-04,Brittney Cole,Sent over the enablement material they asked for.
N-00378,ACC-1009,2025-11-25,Brittney Cole,Sent over the enablement material they asked for.
N-00379,ACC-1009,2025-12-11,Brittney Cole,We got the integration working. Their team is back to normal.
N-00380,ACC-1009,2026-01-06,Brittney Cole,Delivered onboarding for the new hires on their team.
N-00381,ACC-1009,2026-01-23,Brittney Cole,Escalation closed out. They appreciated the follow-through.
N-00382,ACC-1009,2026-02-04,Brittney Cole,Touched base. They are heads down on their own roadmap right now.
N-00383,ACC-1009,2026-02-25,Brittney Cole,New leadership reviewed the stack and kept us. Told me directly.
N-00384,ACC-1009,2026-03-21,Brittney Cole,Touched base. They are heads down on their own roadmap right now.
N-00385,ACC-1009,2026-04-16,Brittney Cole,Interest in the alerting rules for a team that is not on the contract yet.
N-00386,ACC-1009,2026-05-13,Brittney Cole,Business review complete. Felix Vasquez called out time savings on their team.
N-00387,ACC-1009,2026-06-04,Brittney Cole,Delivered onboarding for the new hires on their team.
N-00388,ACC-1009,2026-06-19,Brittney Cole,Talked through a multi-year option. They want pricing.
N-00389,ACC-1009,2026-07-10,Brittney Cole,Standing check-in held. Team is steady.
N-00390,ACC-1009,2026-08-03,Brittney Cole,The the bulk import issue is resolved. Confirmed with their admin.
N-00391,ACC-1009,2026-09-02,Brittney Cole,The SSO issue is resolved. Confirmed with their admin.
N-00392,ACC-1010,2024-11-11,Owen Trask,Escalation closed out. They appreciated the follow-through.
N-00393,ACC-1010,2024-12-02,Owen Trask,Talked through a multi-year option. They want pricing.
N-00394,ACC-1010,2024-12-30,Owen Trask,Walked their analysts through the mobile app. Good engagement.
N-00395,ACC-1010,2025-01-12,Owen Trask,They included us in their annual planning conversation.
N-00396,ACC-1010,2025-01-31,Owen Trask,Exec sponsor confirmed budget is protected for next year.
N-00397,ACC-1010,2025-02-24,Owen Trask,Delivered onboarding for the new hires on their team.
N-00398,ACC-1010,2025-03-25,Owen Trask,Reviewed the year. They are happy with where adoption landed.
N-00399,ACC-1010,2025-04-10,Owen Trask,Brief call with the admin. No issues raised.
N-00400,ACC-1010,2025-05-07,Owen Trask,Ran a refresher session on role permissions for 9 of their people.
N-00401,ACC-1010,2025-06-01,Owen Trask,Asked about the higher tier. Sending over details.
N-00402,ACC-1010,2025-06-25,Owen Trask,"Office hours session. 9 attendees, mostly questions about reporting."
N-00403,ACC-1010,2025-07-14,Owen Trask,Reviewed the year. They are happy with where adoption landed.
N-00404,ACC-1010,2025-08-13,Owen Trask,QBR went well. They presented our numbers to their leadership.
N-00405,ACC-1010,2025-09-10,Owen Trask,Reviewed the year. They are happy with where adoption landed.
N-00406,ACC-1010,2025-09-24,Owen Trask,The data retention issue is resolved. Confirmed with their admin.
N-00407,ACC-1010,2025-10-16,Owen Trask,"Short call. Reviewed open items, nothing escalated."
N-00408,ACC-1010,2025-11-15,Owen Trask,Talked through a multi-year option. They want pricing.
N-00409,ACC-1010,2025-11-28,Owen Trask,They included us in their annual planning conversation.
N-00410,ACC-1010,2025-12-25,Owen Trask,Their CIO joined the call and reiterated this is a strategic system for them.
N-00411,ACC-1010,2026-01-15,Owen Trask,Sent over the enablement material they asked for.
N-00412,ACC-1010,2026-01-31,Owen Trask,Strong QBR. They want to talk about expanding to a second department.
N-00413,ACC-1010,2026-02-17,Owen Trask,Fix shipped. They tested it and closed the ticket themselves.
N-00414,ACC-1010,2026-03-06,Owen Trask,Fix shipped. They tested it and closed the ticket themselves.
N-00415,ACC-1010,2026-04-03,Owen Trask,QBR went well. They presented our numbers to their leadership.
N-00416,ACC-1010,2026-04-30,Owen Trask,Their second division reached out directly about getting access.
N-00417,ACC-1010,2026-05-17,Owen Trask,Escalation closed out. They appreciated the follow-through.
N-00418,ACC-1010,2026-06-01,Owen Trask,Their second division reached out directly about getting access.
N-00419,ACC-1010,2026-06-30,Owen Trask,We got the integration working. Their team is back to normal.
N-00420,ACC-1010,2026-07-28,Owen Trask,Touched base. They are heads down on their own roadmap right now.
N-00421,ACC-1010,2026-08-19,Owen Trask,The the alerting rules issue is resolved. Confirmed with their admin.
N-00422,ACC-1010,2026-09-11,Owen Trask,Asked about the higher tier. Sending over details.
N-00423,ACC-1011,2023-09-16,Shairyar Khan,Sent over the enablement material they asked for.
N-00424,ACC-1011,2023-10-03,Shairyar Khan,The the reporting module issue is resolved. Confirmed with their admin.
N-00425,ACC-1011,2023-10-18,Shairyar Khan,Business review complete. Anya Stroud called out time savings on their team.
N-00426,ACC-1011,2023-10-31,Shairyar Khan,Still waiting on the fix for data retention. This has been open for weeks.
N-00427,ACC-1011,2023-11-15,Shairyar Khan,Root cause shared with them. They were satisfied with the explanation.
N-00428,ACC-1011,2023-12-15,Shairyar Khan,The dashboards issue is resolved. Confirmed with their admin.
N-00429,ACC-1011,2024-01-10,Shairyar Khan,We got the integration working. Their team is back to normal.
N-00430,ACC-1011,2024-02-01,Shairyar Khan,Support ticket has been open since before the last QBR. No engineering ETA.
N-00431,ACC-1011,2024-02-23,Shairyar Khan,Business review complete. Anya Stroud called out time savings on their team.
N-00432,ACC-1011,2024-03-12,Shairyar Khan,We got the integration working. Their team is back to normal.
N-00433,ACC-1011,2024-04-06,Shairyar Khan,Outage during their peak week. They want a written explanation.
N-00434,ACC-1011,2024-04-20,Shairyar Khan,They skipped the business review entirely this cycle.
N-00435,ACC-1011,2024-05-02,Shairyar Khan,Business review complete. Anya Stroud called out time savings on their team.
N-00436,ACC-1011,2024-05-14,Shairyar Khan,Their second division reached out directly about getting access.
N-00437,ACC-1011,2024-05-28,Shairyar Khan,We got the integration working. Their team is back to normal.
N-00438,ACC-1011,2024-06-20,Shairyar Khan,Brief call with the admin. No issues raised.
N-00439,ACC-1011,2024-07-12,Shairyar Khan,Sent the usage summary. No acknowledgement.
N-00440,ACC-1011,2024-07-25,Shairyar Khan,Reviewed the year. They are happy with where adoption landed.
N-00441,ACC-1011,2024-08-08,Shairyar Khan,Delivered onboarding for the new hires on their team.
N-00442,ACC-1011,2024-09-07,Shairyar Khan,No response in six weeks. Tried email and LinkedIn.
N-00443,ACC-1011,2024-10-03,Shairyar Khan,Escalation closed out. They appreciated the follow-through.
N-00444,ACC-1011,2024-10-16,Shairyar Khan,Root cause shared with them. They were satisfied with the explanation.
N-00445,ACC-1011,2024-11-15,Shairyar Khan,Still waiting on the fix for the Salesforce sync. This has been open for weeks.
N-00446,ACC-1011,2024-11-27,Shairyar Khan,Quick sync with Anya Stroud. Business as usual.
N-00447,ACC-1011,2024-12-10,Shairyar Khan,"Short call. Reviewed open items, nothing escalated."
N-00448,ACC-1011,2024-12-25,Shairyar Khan,Escalation on role permissions is not moving. They asked for a timeline and I do not have one.
N-00449,ACC-1011,2025-01-18,Shairyar Khan,New leadership reviewed the stack and kept us. Told me directly.
N-00450,ACC-1011,2025-02-05,Shairyar Khan,QBR went well. They presented our numbers to their leadership.
N-00451,ACC-1011,2025-03-02,Shairyar Khan,Four unanswered emails. Going to try their admin.
N-00452,ACC-1011,2025-04-01,Shairyar Khan,The workaround we gave them for SSO stopped working.
N-00453,ACC-1011,2025-04-28,Shairyar Khan,Third follow-up from them on the same defect. Getting hard to defend.
N-00454,ACC-1011,2025-05-23,Shairyar Khan,Interest in SSO for a team that is not on the contract yet.
N-00455,ACC-1011,2025-06-12,Shairyar Khan,Sent over the enablement material they asked for.
N-00456,ACC-1011,2025-07-09,Shairyar Khan,Escalation closed out. They appreciated the follow-through.
N-00457,ACC-1011,2025-08-07,Shairyar Khan,Promised a fix date last month and we missed it. Had to tell them today.
N-00458,ACC-1011,2025-09-05,Shairyar Khan,Fix shipped. They tested it and closed the ticket themselves.
N-00459,ACC-1011,2025-09-20,Shairyar Khan,Their second division reached out directly about getting access.
N-00460,ACC-1011,2025-10-03,Shairyar Khan,Sent the usage summary. No acknowledgement.
N-00461,ACC-1011,2025-10-25,Shairyar Khan,They asked what it would take to add 10 more seats.
N-00462,ACC-1011,2025-11-11,Shairyar Khan,Outage during their peak week. They want a written explanation.
N-00463,ACC-1011,2025-12-07,Shairyar Khan,Walked their analysts through the API. Good engagement.
N-00464,ACC-1011,2025-12-26,Shairyar Khan,Have not been able to get anyone on a call since the summer.
N-00465,ACC-1011,2026-01-22,Shairyar Khan,We got the integration working. Their team is back to normal.
N-00466,ACC-1011,2026-02-17,Shairyar Khan,They cancelled the check-in an hour before. No reason given.
N-00467,ACC-1011,2026-03-12,Shairyar Khan,Fix shipped. They tested it and closed the ticket themselves.
N-00468,ACC-1011,2026-04-01,Shairyar Khan,They skipped the business review entirely this cycle.
N-00469,ACC-1011,2026-04-23,Shairyar Khan,Went quiet after the escalation. Not sure who owns us there now.
N-00470,ACC-1011,2026-05-23,Shairyar Khan,"Short call. Reviewed open items, nothing escalated."
N-00471,ACC-1011,2026-06-19,Shairyar Khan,We got the integration working. Their team is back to normal.
N-00472,ACC-1011,2026-07-14,Shairyar Khan,Anya Stroud was promoted and now owns a larger scope. Good for us.
N-00473,ACC-1011,2026-07-27,Shairyar Khan,Their CIO joined the call and reiterated this is a strategic system for them.
N-00474,ACC-1011,2026-08-23,Shairyar Khan,"Short call. Reviewed open items, nothing escalated."
N-00475,ACC-1012,2025-04-09,Nuala Byrne,Escalation closed out. They appreciated the follow-through.
N-00476,ACC-1012,2025-05-06,Nuala Byrne,We got the integration working. Their team is back to normal.
N-00477,ACC-1012,2025-05-22,Nuala Byrne,Reviewed the year. They are happy with where adoption landed.
N-00478,ACC-1012,2025-06-13,Nuala Byrne,Good session. Their exec attended and was engaged.
N-00479,ACC-1012,2025-07-05,Nuala Byrne,Escalation closed out. They appreciated the follow-through.
N-00480,ACC-1012,2025-07-28,Nuala Byrne,Escalation closed out. They appreciated the follow-through.
N-00481,ACC-1012,2025-08-11,Nuala Byrne,Walked their analysts through the alerting rules. Good engagement.
N-00482,ACC-1012,2025-09-07,Nuala Byrne,Fix shipped. They tested it and closed the ticket themselves.
N-00483,ACC-1012,2025-09-27,Nuala Byrne,Monthly check-in. Nothing new to report.
N-00484,ACC-1012,2025-10-24,Nuala Byrne,Asked about the higher tier. Sending over details.
N-00485,ACC-1012,2025-11-16,Nuala Byrne,Quick sync with Yusuf Lindqvist. Business as usual.
N-00486,ACC-1012,2025-12-10,Nuala Byrne,Monthly check-in. Nothing new to report.
N-00487,ACC-1012,2025-12-26,Nuala Byrne,Their CIO joined the call and reiterated this is a strategic system for them.
N-00488,ACC-1012,2026-01-24,Nuala Byrne,Their second division reached out directly about getting access.
N-00489,ACC-1012,2026-02-07,Nuala Byrne,Four unanswered emails. Going to try their admin.
N-00490,ACC-1012,2026-03-01,Nuala Byrne,Asked about the higher tier. Sending over details.
N-00491,ACC-1012,2026-03-31,Nuala Byrne,They do not have the internal engineering capacity to finish the integration.
N-00492,ACC-1012,2026-04-23,Nuala Byrne,Quick sync with Yusuf Lindqvist. Business as usual.
N-00493,ACC-1012,2026-05-10,Nuala Byrne,Root cause shared with them. They were satisfied with the explanation.
N-00494,ACC-1012,2026-05-26,Nuala Byrne,Third reschedule on the QBR. No new date proposed.
N-00495,ACC-1012,2026-06-21,Nuala Byrne,Root cause shared with them. They were satisfied with the explanation.
N-00496,ACC-1012,2026-07-07,Nuala Byrne,Sent over the enablement material they asked for.
N-00497,ACC-1012,2026-07-31,Nuala Byrne,Talked through a multi-year option. They want pricing.
N-00498,ACC-1012,2026-08-29,Nuala Byrne,Escalation closed out. They appreciated the follow-through.
N-00499,ACC-1013,2025-01-10,Nuala Byrne,We got the integration working. Their team is back to normal.
N-00500,ACC-1013,2025-02-08,Nuala Byrne,They want us to match a workflow that our product does not support.
N-00501,ACC-1013,2025-02-22,Nuala Byrne,Sent over the enablement material they asked for.
N-00502,ACC-1013,2025-03-06,Nuala Byrne,Came up that an in-house build has been in talking to their leadership.
N-00503,ACC-1013,2025-03-28,Nuala Byrne,Brief call with the admin. No issues raised.
N-00504,ACC-1013,2025-04-22,Nuala Byrne,Strong QBR. They want to talk about expanding to a second department.
N-00505,ACC-1013,2025-05-21,Nuala Byrne,Requested a feature comparison against a spreadsheet-based process. Sent one.
N-00506,ACC-1013,2025-06-15,Nuala Byrne,New leadership reviewed the stack and kept us. Told me directly.
N-00507,ACC-1013,2025-07-06,Nuala Byrne,QBR went well. They presented our numbers to their leadership.
N-00508,ACC-1013,2025-07-31,Nuala Byrne,Sent over the enablement material they asked for.
N-00509,ACC-1013,2025-08-16,Nuala Byrne,They are running a formal evaluation and we are one of three.
N-00510,ACC-1013,2025-09-15,Nuala Byrne,Interest in the reporting module for a team that is not on the contract yet.
N-00511,ACC-1013,2025-10-05,Nuala Byrne,We got the integration working. Their team is back to normal.
N-00512,ACC-1013,2025-10-22,Nuala Byrne,Ran a refresher session on dashboards for 9 of their people.
N-00513,ACC-1013,2025-11-05,Nuala Byrne,Asked about the higher tier. Sending over details.
N-00514,ACC-1013,2025-12-02,Nuala Byrne,Good session. Their exec attended and was engaged.
N-00515,ACC-1013,2026-01-01,Nuala Byrne,They are considering consolidating onto Helmsman as part of a platform play.
N-00516,ACC-1013,2026-01-14,Nuala Byrne,Heard secondhand that Lattitude gave them aggressive pricing.
N-00517,ACC-1013,2026-02-11,Nuala Byrne,Fix shipped. They tested it and closed the ticket themselves.
N-00518,ACC-1013,2026-02-28,Nuala Byrne,Escalation closed out. They appreciated the follow-through.
N-00519,ACC-1013,2026-03-29,Nuala Byrne,Quick sync with Dmitri Kaminski. Business as usual.
N-00520,ACC-1013,2026-04-25,Nuala Byrne,Ran a refresher session on SSO for 10 of their people.
N-00521,ACC-1013,2026-05-14,Nuala Byrne,New leadership reviewed the stack and kept us. Told me directly.
N-00522,ACC-1013,2026-05-28,Nuala Byrne,Their the mobile app integration broke again during their data load.
N-00523,ACC-1013,2026-06-20,Nuala Byrne,Their team has been evaluating Orderly for two months and did not tell us.
N-00524,ACC-1013,2026-07-11,Nuala Byrne,The SSO setup has never worked the way they expected.
N-00525,ACC-1013,2026-07-30,Nuala Byrne,The the API issue is resolved. Confirmed with their admin.
N-00526,ACC-1013,2026-08-11,Nuala Byrne,Quick sync with Dmitri Kaminski. Business as usual.
N-00527,ACC-1013,2026-09-08,Nuala Byrne,QBR went well. They presented our numbers to their leadership.
N-00528,ACC-1014,2024-03-08,Brittney Cole,Escalation closed out. They appreciated the follow-through.
N-00529,ACC-1014,2024-03-28,Brittney Cole,Sent over the enablement material they asked for.
N-00530,ACC-1014,2024-04-11,Brittney Cole,Configuration drifted and nobody on their side owns it now.
N-00531,ACC-1014,2024-04-28,Brittney Cole,The the alerting rules issue is resolved. Confirmed with their admin.
N-00532,ACC-1014,2024-05-25,Brittney Cole,They asked what it would take to add 8 more seats.
N-00533,ACC-1014,2024-06-19,Brittney Cole,They want us to match a workflow that our product does not support.
N-00534,ACC-1014,2024-07-15,Brittney Cole,Migration off their legacy system stalled. We are stuck waiting.
N-00535,ACC-1014,2024-07-28,Brittney Cole,Erin Abbott has moved to a different company. No replacement named yet.
N-00536,ACC-1014,2024-08-18,Brittney Cole,Sent over the enablement material they asked for.
N-00537,ACC-1014,2024-09-05,Brittney Cole,Talked through a multi-year option. They want pricing.
N-00538,ACC-1014,2024-10-02,Brittney Cole,Their CIO joined the call and reiterated this is a strategic system for them.
N-00539,ACC-1014,2024-10-26,Brittney Cole,Fix shipped. They tested it and closed the ticket themselves.
N-00540,ACC-1014,2024-11-17,Brittney Cole,Erin Abbott has moved to a different company. No replacement named yet.
N-00541,ACC-1014,2024-12-14,Brittney Cole,Erin Abbott is on leave through Q4 and nobody was designated to cover the account.
N-00542,ACC-1014,2025-01-07,Brittney Cole,"Office hours session. 6 attendees, mostly questions about reporting."
N-00543,ACC-1014,2025-02-03,Brittney Cole,Ran a refresher session on the reporting module for 3 of their people.
N-00544,ACC-1014,2025-03-02,Brittney Cole,Asked about the higher tier. Sending over details.
N-00545,ACC-1014,2025-03-17,Brittney Cole,Exec sponsor confirmed budget is protected for next year.
N-00546,ACC-1014,2025-04-13,Brittney Cole,Good session. Their exec attended and was engaged.
N-00547,ACC-1014,2025-04-28,Brittney Cole,Their second division reached out directly about getting access.
N-00548,ACC-1014,2025-05-15,Brittney Cole,Business review complete. Erin Abbott called out time savings on their team.
N-00549,ACC-1014,2025-06-05,Brittney Cole,Standing check-in held. Team is steady.
N-00550,ACC-1014,2025-07-04,Brittney Cole,Sent over the enablement material they asked for.
N-00551,ACC-1014,2025-07-31,Brittney Cole,Escalation closed out. They appreciated the follow-through.
N-00552,ACC-1014,2025-08-12,Brittney Cole,Escalation closed out. They appreciated the follow-through.
N-00553,ACC-1014,2025-09-03,Brittney Cole,Reviewed the year. They are happy with where adoption landed.
N-00554,ACC-1014,2025-09-22,Brittney Cole,"Erin Abbott confirmed she is taking a role elsewhere. Asked her who to talk to, she was vague."
N-00555,ACC-1014,2025-10-07,Brittney Cole,Escalation closed out. They appreciated the follow-through.
N-00556,ACC-1014,2025-11-01,Brittney Cole,QBR went well. They presented our numbers to their leadership.
N-00557,ACC-1014,2025-11-23,Brittney Cole,Their CIO joined the call and reiterated this is a strategic system for them.
N-00558,ACC-1014,2025-12-11,Brittney Cole,Escalation closed out. They appreciated the follow-through.
N-00559,ACC-1014,2026-01-03,Brittney Cole,The dashboards issue is resolved. Confirmed with their admin.
N-00560,ACC-1014,2026-01-16,Brittney Cole,New VP came in over Erin Abbott's team and is reviewing all vendor relationships.
N-00561,ACC-1014,2026-02-15,Brittney Cole,Root cause shared with them. They were satisfied with the explanation.
N-00562,ACC-1014,2026-03-10,Brittney Cole,Good session. Their exec attended and was engaged.
N-00563,ACC-1014,2026-04-08,Brittney Cole,Good session. Their exec attended and was engaged.
N-00564,ACC-1014,2026-04-20,Brittney Cole,Sent over the enablement material they asked for.
N-00565,ACC-1014,2026-05-16,Brittney Cole,"Erin Abbott confirmed she is taking a role elsewhere. Asked her who to talk to, she was vague."
N-00566,ACC-1014,2026-06-08,Brittney Cole,Escalation closed out. They appreciated the follow-through.
N-00567,ACC-1014,2026-06-22,Brittney Cole,Strong QBR. They want to talk about expanding to a second department.
N-00568,ACC-1014,2026-07-11,Brittney Cole,Fix shipped. They tested it and closed the ticket themselves.
N-00569,ACC-1014,2026-08-01,Brittney Cole,Their second division reached out directly about getting access.
N-00570,ACC-1014,2026-08-21,Brittney Cole,Found out Erin Abbott put in notice. Trying to get introduced to whoever picks this up.
N-00571,ACC-1015,2023-08-15,Owen Trask,Talked through a multi-year option. They want pricing.
N-00572,ACC-1015,2023-08-31,Owen Trask,Lost our exec sponsor. Devon Lindqvist was the reason this renewed last year.
N-00573,ACC-1015,2023-09-19,Owen Trask,Strong QBR. They want to talk about expanding to a second department.
N-00574,ACC-1015,2023-10-07,Owen Trask,New VP came in over Devon Lindqvist's team and is reviewing all vendor relationships.
N-00575,ACC-1015,2023-10-27,Owen Trask,Root cause shared with them. They were satisfied with the explanation.
N-00576,ACC-1015,2023-11-25,Owen Trask,Business review complete. Devon Lindqvist called out time savings on their team.
N-00577,ACC-1015,2023-12-18,Owen Trask,Root cause shared with them. They were satisfied with the explanation.
N-00578,ACC-1015,2024-01-06,Owen Trask,Their IT team is blocking the SSO change we need for rollout.
N-00579,ACC-1015,2024-01-25,Owen Trask,Talked through a multi-year option. They want pricing.
N-00580,ACC-1015,2024-02-13,Owen Trask,"Their new director does not know who we are. Sent an intro note, no reply yet."
N-00581,ACC-1015,2024-02-26,Owen Trask,"Their new director does not know who we are. Sent an intro note, no reply yet."
N-00582,ACC-1015,2024-03-22,Owen Trask,Walked their analysts through the mobile app. Good engagement.
N-00583,ACC-1015,2024-04-20,Owen Trask,Monthly check-in. Nothing new to report.
N-00584,ACC-1015,2024-05-06,Owen Trask,Found out Devon Lindqvist put in notice. Trying to get introduced to whoever picks this up.
N-00585,ACC-1015,2024-05-21,Owen Trask,"Devon Lindqvist confirmed she is taking a role elsewhere. Asked her who to talk to, she was vague."
N-00586,ACC-1015,2024-06-17,Owen Trask,Fix shipped. They tested it and closed the ticket themselves.
N-00587,ACC-1015,2024-07-01,Owen Trask,We got the integration working. Their team is back to normal.
N-00588,ACC-1015,2024-07-30,Owen Trask,"Short call. Reviewed open items, nothing escalated."
N-00589,ACC-1015,2024-08-16,Owen Trask,SSO is slow at their data volume and they have said so repeatedly.
N-00590,ACC-1015,2024-09-08,Owen Trask,"Heads up, Devon Lindqvist is leaving at the end of the month. She was our main advocate here."
N-00591,ACC-1015,2024-10-05,Owen Trask,New VP came in over Devon Lindqvist's team and is reviewing all vendor relationships.
N-00592,ACC-1015,2024-11-01,Owen Trask,Sent over the enablement material they asked for.
N-00593,ACC-1015,2024-11-19,Owen Trask,Ran a refresher session on dashboards for 5 of their people.
N-00594,ACC-1015,2024-12-15,Owen Trask,We got the integration working. Their team is back to normal.
N-00595,ACC-1015,2024-12-31,Owen Trask,Interest in role permissions for a team that is not on the contract yet.
N-00596,ACC-1015,2025-01-20,Owen Trask,"Heads up, Devon Lindqvist is leaving at the end of the month. She was our main advocate here."
N-00597,ACC-1015,2025-02-12,Owen Trask,Their CIO joined the call and reiterated this is a strategic system for them.
N-00598,ACC-1015,2025-03-08,Owen Trask,Business review complete. Devon Lindqvist called out time savings on their team.
N-00599,ACC-1015,2025-03-28,Owen Trask,Sync failures every week. Their admin is the one absorbing the pain.
N-00600,ACC-1015,2025-04-19,Owen Trask,QBR went well. They presented our numbers to their leadership.
N-00601,ACC-1015,2025-05-16,Owen Trask,Escalation closed out. They appreciated the follow-through.
N-00602,ACC-1015,2025-06-05,Owen Trask,Walked their analysts through SSO. Good engagement.
N-00603,ACC-1015,2025-07-01,Owen Trask,"Heads up, Devon Lindqvist is leaving at the end of the month. She was our main advocate here."
N-00604,ACC-1015,2025-07-28,Owen Trask,They want us to match a workflow that our product does not support.
N-00605,ACC-1015,2025-08-23,Owen Trask,Their second division reached out directly about getting access.
N-00606,ACC-1015,2025-09-08,Owen Trask,New VP came in over Devon Lindqvist's team and is reviewing all vendor relationships.
N-00607,ACC-1015,2025-10-06,Owen Trask,Root cause shared with them. They were satisfied with the explanation.
N-00608,ACC-1015,2025-11-03,Owen Trask,The the Salesforce sync issue is resolved. Confirmed with their admin.
N-00609,ACC-1015,2025-11-18,Owen Trask,The the mobile app issue is resolved. Confirmed with their admin.
N-00610,ACC-1015,2025-12-03,Owen Trask,The the Salesforce sync issue is resolved. Confirmed with their admin.
N-00611,ACC-1015,2025-12-23,Owen Trask,The the mobile app issue is resolved. Confirmed with their admin.
N-00612,ACC-1015,2026-01-22,Owen Trask,Found out Devon Lindqvist put in notice. Trying to get introduced to whoever picks this up.
N-00613,ACC-1015,2026-02-05,Owen Trask,"Short call. Reviewed open items, nothing escalated."
N-00614,ACC-1015,2026-03-01,Owen Trask,Org change on their side. Devon Lindqvist no longer owns this relationship.
N-00615,ACC-1015,2026-03-17,Owen Trask,They want us to match a workflow that our product does not support.
N-00616,ACC-1015,2026-04-09,Owen Trask,Devon Lindqvist was promoted and now owns a larger scope. Good for us.
N-00617,ACC-1015,2026-05-06,Owen Trask,Data quality issues on their side keep surfacing as complaints about us.
N-00618,ACC-1015,2026-05-23,Owen Trask,Standing check-in held. Team is steady.
N-00619,ACC-1015,2026-06-11,Owen Trask,Asked about the higher tier. Sending over details.
N-00620,ACC-1015,2026-07-06,Owen Trask,Their IT team is blocking the SSO change we need for rollout.
N-00621,ACC-1015,2026-07-27,Owen Trask,Good session. Their exec attended and was engaged.
N-00622,ACC-1015,2026-08-09,Owen Trask,They asked what it would take to add 6 more seats.
N-00623,ACC-1015,2026-09-01,Owen Trask,Root cause shared with them. They were satisfied with the explanation.
N-00624,ACC-1016,2025-03-02,Shairyar Khan,Monthly check-in. Nothing new to report.
N-00625,ACC-1016,2025-04-01,Shairyar Khan,We got the integration working. Their team is back to normal.
N-00626,ACC-1016,2025-04-18,Shairyar Khan,Brief call with the admin. No issues raised.
N-00627,ACC-1016,2025-05-17,Shairyar Khan,They asked what it would take to add 12 more seats.
N-00628,ACC-1016,2025-06-13,Shairyar Khan,Asked about the higher tier. Sending over details.
N-00629,ACC-1016,2025-07-06,Shairyar Khan,We got the integration working. Their team is back to normal.
N-00630,ACC-1016,2025-07-22,Shairyar Khan,Monthly check-in. Nothing new to report.
N-00631,ACC-1016,2025-08-18,Shairyar Khan,Fix shipped. They tested it and closed the ticket themselves.
N-00632,ACC-1016,2025-09-01,Shairyar Khan,Interest in role permissions for a team that is not on the contract yet.
N-00633,ACC-1016,2025-09-16,Shairyar Khan,"Office hours session. 2 attendees, mostly questions about reporting."
N-00634,ACC-1016,2025-10-12,Shairyar Khan,Walked their analysts through the reporting module. Good engagement.
N-00635,ACC-1016,2025-10-24,Shairyar Khan,We got the integration working. Their team is back to normal.
N-00636,ACC-1016,2025-11-23,Shairyar Khan,They included us in their annual planning conversation.
N-00637,ACC-1016,2025-12-20,Shairyar Khan,Root cause shared with them. They were satisfied with the explanation.
N-00638,ACC-1016,2026-01-02,Shairyar Khan,Asked about the higher tier. Sending over details.
N-00639,ACC-1016,2026-01-22,Shairyar Khan,Their second division reached out directly about getting access.
N-00640,ACC-1016,2026-02-14,Shairyar Khan,They asked what it would take to add 13 more seats.
N-00641,ACC-1016,2026-03-04,Shairyar Khan,Interest in data retention for a team that is not on the contract yet.
N-00642,ACC-1016,2026-03-26,Shairyar Khan,We got the integration working. Their team is back to normal.
N-00643,ACC-1016,2026-04-19,Shairyar Khan,Escalation closed out. They appreciated the follow-through.
N-00644,ACC-1016,2026-05-07,Shairyar Khan,The SSO issue is resolved. Confirmed with their admin.
N-00645,ACC-1016,2026-05-25,Shairyar Khan,They asked what it would take to add 6 more seats.
N-00646,ACC-1016,2026-06-13,Shairyar Khan,Monthly check-in. Nothing new to report.
N-00647,ACC-1016,2026-06-30,Shairyar Khan,Their CIO joined the call and reiterated this is a strategic system for them.
N-00648,ACC-1016,2026-07-15,Shairyar Khan,Standing check-in held. Team is steady.
N-00649,ACC-1016,2026-08-06,Shairyar Khan,Standing check-in held. Team is steady.
N-00650,ACC-1016,2026-09-03,Shairyar Khan,Brief call with the admin. No issues raised.
N-00651,ACC-1017,2023-07-09,Brittney Cole,Standing check-in held. Team is steady.
N-00652,ACC-1017,2023-07-24,Brittney Cole,Business review complete. Felix Lindqvist called out time savings on their team.
N-00653,ACC-1017,2023-08-21,Brittney Cole,Quick sync with Felix Lindqvist. Business as usual.
N-00654,ACC-1017,2023-09-05,Brittney Cole,Their second division reached out directly about getting access.
N-00655,ACC-1017,2023-10-02,Brittney Cole,Felix Lindqvist was promoted and now owns a larger scope. Good for us.
N-00656,ACC-1017,2023-10-27,Brittney Cole,Fix shipped. They tested it and closed the ticket themselves.
N-00657,ACC-1017,2023-11-15,Brittney Cole,Requested a feature comparison against an in-house build. Sent one.
N-00658,ACC-1017,2023-12-08,Brittney Cole,Interest in the alerting rules for a team that is not on the contract yet.
N-00659,ACC-1017,2023-12-22,Brittney Cole,Interest in the reporting module for a team that is not on the contract yet.
N-00660,ACC-1017,2024-01-04,Brittney Cole,Fix shipped. They tested it and closed the ticket themselves.
N-00661,ACC-1017,2024-01-29,Brittney Cole,Root cause shared with them. They were satisfied with the explanation.
N-00662,ACC-1017,2024-02-10,Brittney Cole,New leadership reviewed the stack and kept us. Told me directly.
N-00663,ACC-1017,2024-02-28,Brittney Cole,New leadership reviewed the stack and kept us. Told me directly.
N-00664,ACC-1017,2024-03-23,Brittney Cole,QBR went well. They presented our numbers to their leadership.
N-00665,ACC-1017,2024-04-16,Brittney Cole,Fix shipped. They tested it and closed the ticket themselves.
N-00666,ACC-1017,2024-05-14,Brittney Cole,They included us in their annual planning conversation.
N-00667,ACC-1017,2024-06-12,Brittney Cole,Walked their analysts through the alerting rules. Good engagement.
N-00668,ACC-1017,2024-06-25,Brittney Cole,Good session. Their exec attended and was engaged.
N-00669,ACC-1017,2024-07-10,Brittney Cole,Their CIO joined the call and reiterated this is a strategic system for them.
N-00670,ACC-1017,2024-08-09,Brittney Cole,Root cause shared with them. They were satisfied with the explanation.
N-00671,ACC-1017,2024-08-30,Brittney Cole,Root cause shared with them. They were satisfied with the explanation.
N-00672,ACC-1017,2024-09-18,Brittney Cole,Our sponsor Felix Lindqvist was reorged out of the function. Starting over on relationship mapping.
N-00673,ACC-1017,2024-10-13,Brittney Cole,Monthly check-in. Nothing new to report.
N-00674,ACC-1017,2024-11-09,Brittney Cole,Touched base. They are heads down on their own roadmap right now.
N-00675,ACC-1017,2024-12-07,Brittney Cole,Good session. Their exec attended and was engaged.
N-00676,ACC-1017,2025-01-03,Brittney Cole,Interest in the alerting rules for a team that is not on the contract yet.
N-00677,ACC-1017,2025-01-30,Brittney Cole,Sent over the enablement material they asked for.
N-00678,ACC-1017,2025-02-26,Brittney Cole,Lost our exec sponsor. Felix Lindqvist was the reason this renewed last year.
N-00679,ACC-1017,2025-03-23,Brittney Cole,Their team has been evaluating Parallax for two months and did not tell us.
N-00680,ACC-1017,2025-04-08,Brittney Cole,Heard secondhand that Parallax gave them aggressive pricing.
N-00681,ACC-1017,2025-04-20,Brittney Cole,Sent over the enablement material they asked for.
N-00682,ACC-1017,2025-05-11,Brittney Cole,We got the integration working. Their team is back to normal.
N-00683,ACC-1017,2025-06-03,Brittney Cole,Felix Lindqvist is on leave through Q4 and nobody was designated to cover the account.
N-00684,ACC-1017,2025-07-03,Brittney Cole,Reviewed the year. They are happy with where adoption landed.
N-00685,ACC-1017,2025-07-19,Brittney Cole,Their second division reached out directly about getting access.
N-00686,ACC-1017,2025-08-10,Brittney Cole,Requested a feature comparison against Nimbus Track. Sent one.
N-00687,ACC-1017,2025-09-08,Brittney Cole,They are running a formal evaluation and we are one of three.
N-00688,ACC-1017,2025-09-20,Brittney Cole,Escalation closed out. They appreciated the follow-through.
N-00689,ACC-1017,2025-10-08,Brittney Cole,New leadership reviewed the stack and kept us. Told me directly.
N-00690,ACC-1017,2025-10-26,Brittney Cole,Their CIO joined the call and reiterated this is a strategic system for them.
N-00691,ACC-1017,2025-11-07,Brittney Cole,Delivered onboarding for the new hires on their team.
N-00692,ACC-1017,2025-12-06,Brittney Cole,Asked about the higher tier. Sending over details.
N-00693,ACC-1017,2025-12-28,Brittney Cole,They mentioned they are piloting Orderly with one team.
N-00694,ACC-1017,2026-01-11,Brittney Cole,Lost our exec sponsor. Felix Lindqvist was the reason this renewed last year.
N-00695,ACC-1017,2026-01-28,Brittney Cole,Org change on their side. Felix Lindqvist no longer owns this relationship.
N-00696,ACC-1017,2026-02-14,Brittney Cole,Asked me how we compare to Lattitude. First time that has come up.
N-00697,ACC-1017,2026-03-10,Brittney Cole,Felix Lindqvist is on leave through Q4 and nobody was designated to cover the account.
N-00698,ACC-1017,2026-03-25,Brittney Cole,"Felix Lindqvist confirmed she is taking a role elsewhere. Asked her who to talk to, she was vague."
N-00699,ACC-1018,2023-09-14,Shairyar Khan,They asked what it would take to add 8 more seats.
N-00700,ACC-1018,2023-10-03,Shairyar Khan,Touched base. They are heads down on their own roadmap right now.
N-00701,ACC-1018,2023-11-01,Shairyar Khan,Walked their analysts through the Salesforce sync. Good engagement.
N-00702,ACC-1018,2023-11-29,Shairyar Khan,Walked their analysts through the bulk import. Good engagement.
N-00703,ACC-1018,2023-12-24,Shairyar Khan,Exec sponsor confirmed budget is protected for next year.
N-00704,ACC-1018,2024-01-14,Shairyar Khan,Ran a refresher session on the Salesforce sync for 6 of their people.
N-00705,ACC-1018,2024-02-03,Shairyar Khan,Talked through a multi-year option. They want pricing.
N-00706,ACC-1018,2024-02-24,Shairyar Khan,Configuration drifted and nobody on their side owns it now.
N-00707,ACC-1018,2024-03-19,Shairyar Khan,Sent over the enablement material they asked for.
N-00708,ACC-1018,2024-04-16,Shairyar Khan,Strong QBR. They want to talk about expanding to a second department.
N-00709,ACC-1018,2024-05-05,Shairyar Khan,Strong QBR. They want to talk about expanding to a second department.
N-00710,ACC-1018,2024-05-27,Shairyar Khan,They do not have the internal engineering capacity to finish the integration.
N-00711,ACC-1018,2024-06-08,Shairyar Khan,Fix shipped. They tested it and closed the ticket themselves.
N-00712,ACC-1018,2024-07-05,Shairyar Khan,Their CIO joined the call and reiterated this is a strategic system for them.
N-00713,ACC-1018,2024-07-31,Shairyar Khan,Reviewed the year. They are happy with where adoption landed.
N-00714,ACC-1018,2024-08-12,Shairyar Khan,They are frustrated. the reporting module broke again during their month-end close.
N-00715,ACC-1018,2024-08-24,Shairyar Khan,Escalation closed out. They appreciated the follow-through.
N-00716,ACC-1018,2024-09-14,Shairyar Khan,Delivered onboarding for the new hires on their team.
N-00717,ACC-1018,2024-10-04,Shairyar Khan,Root cause shared with them. They were satisfied with the explanation.
N-00718,ACC-1018,2024-10-28,Shairyar Khan,The workaround we gave them for SSO stopped working.
N-00719,ACC-1018,2024-11-15,Shairyar Khan,New leadership reviewed the stack and kept us. Told me directly.
N-00720,ACC-1018,2024-12-01,Shairyar Khan,Walked their analysts through the alerting rules. Good engagement.
N-00721,ACC-1018,2024-12-21,Shairyar Khan,The the alerting rules issue is resolved. Confirmed with their admin.
N-00722,ACC-1018,2025-01-02,Shairyar Khan,The role permissions issue is resolved. Confirmed with their admin.
N-00723,ACC-1018,2025-01-22,Shairyar Khan,Migration off their legacy system stalled. We are stuck waiting.
N-00724,ACC-1018,2025-02-04,Shairyar Khan,Ran a refresher session on role permissions for 10 of their people.
N-00725,ACC-1018,2025-03-02,Shairyar Khan,Interest in the API for a team that is not on the contract yet.
N-00726,ACC-1018,2025-03-14,Shairyar Khan,"Office hours session. 5 attendees, mostly questions about reporting."
N-00727,ACC-1018,2025-03-31,Shairyar Khan,Brief call with the admin. No issues raised.
N-00728,ACC-1018,2025-04-25,Shairyar Khan,They included us in their annual planning conversation.
N-00729,ACC-1018,2025-05-22,Shairyar Khan,QBR went well. They presented our numbers to their leadership.
N-00730,ACC-1018,2025-06-10,Shairyar Khan,New leadership reviewed the stack and kept us. Told me directly.
N-00731,ACC-1018,2025-07-06,Shairyar Khan,Monthly check-in. Nothing new to report.
N-00732,ACC-1018,2025-07-20,Shairyar Khan,"Short call. Reviewed open items, nothing escalated."
N-00733,ACC-1018,2025-08-14,Shairyar Khan,Their dashboards integration broke again during their data load.
N-00734,ACC-1018,2025-09-07,Shairyar Khan,They are frustrated. the Salesforce sync broke again during their month-end close.
N-00735,ACC-1018,2025-10-03,Shairyar Khan,New leadership reviewed the stack and kept us. Told me directly.
N-00736,ACC-1018,2025-10-15,Shairyar Khan,Good session. Their exec attended and was engaged.
N-00737,ACC-1018,2025-10-27,Shairyar Khan,Standing check-in held. Team is steady.
N-00738,ACC-1018,2025-11-24,Shairyar Khan,Their second division reached out directly about getting access.
N-00739,ACC-1018,2025-12-10,Shairyar Khan,Quick sync with Ingrid Mbeki. Business as usual.
N-00740,ACC-1018,2026-01-07,Shairyar Khan,Strong QBR. They want to talk about expanding to a second department.
N-00741,ACC-1018,2026-01-28,Shairyar Khan,Strong QBR. They want to talk about expanding to a second department.
N-00742,ACC-1018,2026-02-13,Shairyar Khan,Configuration drifted and nobody on their side owns it now.
N-00743,ACC-1018,2026-03-03,Shairyar Khan,Fix shipped. They tested it and closed the ticket themselves.
N-00744,ACC-1018,2026-03-30,Shairyar Khan,The workaround we gave them for data retention stopped working.
N-00745,ACC-1018,2026-04-21,Shairyar Khan,Reopened the issue with the API. Their patience is visibly thin.
N-00746,ACC-1018,2026-05-04,Shairyar Khan,New VP came in over Ingrid Mbeki's team and is reviewing all vendor relationships.
N-00747,ACC-1019,2024-04-11,Caick Moreira,Interest in SSO for a team that is not on the contract yet.
N-00748,ACC-1019,2024-05-04,Caick Moreira,QBR went well. They presented our numbers to their leadership.
N-00749,ACC-1019,2024-05-30,Caick Moreira,They included us in their annual planning conversation.
N-00750,ACC-1019,2024-06-17,Caick Moreira,Walked their analysts through the mobile app. Good engagement.
N-00751,ACC-1019,2024-07-06,Caick Moreira,Quick sync with Erin Whitfield. Business as usual.
N-00752,ACC-1019,2024-07-22,Caick Moreira,Touched base. They are heads down on their own roadmap right now.
N-00753,ACC-1019,2024-08-10,Caick Moreira,Business review complete. Erin Whitfield called out time savings on their team.
N-00754,ACC-1019,2024-08-26,Caick Moreira,Delivered onboarding for the new hires on their team.
N-00755,ACC-1019,2024-09-18,Caick Moreira,Interest in data retention for a team that is not on the contract yet.
N-00756,ACC-1019,2024-10-06,Caick Moreira,Business review complete. Erin Whitfield called out time savings on their team.
N-00757,ACC-1019,2024-10-26,Caick Moreira,New leadership reviewed the stack and kept us. Told me directly.
N-00758,ACC-1019,2024-11-09,Caick Moreira,Root cause shared with them. They were satisfied with the explanation.
N-00759,ACC-1019,2024-12-03,Caick Moreira,Root cause shared with them. They were satisfied with the explanation.
N-00760,ACC-1019,2024-12-29,Caick Moreira,Escalation closed out. They appreciated the follow-through.
N-00761,ACC-1019,2025-01-18,Caick Moreira,Root cause shared with them. They were satisfied with the explanation.
N-00762,ACC-1019,2025-02-05,Caick Moreira,"Office hours session. 8 attendees, mostly questions about reporting."
N-00763,ACC-1019,2025-03-01,Caick Moreira,Strong QBR. They want to talk about expanding to a second department.
N-00764,ACC-1019,2025-03-15,Caick Moreira,They included us in their annual planning conversation.
N-00765,ACC-1019,2025-04-10,Caick Moreira,Reviewed the year. They are happy with where adoption landed.
N-00766,ACC-1019,2025-05-05,Caick Moreira,Talked through a multi-year option. They want pricing.
N-00767,ACC-1019,2025-05-22,Caick Moreira,QBR went well. They presented our numbers to their leadership.
N-00768,ACC-1019,2025-06-19,Caick Moreira,The the bulk import issue is resolved. Confirmed with their admin.
N-00769,ACC-1019,2025-07-04,Caick Moreira,Standing check-in held. Team is steady.
N-00770,ACC-1019,2025-07-26,Caick Moreira,Escalation closed out. They appreciated the follow-through.
N-00771,ACC-1019,2025-08-24,Caick Moreira,Touched base. They are heads down on their own roadmap right now.
N-00772,ACC-1019,2025-09-17,Caick Moreira,Their CIO joined the call and reiterated this is a strategic system for them.
N-00773,ACC-1019,2025-10-03,Caick Moreira,Delivered onboarding for the new hires on their team.
N-00774,ACC-1019,2025-10-31,Caick Moreira,Exec sponsor confirmed budget is protected for next year.
N-00775,ACC-1019,2025-11-14,Caick Moreira,"Office hours session. 9 attendees, mostly questions about reporting."
N-00776,ACC-1019,2025-12-10,Caick Moreira,Touched base. They are heads down on their own roadmap right now.
N-00777,ACC-1019,2025-12-31,Caick Moreira,"Short call. Reviewed open items, nothing escalated."
N-00778,ACC-1019,2026-01-25,Caick Moreira,Asked about the higher tier. Sending over details.
N-00779,ACC-1019,2026-02-06,Caick Moreira,Quick sync with Erin Whitfield. Business as usual.
N-00780,ACC-1019,2026-03-08,Caick Moreira,Interest in the API for a team that is not on the contract yet.
N-00781,ACC-1019,2026-04-01,Caick Moreira,Touched base. They are heads down on their own roadmap right now.
N-00782,ACC-1019,2026-04-18,Caick Moreira,Erin Whitfield was promoted and now owns a larger scope. Good for us.
N-00783,ACC-1019,2026-04-30,Caick Moreira,"Short call. Reviewed open items, nothing escalated."
N-00784,ACC-1019,2026-05-21,Caick Moreira,"Short call. Reviewed open items, nothing escalated."
N-00785,ACC-1019,2026-06-02,Caick Moreira,Their second division reached out directly about getting access.
N-00786,ACC-1019,2026-07-01,Caick Moreira,The the bulk import issue is resolved. Confirmed with their admin.
N-00787,ACC-1019,2026-07-19,Caick Moreira,We got the integration working. Their team is back to normal.
N-00788,ACC-1019,2026-08-09,Caick Moreira,Exec sponsor confirmed budget is protected for next year.
N-00789,ACC-1019,2026-08-25,Caick Moreira,Asked about the higher tier. Sending over details.
N-00790,ACC-1020,2026-01-22,Nuala Byrne,Talked through a multi-year option. They want pricing.
N-00791,ACC-1020,2026-02-08,Nuala Byrne,Root cause shared with them. They were satisfied with the explanation.
N-00792,ACC-1020,2026-02-25,Nuala Byrne,The SSO issue is resolved. Confirmed with their admin.
N-00793,ACC-1020,2026-03-26,Nuala Byrne,Budget freeze announced internally. Renewals are being looked at individually.
N-00794,ACC-1020,2026-04-24,Nuala Byrne,Data quality issues on their side keep surfacing as complaints about us.
N-00795,ACC-1020,2026-05-16,Nuala Byrne,Fix shipped. They tested it and closed the ticket themselves.
N-00796,ACC-1020,2026-05-30,Nuala Byrne,Their second division reached out directly about getting access.
N-00797,ACC-1020,2026-06-23,Nuala Byrne,Data quality issues on their side keep surfacing as complaints about us.
N-00798,ACC-1020,2026-07-19,Nuala Byrne,Root cause shared with them. They were satisfied with the explanation.
N-00799,ACC-1020,2026-08-15,Nuala Byrne,Ran a refresher session on SSO for 6 of their people.
N-00800,ACC-1020,2026-08-30,Nuala Byrne,Brief call with the admin. No issues raised.
N-00801,ACC-1021,2024-02-02,Caick Moreira,They asked what it would take to add 13 more seats.
N-00802,ACC-1021,2024-02-23,Caick Moreira,"Short call. Reviewed open items, nothing escalated."
N-00803,ACC-1021,2024-03-13,Caick Moreira,Nobody outside the original two users has touched the reporting module since onboarding.
N-00804,ACC-1021,2024-03-31,Caick Moreira,The SSO issue is resolved. Confirmed with their admin.
N-00805,ACC-1021,2024-04-25,Caick Moreira,Good session. Their exec attended and was engaged.
N-00806,ACC-1021,2024-05-24,Caick Moreira,Delivered onboarding for the new hires on their team.
N-00807,ACC-1021,2024-06-10,Caick Moreira,Only 9 of their licensed seats logged in last month.
N-00808,ACC-1021,2024-06-29,Caick Moreira,They are paying for far more than they use and finance has started to notice.
N-00809,ACC-1021,2024-07-17,Caick Moreira,They asked what it would take to add 3 more seats.
N-00810,ACC-1021,2024-08-08,Caick Moreira,Fix shipped. They tested it and closed the ticket themselves.
N-00811,ACC-1021,2024-08-30,Caick Moreira,Touched base. They are heads down on their own roadmap right now.
N-00812,ACC-1021,2024-09-25,Caick Moreira,Sent over the enablement material they asked for.
N-00813,ACC-1021,2024-10-10,Caick Moreira,Sent over the enablement material they asked for.
N-00814,ACC-1021,2024-11-02,Caick Moreira,We got the integration working. Their team is back to normal.
N-00815,ACC-1021,2024-11-28,Caick Moreira,Strong QBR. They want to talk about expanding to a second department.
N-00816,ACC-1021,2024-12-23,Caick Moreira,Quick sync with Devon Whitfield. Business as usual.
N-00817,ACC-1021,2025-01-10,Caick Moreira,Fix shipped. They tested it and closed the ticket themselves.
N-00818,ACC-1021,2025-02-07,Caick Moreira,Monthly check-in. Nothing new to report.
N-00819,ACC-1021,2025-02-20,Caick Moreira,Fix shipped. They tested it and closed the ticket themselves.
N-00820,ACC-1021,2025-03-22,Caick Moreira,Delivered onboarding for the new hires on their team.
N-00821,ACC-1021,2025-04-17,Caick Moreira,"Office hours session. 5 attendees, mostly questions about reporting."
N-00822,ACC-1021,2025-05-08,Caick Moreira,"Ran the numbers before the call. 3 active users, down from last quarter."
N-00823,ACC-1021,2025-05-31,Caick Moreira,We got the integration working. Their team is back to normal.
N-00824,ACC-1021,2025-06-25,Caick Moreira,They asked what it would take to add 3 more seats.
N-00825,ACC-1021,2025-07-16,Caick Moreira,Fix shipped. They tested it and closed the ticket themselves.
N-00826,ACC-1021,2025-08-06,Caick Moreira,Exec sponsor confirmed budget is protected for next year.
N-00827,ACC-1021,2025-09-02,Caick Moreira,Only 13 of their licensed seats logged in last month.
N-00828,ACC-1021,2025-09-25,Caick Moreira,Talked through a multi-year option. They want pricing.
N-00829,ACC-1021,2025-10-25,Caick Moreira,Usage is flat. 4 weekly active users against a much larger contract.
N-00830,ACC-1021,2025-11-12,Caick Moreira,Escalation closed out. They appreciated the follow-through.
N-00831,ACC-1021,2025-11-25,Caick Moreira,Fix shipped. They tested it and closed the ticket themselves.
N-00832,ACC-1021,2025-12-18,Caick Moreira,Fix shipped. They tested it and closed the ticket themselves.
N-00833,ACC-1021,2026-01-03,Caick Moreira,Only 12 of their licensed seats logged in last month.
N-00834,ACC-1021,2026-01-27,Caick Moreira,Standing check-in held. Team is steady.
N-00835,ACC-1021,2026-02-21,Caick Moreira,Login activity dropped off after the project lead changed. 6 active this month.
N-00836,ACC-1021,2026-03-18,Caick Moreira,Monthly check-in. Nothing new to report.
N-00837,ACC-1021,2026-04-05,Caick Moreira,QBR went well. They presented our numbers to their leadership.
N-00838,ACC-1021,2026-04-20,Caick Moreira,Login activity dropped off after the project lead changed. 13 active this month.
N-00839,ACC-1021,2026-05-15,Caick Moreira,They bought for the whole department but adoption never left the pilot team.
N-00840,ACC-1021,2026-06-01,Caick Moreira,Root cause shared with them. They were satisfied with the explanation.
N-00841,ACC-1021,2026-06-14,Caick Moreira,Walked their analysts through the Salesforce sync. Good engagement.
N-00842,ACC-1021,2026-06-29,Caick Moreira,Escalation closed out. They appreciated the follow-through.
N-00843,ACC-1021,2026-07-19,Caick Moreira,They are paying for far more than they use and finance has started to notice.
N-00844,ACC-1021,2026-08-03,Caick Moreira,Only 5 of their licensed seats logged in last month.
N-00845,ACC-1021,2026-08-31,Caick Moreira,They included us in their annual planning conversation.
N-00846,ACC-1022,2023-07-17,Owen Trask,Business review complete. Rosa Hollis called out time savings on their team.
N-00847,ACC-1022,2023-07-30,Owen Trask,Monthly check-in. Nothing new to report.
N-00848,ACC-1022,2023-08-15,Owen Trask,Promised a fix date last month and we missed it. Had to tell them today.
N-00849,ACC-1022,2023-09-10,Owen Trask,Asked about the higher tier. Sending over details.
N-00850,ACC-1022,2023-10-02,Owen Trask,Still waiting on the fix for the Salesforce sync. This has been open for weeks.
N-00851,ACC-1022,2023-10-29,Owen Trask,Touched base. They are heads down on their own roadmap right now.
N-00852,ACC-1022,2023-11-13,Owen Trask,Delivered onboarding for the new hires on their team.
N-00853,ACC-1022,2023-11-27,Owen Trask,Exec sponsor confirmed budget is protected for next year.
N-00854,ACC-1022,2023-12-24,Owen Trask,Fix shipped. They tested it and closed the ticket themselves.
N-00855,ACC-1022,2024-01-18,Owen Trask,Escalation closed out. They appreciated the follow-through.
N-00856,ACC-1022,2024-02-07,Owen Trask,The the alerting rules issue is resolved. Confirmed with their admin.
N-00857,ACC-1022,2024-03-05,Owen Trask,They are frustrated. the mobile app broke again during their month-end close.
N-00858,ACC-1022,2024-03-29,Owen Trask,Interest in dashboards for a team that is not on the contract yet.
N-00859,ACC-1022,2024-04-19,Owen Trask,Reopened the issue with the API. Their patience is visibly thin.
N-00860,ACC-1022,2024-05-12,Owen Trask,Rosa Hollis asked me directly whether this is ever going to be fixed.
N-00861,ACC-1022,2024-06-11,Owen Trask,Talked through a multi-year option. They want pricing.
N-00862,ACC-1022,2024-07-11,Owen Trask,Still waiting on the fix for the mobile app. This has been open for weeks.
N-00863,ACC-1022,2024-08-01,Owen Trask,Interest in SSO for a team that is not on the contract yet.
N-00864,ACC-1022,2024-08-14,Owen Trask,The data retention issue is resolved. Confirmed with their admin.
N-00865,ACC-1022,2024-09-01,Owen Trask,They asked what it would take to add 13 more seats.
N-00866,ACC-1022,2024-09-19,Owen Trask,Ran a refresher session on the Salesforce sync for 13 of their people.
N-00867,ACC-1022,2024-10-13,Owen Trask,Still waiting on the fix for the mobile app. This has been open for weeks.
N-00868,ACC-1022,2024-11-09,Owen Trask,They asked what it would take to add 13 more seats.
N-00869,ACC-1022,2024-11-27,Owen Trask,Quick sync with Rosa Hollis. Business as usual.
N-00870,ACC-1022,2024-12-10,Owen Trask,Interest in the Salesforce sync for a team that is not on the contract yet.
N-00871,ACC-1022,2025-01-06,Owen Trask,They are frustrated. the bulk import broke again during their month-end close.
N-00872,ACC-1022,2025-01-18,Owen Trask,Brief call with the admin. No issues raised.
N-00873,ACC-1022,2025-02-04,Owen Trask,We got the integration working. Their team is back to normal.
N-00874,ACC-1022,2025-03-04,Owen Trask,"Office hours session. 3 attendees, mostly questions about reporting."
N-00875,ACC-1022,2025-03-23,Owen Trask,Rosa Hollis was promoted and now owns a larger scope. Good for us.
N-00876,ACC-1022,2025-04-18,Owen Trask,Reviewed the year. They are happy with where adoption landed.
N-00877,ACC-1022,2025-05-03,Owen Trask,Promised a fix date last month and we missed it. Had to tell them today.
N-00878,ACC-1022,2025-06-02,Owen Trask,The role permissions issue is resolved. Confirmed with their admin.
N-00879,ACC-1022,2025-06-27,Owen Trask,Escalation on the API is not moving. They asked for a timeline and I do not have one.
N-00880,ACC-1022,2025-07-26,Owen Trask,Rosa Hollis asked me directly whether this is ever going to be fixed.
N-00881,ACC-1022,2025-08-25,Owen Trask,The the API issue is resolved. Confirmed with their admin.
N-00882,ACC-1022,2025-09-11,Owen Trask,Reopened the issue with the reporting module. Their patience is visibly thin.
N-00883,ACC-1022,2025-10-11,Owen Trask,Escalation on the reporting module is not moving. They asked for a timeline and I do not have one.
N-00884,ACC-1022,2025-10-26,Owen Trask,Rosa Hollis was promoted and now owns a larger scope. Good for us.
N-00885,ACC-1022,2025-11-16,Owen Trask,Promised a fix date last month and we missed it. Had to tell them today.
N-00886,ACC-1022,2025-12-13,Owen Trask,Good session. Their exec attended and was engaged.
N-00887,ACC-1022,2025-12-26,Owen Trask,Third follow-up from them on the same defect. Getting hard to defend.
N-00888,ACC-1022,2026-01-24,Owen Trask,Support ticket has been open since before the last QBR. No engineering ETA.
N-00889,ACC-1022,2026-02-07,Owen Trask,Fix shipped. They tested it and closed the ticket themselves.
N-00890,ACC-1022,2026-02-27,Owen Trask,Sent over the enablement material they asked for.
N-00891,ACC-1022,2026-03-19,Owen Trask,Walked their analysts through role permissions. Good engagement.
N-00892,ACC-1022,2026-04-10,Owen Trask,Standing check-in held. Team is steady.
N-00893,ACC-1022,2026-04-25,Owen Trask,They asked what it would take to add 7 more seats.
N-00894,ACC-1022,2026-05-17,Owen Trask,Fix shipped. They tested it and closed the ticket themselves.
N-00895,ACC-1022,2026-06-10,Owen Trask,The SSO issue is resolved. Confirmed with their admin.
N-00896,ACC-1022,2026-07-01,Owen Trask,Standing check-in held. Team is steady.
N-00897,ACC-1022,2026-07-30,Owen Trask,The the mobile app issue is resolved. Confirmed with their admin.
N-00898,ACC-1022,2026-08-23,Owen Trask,Outage during their peak week. They want a written explanation.
N-00899,ACC-1023,2024-12-31,Owen Trask,Brief call with the admin. No issues raised.
N-00900,ACC-1023,2025-01-25,Owen Trask,Escalation closed out. They appreciated the follow-through.
N-00901,ACC-1023,2025-02-14,Owen Trask,Fix shipped. They tested it and closed the ticket themselves.
N-00902,ACC-1023,2025-03-11,Owen Trask,The the bulk import issue is resolved. Confirmed with their admin.
N-00903,ACC-1023,2025-03-28,Owen Trask,Escalation closed out. They appreciated the follow-through.
N-00904,ACC-1023,2025-04-25,Owen Trask,We got the integration working. Their team is back to normal.
N-00905,ACC-1023,2025-05-13,Owen Trask,We got the integration working. Their team is back to normal.
N-00906,ACC-1023,2025-06-10,Owen Trask,We got the integration working. Their team is back to normal.
N-00907,ACC-1023,2025-06-27,Owen Trask,Four unanswered emails. Going to try their admin.
N-00908,ACC-1023,2025-07-24,Owen Trask,Touched base. They are heads down on their own roadmap right now.
N-00909,ACC-1023,2025-08-08,Owen Trask,Admin told me most of the team still does this work in spreadsheets.
N-00910,ACC-1023,2025-09-07,Owen Trask,Root cause shared with them. They were satisfied with the explanation.
N-00911,ACC-1023,2025-10-04,Owen Trask,Went quiet after the escalation. Not sure who owns us there now.
N-00912,ACC-1023,2025-10-27,Owen Trask,They bought for the whole department but adoption never left the pilot team.
N-00913,ACC-1023,2025-11-11,Owen Trask,Root cause shared with them. They were satisfied with the explanation.
N-00914,ACC-1023,2025-12-08,Owen Trask,"Ran the numbers before the call. 7 active users, down from last quarter."
N-00915,ACC-1023,2025-12-29,Owen Trask,They included us in their annual planning conversation.
N-00916,ACC-1023,2026-01-24,Owen Trask,Nobody outside the original two users has touched the mobile app since onboarding.
N-00917,ACC-1023,2026-02-11,Owen Trask,Only 8 of their licensed seats logged in last month.
N-00918,ACC-1023,2026-03-05,Owen Trask,Fix shipped. They tested it and closed the ticket themselves.
N-00919,ACC-1023,2026-03-30,Owen Trask,Fix shipped. They tested it and closed the ticket themselves.
N-00920,ACC-1023,2026-04-23,Owen Trask,Third reschedule on the QBR. No new date proposed.
N-00921,ACC-1023,2026-05-21,Owen Trask,Third reschedule on the QBR. No new date proposed.
N-00922,ACC-1023,2026-06-02,Owen Trask,They asked what it would take to add 11 more seats.
N-00923,ACC-1023,2026-06-18,Owen Trask,Escalation closed out. They appreciated the follow-through.
N-00924,ACC-1023,2026-07-07,Owen Trask,They asked what it would take to add 11 more seats.
N-00925,ACC-1023,2026-07-23,Owen Trask,The the bulk import issue is resolved. Confirmed with their admin.
N-00926,ACC-1023,2026-08-17,Owen Trask,No response in six weeks. Tried email and LinkedIn.
N-00927,ACC-1024,2024-07-07,Caick Moreira,They skipped the business review entirely this cycle.
N-00928,ACC-1024,2024-07-20,Caick Moreira,Strong QBR. They want to talk about expanding to a second department.
N-00929,ACC-1024,2024-08-02,Caick Moreira,Third reschedule on the QBR. No new date proposed.
N-00930,ACC-1024,2024-08-29,Caick Moreira,Meeting attendance has dropped to one junior person.
N-00931,ACC-1024,2024-09-21,Caick Moreira,The the mobile app issue is resolved. Confirmed with their admin.
N-00932,ACC-1024,2024-10-14,Caick Moreira,They included us in their annual planning conversation.
N-00933,ACC-1024,2024-11-13,Caick Moreira,Sent over the enablement material they asked for.
N-00934,ACC-1024,2024-12-01,Caick Moreira,No response in six weeks. Tried email and LinkedIn.
N-00935,ACC-1024,2024-12-23,Caick Moreira,Sent over the enablement material they asked for.
N-00936,ACC-1024,2025-01-10,Caick Moreira,They included us in their annual planning conversation.
N-00937,ACC-1024,2025-01-25,Caick Moreira,We got the integration working. Their team is back to normal.
N-00938,ACC-1024,2025-02-14,Caick Moreira,The the bulk import issue is resolved. Confirmed with their admin.
N-00939,ACC-1024,2025-03-10,Caick Moreira,Their CIO joined the call and reiterated this is a strategic system for them.
N-00940,ACC-1024,2025-04-07,Caick Moreira,Asked about the higher tier. Sending over details.
N-00941,ACC-1024,2025-04-19,Caick Moreira,Went quiet after the escalation. Not sure who owns us there now.
N-00942,ACC-1024,2025-05-17,Caick Moreira,Business review complete. Leila Delgado called out time savings on their team.
N-00943,ACC-1024,2025-06-01,Caick Moreira,Four unanswered emails. Going to try their admin.
N-00944,ACC-1024,2025-06-17,Caick Moreira,Walked their analysts through the bulk import. Good engagement.
N-00945,ACC-1024,2025-07-16,Caick Moreira,Went quiet after the escalation. Not sure who owns us there now.
N-00946,ACC-1024,2025-08-14,Caick Moreira,Meeting attendance has dropped to one junior person.
N-00947,ACC-1024,2025-08-26,Caick Moreira,Escalation closed out. They appreciated the follow-through.
N-00948,ACC-1024,2025-09-24,Caick Moreira,Their CIO joined the call and reiterated this is a strategic system for them.
N-00949,ACC-1024,2025-10-23,Caick Moreira,Have not been able to get anyone on a call since the summer.
N-00950,ACC-1024,2025-11-22,Caick Moreira,Interest in the bulk import for a team that is not on the contract yet.
N-00951,ACC-1024,2025-12-17,Caick Moreira,"Short call. Reviewed open items, nothing escalated."
N-00952,ACC-1024,2026-01-03,Caick Moreira,They cancelled the check-in an hour before. No reason given.
N-00953,ACC-1024,2026-01-20,Caick Moreira,Root cause shared with them. They were satisfied with the explanation.
N-00954,ACC-1024,2026-02-03,Caick Moreira,We got the integration working. Their team is back to normal.
N-00955,ACC-1024,2026-02-15,Caick Moreira,Monthly check-in. Nothing new to report.
N-00956,ACC-1024,2026-03-06,Caick Moreira,Root cause shared with them. They were satisfied with the explanation.
N-00957,ACC-1024,2026-03-21,Caick Moreira,The SSO issue is resolved. Confirmed with their admin.
N-00958,ACC-1024,2026-04-20,Caick Moreira,Strong QBR. They want to talk about expanding to a second department.
N-00959,ACC-1024,2026-05-03,Caick Moreira,Their CIO joined the call and reiterated this is a strategic system for them.
N-00960,ACC-1024,2026-06-01,Caick Moreira,They cancelled the check-in an hour before. No reason given.
N-00961,ACC-1024,2026-06-20,Caick Moreira,Escalation closed out. They appreciated the follow-through.
N-00962,ACC-1024,2026-07-05,Caick Moreira,Ran a refresher session on the mobile app for 3 of their people.
N-00963,ACC-1024,2026-07-27,Caick Moreira,Third reschedule on the QBR. No new date proposed.
N-00964,ACC-1024,2026-08-24,Caick Moreira,We got the integration working. Their team is back to normal.
N-00965,ACC-1025,2024-04-09,Shairyar Khan,QBR went well. They presented our numbers to their leadership.
N-00966,ACC-1025,2024-04-25,Shairyar Khan,We got the integration working. Their team is back to normal.
N-00967,ACC-1025,2024-05-20,Shairyar Khan,Touched base. They are heads down on their own roadmap right now.
N-00968,ACC-1025,2024-06-13,Shairyar Khan,Their second division reached out directly about getting access.
N-00969,ACC-1025,2024-07-02,Shairyar Khan,New leadership reviewed the stack and kept us. Told me directly.
N-00970,ACC-1025,2024-07-21,Shairyar Khan,Asked about the higher tier. Sending over details.
N-00971,ACC-1025,2024-08-13,Shairyar Khan,Our sponsor Marcus Barros was reorged out of the function. Starting over on relationship mapping.
N-00972,ACC-1025,2024-08-26,Shairyar Khan,Walked their analysts through SSO. Good engagement.
N-00973,ACC-1025,2024-09-20,Shairyar Khan,"Heads up, Marcus Barros is leaving at the end of the month. She was our main advocate here."
N-00974,ACC-1025,2024-10-06,Shairyar Khan,We got the integration working. Their team is back to normal.
N-00975,ACC-1025,2024-10-21,Shairyar Khan,Root cause shared with them. They were satisfied with the explanation.
N-00976,ACC-1025,2024-11-13,Shairyar Khan,Marcus Barros has moved to a different company. No replacement named yet.
N-00977,ACC-1025,2024-11-29,Shairyar Khan,Sent over the enablement material they asked for.
N-00978,ACC-1025,2024-12-21,Shairyar Khan,Touched base. They are heads down on their own roadmap right now.
N-00979,ACC-1025,2025-01-03,Shairyar Khan,Fix shipped. They tested it and closed the ticket themselves.
N-00980,ACC-1025,2025-01-29,Shairyar Khan,New leadership reviewed the stack and kept us. Told me directly.
N-00981,ACC-1025,2025-02-15,Shairyar Khan,Lost our exec sponsor. Marcus Barros was the reason this renewed last year.
N-00982,ACC-1025,2025-03-05,Shairyar Khan,We got the integration working. Their team is back to normal.
N-00983,ACC-1025,2025-03-19,Shairyar Khan,Reviewed the year. They are happy with where adoption landed.
N-00984,ACC-1025,2025-04-11,Shairyar Khan,The the API issue is resolved. Confirmed with their admin.
N-00985,ACC-1025,2025-05-03,Shairyar Khan,Org change on their side. Marcus Barros no longer owns this relationship.
N-00986,ACC-1025,2025-05-15,Shairyar Khan,Marcus Barros was promoted and now owns a larger scope. Good for us.
N-00987,ACC-1025,2025-05-29,Shairyar Khan,Exec sponsor confirmed budget is protected for next year.
N-00988,ACC-1025,2025-06-12,Shairyar Khan,Escalation closed out. They appreciated the follow-through.
N-00989,ACC-1025,2025-06-30,Shairyar Khan,Business review complete. Marcus Barros called out time savings on their team.
N-00990,ACC-1025,2025-07-28,Shairyar Khan,"Heads up, Marcus Barros is leaving at the end of the month. She was our main advocate here."
N-00991,ACC-1025,2025-08-10,Shairyar Khan,"Their new director does not know who we are. Sent an intro note, no reply yet."
N-00992,ACC-1025,2025-08-29,Shairyar Khan,Fix shipped. They tested it and closed the ticket themselves.
N-00993,ACC-1025,2025-09-26,Shairyar Khan,Walked their analysts through the mobile app. Good engagement.
N-00994,ACC-1025,2025-10-21,Shairyar Khan,New VP came in over Marcus Barros's team and is reviewing all vendor relationships.
N-00995,ACC-1025,2025-11-04,Shairyar Khan,They asked what it would take to add 14 more seats.
N-00996,ACC-1025,2025-11-25,Shairyar Khan,"Short call. Reviewed open items, nothing escalated."
N-00997,ACC-1025,2025-12-12,Shairyar Khan,Escalation closed out. They appreciated the follow-through.
N-00998,ACC-1025,2025-12-26,Shairyar Khan,Found out Marcus Barros put in notice. Trying to get introduced to whoever picks this up.
N-00999,ACC-1025,2026-01-21,Shairyar Khan,The the reporting module issue is resolved. Confirmed with their admin.
N-01000,ACC-1025,2026-02-11,Shairyar Khan,Fix shipped. They tested it and closed the ticket themselves.
N-01001,ACC-1025,2026-03-05,Shairyar Khan,Exec sponsor confirmed budget is protected for next year.
N-01002,ACC-1025,2026-03-18,Shairyar Khan,Root cause shared with them. They were satisfied with the explanation.
N-01003,ACC-1025,2026-04-08,Shairyar Khan,Quick sync with Marcus Barros. Business as usual.
N-01004,ACC-1025,2026-04-22,Shairyar Khan,Exec sponsor confirmed budget is protected for next year.
N-01005,ACC-1025,2026-05-07,Shairyar Khan,Interest in the mobile app for a team that is not on the contract yet.
N-01006,ACC-1025,2026-05-29,Shairyar Khan,"Office hours session. 9 attendees, mostly questions about reporting."
N-01007,ACC-1025,2026-06-11,Shairyar Khan,Delivered onboarding for the new hires on their team.
N-01008,ACC-1025,2026-07-05,Shairyar Khan,Marcus Barros is on leave through Q4 and nobody was designated to cover the account.
N-01009,ACC-1025,2026-07-23,Shairyar Khan,We got the integration working. Their team is back to normal.
N-01010,ACC-1025,2026-08-09,Shairyar Khan,Found out Marcus Barros put in notice. Trying to get introduced to whoever picks this up.
N-01011,ACC-1025,2026-09-04,Shairyar Khan,Escalation closed out. They appreciated the follow-through.
N-01012,ACC-1026,2025-03-06,Caick Moreira,They want us to match a workflow that our product does not support.
N-01013,ACC-1026,2025-03-23,Caick Moreira,Root cause shared with them. They were satisfied with the explanation.
N-01014,ACC-1026,2025-04-10,Caick Moreira,Sync failures every week. Their admin is the one absorbing the pain.
N-01015,ACC-1026,2025-05-06,Caick Moreira,QBR went well. They presented our numbers to their leadership.
N-01016,ACC-1026,2025-05-18,Caick Moreira,"Office hours session. 5 attendees, mostly questions about reporting."
N-01017,ACC-1026,2025-06-05,Caick Moreira,Sent over the enablement material they asked for.
N-01018,ACC-1026,2025-06-23,Caick Moreira,Their CIO joined the call and reiterated this is a strategic system for them.
N-01019,ACC-1026,2025-07-14,Caick Moreira,Brief call with the admin. No issues raised.
N-01020,ACC-1026,2025-08-08,Caick Moreira,Asked about the higher tier. Sending over details.
N-01021,ACC-1026,2025-09-03,Caick Moreira,Root cause shared with them. They were satisfied with the explanation.
N-01022,ACC-1026,2025-09-27,Caick Moreira,Their IT team is blocking the SSO change we need for rollout.
N-01023,ACC-1026,2025-10-12,Caick Moreira,the API is slow at their data volume and they have said so repeatedly.
N-01024,ACC-1026,2025-11-10,Caick Moreira,Configuration drifted and nobody on their side owns it now.
N-01025,ACC-1026,2025-11-28,Caick Moreira,Configuration drifted and nobody on their side owns it now.
N-01026,ACC-1026,2025-12-25,Caick Moreira,Their second division reached out directly about getting access.
N-01027,ACC-1026,2026-01-13,Caick Moreira,Escalation closed out. They appreciated the follow-through.
N-01028,ACC-1026,2026-02-01,Caick Moreira,Their the reporting module integration broke again during their data load.
N-01029,ACC-1026,2026-02-24,Caick Moreira,Root cause shared with them. They were satisfied with the explanation.
N-01030,ACC-1026,2026-03-26,Caick Moreira,We got the integration working. Their team is back to normal.
N-01031,ACC-1026,2026-04-19,Caick Moreira,Exec sponsor confirmed budget is protected for next year.
N-01032,ACC-1026,2026-05-06,Caick Moreira,"Office hours session. 13 attendees, mostly questions about reporting."
N-01033,ACC-1026,2026-05-22,Caick Moreira,Talked through a multi-year option. They want pricing.
N-01034,ACC-1026,2026-06-05,Caick Moreira,Their the reporting module integration broke again during their data load.
N-01035,ACC-1026,2026-07-04,Caick Moreira,We got the integration working. Their team is back to normal.
N-01036,ACC-1026,2026-07-27,Caick Moreira,Their IT team is blocking the SSO change we need for rollout.
N-01037,ACC-1026,2026-08-20,Caick Moreira,QBR went well. They presented our numbers to their leadership.
N-01038,ACC-1027,2024-05-04,Caick Moreira,They asked whether we can do a shorter term or a smaller seat count.
N-01039,ACC-1027,2024-05-31,Caick Moreira,"Office hours session. 14 attendees, mostly questions about reporting."
N-01040,ACC-1027,2024-06-12,Caick Moreira,The role permissions issue is resolved. Confirmed with their admin.
N-01041,ACC-1027,2024-07-04,Caick Moreira,Delivered onboarding for the new hires on their team.
N-01042,ACC-1027,2024-08-03,Caick Moreira,Touched base. They are heads down on their own roadmap right now.
N-01043,ACC-1027,2024-09-01,Caick Moreira,They flagged that procurement now requires justification for anything over the threshold.
N-01044,ACC-1027,2024-09-30,Caick Moreira,New VP came in over Marcus Chen's team and is reviewing all vendor relationships.
N-01045,ACC-1027,2024-10-12,Caick Moreira,Fix shipped. They tested it and closed the ticket themselves.
N-01046,ACC-1027,2024-10-30,Caick Moreira,They included us in their annual planning conversation.
N-01047,ACC-1027,2024-11-27,Caick Moreira,Business review complete. Marcus Chen called out time savings on their team.
N-01048,ACC-1027,2024-12-12,Caick Moreira,Business review complete. Marcus Chen called out time savings on their team.
N-01049,ACC-1027,2025-01-07,Caick Moreira,Good session. Their exec attended and was engaged.
N-01050,ACC-1027,2025-02-01,Caick Moreira,Told me the spend is being questioned above Marcus Chen's level.
N-01051,ACC-1027,2025-02-14,Caick Moreira,Talked through a multi-year option. They want pricing.
N-01052,ACC-1027,2025-03-01,Caick Moreira,Company-wide cost reduction effort. We are on the list being evaluated.
N-01053,ACC-1027,2025-03-15,Caick Moreira,Told me the spend is being questioned above Marcus Chen's level.
N-01054,ACC-1027,2025-03-27,Caick Moreira,Escalation closed out. They appreciated the follow-through.
N-01055,ACC-1027,2025-04-18,Caick Moreira,Talked through a multi-year option. They want pricing.
N-01056,ACC-1027,2025-05-03,Caick Moreira,The role permissions issue is resolved. Confirmed with their admin.
N-01057,ACC-1027,2025-05-25,Caick Moreira,"Their new director does not know who we are. Sent an intro note, no reply yet."
N-01058,ACC-1027,2025-06-19,Caick Moreira,"Their CFO asked for a cost per user breakdown. Sent it, waiting."
N-01059,ACC-1027,2025-07-08,Caick Moreira,Root cause shared with them. They were satisfied with the explanation.
N-01060,ACC-1027,2025-07-24,Caick Moreira,New leadership reviewed the stack and kept us. Told me directly.
N-01061,ACC-1027,2025-08-05,Caick Moreira,Marcus Chen is on leave through Q4 and nobody was designated to cover the account.
N-01062,ACC-1027,2025-08-28,Caick Moreira,Reviewed the year. They are happy with where adoption landed.
N-01063,ACC-1027,2025-09-23,Caick Moreira,Touched base. They are heads down on their own roadmap right now.
N-01064,ACC-1027,2025-10-06,Caick Moreira,Escalation closed out. They appreciated the follow-through.
N-01065,ACC-1027,2025-10-20,Caick Moreira,Their procurement team has entered the conversation for the first time.
N-01066,ACC-1027,2025-11-02,Caick Moreira,They flagged that procurement now requires justification for anything over the threshold.
N-01067,ACC-1027,2025-11-26,Caick Moreira,Org change on their side. Marcus Chen no longer owns this relationship.
N-01068,ACC-1027,2025-12-18,Caick Moreira,Their second division reached out directly about getting access.
N-01069,ACC-1027,2026-01-06,Caick Moreira,Strong QBR. They want to talk about expanding to a second department.
N-01070,ACC-1027,2026-01-26,Caick Moreira,Good session. Their exec attended and was engaged.
N-01071,ACC-1027,2026-02-09,Caick Moreira,Finance is reviewing every software line item this cycle.
N-01072,ACC-1027,2026-02-27,Caick Moreira,They asked what it would take to add 11 more seats.
N-01073,ACC-1027,2026-03-27,Caick Moreira,Reviewed the year. They are happy with where adoption landed.
N-01074,ACC-1027,2026-04-12,Caick Moreira,Company-wide cost reduction effort. We are on the list being evaluated.
N-01075,ACC-1027,2026-04-30,Caick Moreira,Escalation closed out. They appreciated the follow-through.
N-01076,ACC-1027,2026-05-21,Caick Moreira,Quick sync with Marcus Chen. Business as usual.
N-01077,ACC-1027,2026-06-05,Caick Moreira,"Their CFO asked for a cost per user breakdown. Sent it, waiting."
N-01078,ACC-1027,2026-07-03,Caick Moreira,Their CIO joined the call and reiterated this is a strategic system for them.
N-01079,ACC-1027,2026-07-19,Caick Moreira,QBR went well. They presented our numbers to their leadership.
N-01080,ACC-1027,2026-08-03,Caick Moreira,Company-wide cost reduction effort. We are on the list being evaluated.
N-01081,ACC-1027,2026-08-27,Caick Moreira,Their procurement team has entered the conversation for the first time.
N-01082,ACC-1027,2026-09-11,Caick Moreira,Quick sync with Marcus Chen. Business as usual.
N-01083,ACC-1028,2025-01-28,Brittney Cole,Business review complete. Malik Mbeki called out time savings on their team.
N-01084,ACC-1028,2025-02-12,Brittney Cole,Escalation closed out. They appreciated the follow-through.
N-01085,ACC-1028,2025-03-02,Brittney Cole,Good session. Their exec attended and was engaged.
N-01086,ACC-1028,2025-03-19,Brittney Cole,Root cause shared with them. They were satisfied with the explanation.
N-01087,ACC-1028,2025-04-07,Brittney Cole,The SSO issue is resolved. Confirmed with their admin.
N-01088,ACC-1028,2025-05-03,Brittney Cole,Brief call with the admin. No issues raised.
N-01089,ACC-1028,2025-05-15,Brittney Cole,QBR went well. They presented our numbers to their leadership.
N-01090,ACC-1028,2025-06-07,Brittney Cole,Their CIO joined the call and reiterated this is a strategic system for them.
N-01091,ACC-1028,2025-06-22,Brittney Cole,Standing check-in held. Team is steady.
N-01092,ACC-1028,2025-07-20,Brittney Cole,Ran a refresher session on dashboards for 14 of their people.
N-01093,ACC-1028,2025-08-11,Brittney Cole,Escalation closed out. They appreciated the follow-through.
N-01094,ACC-1028,2025-09-03,Brittney Cole,Strong QBR. They want to talk about expanding to a second department.
N-01095,ACC-1028,2025-09-30,Brittney Cole,Root cause shared with them. They were satisfied with the explanation.
N-01096,ACC-1028,2025-10-19,Brittney Cole,Walked their analysts through the reporting module. Good engagement.
N-01097,ACC-1028,2025-11-18,Brittney Cole,Talked through a multi-year option. They want pricing.
N-01098,ACC-1028,2025-12-12,Brittney Cole,Good session. Their exec attended and was engaged.
N-01099,ACC-1028,2026-01-01,Brittney Cole,Strong QBR. They want to talk about expanding to a second department.
N-01100,ACC-1028,2026-01-21,Brittney Cole,Standing check-in held. Team is steady.
N-01101,ACC-1028,2026-02-15,Brittney Cole,They included us in their annual planning conversation.
N-01102,ACC-1028,2026-03-14,Brittney Cole,"Office hours session. 6 attendees, mostly questions about reporting."
N-01103,ACC-1028,2026-04-12,Brittney Cole,Reviewed the year. They are happy with where adoption landed.
N-01104,ACC-1028,2026-05-03,Brittney Cole,Quick sync with Malik Mbeki. Business as usual.
N-01105,ACC-1028,2026-05-16,Brittney Cole,"Short call. Reviewed open items, nothing escalated."
N-01106,ACC-1028,2026-06-05,Brittney Cole,Good session. Their exec attended and was engaged.
N-01107,ACC-1028,2026-06-25,Brittney Cole,Fix shipped. They tested it and closed the ticket themselves.
N-01108,ACC-1028,2026-07-16,Brittney Cole,Talked through a multi-year option. They want pricing.
N-01109,ACC-1028,2026-08-09,Brittney Cole,Touched base. They are heads down on their own roadmap right now.
N-01110,ACC-1028,2026-08-26,Brittney Cole,Escalation closed out. They appreciated the follow-through.
N-01111,ACC-1028,2026-09-11,Brittney Cole,Walked their analysts through the API. Good engagement.
N-01112,ACC-1029,2024-03-14,Caick Moreira,Quick sync with Talia Ramirez. Business as usual.
N-01113,ACC-1029,2024-04-06,Caick Moreira,Their second division reached out directly about getting access.
N-01114,ACC-1029,2024-04-18,Caick Moreira,Sent over the enablement material they asked for.
N-01115,ACC-1029,2024-05-16,Caick Moreira,They included us in their annual planning conversation.
N-01116,ACC-1029,2024-06-09,Caick Moreira,Exec sponsor confirmed budget is protected for next year.
N-01117,ACC-1029,2024-06-29,Caick Moreira,Good session. Their exec attended and was engaged.
N-01118,ACC-1029,2024-07-26,Caick Moreira,Brief call with the admin. No issues raised.
N-01119,ACC-1029,2024-08-11,Caick Moreira,Delivered onboarding for the new hires on their team.
N-01120,ACC-1029,2024-09-01,Caick Moreira,Asked about the higher tier. Sending over details.
N-01121,ACC-1029,2024-09-13,Caick Moreira,Their procurement team has entered the conversation for the first time.
N-01122,ACC-1029,2024-09-28,Caick Moreira,Their second division reached out directly about getting access.
N-01123,ACC-1029,2024-10-22,Caick Moreira,Fix shipped. They tested it and closed the ticket themselves.
N-01124,ACC-1029,2024-11-17,Caick Moreira,Interest in SSO for a team that is not on the contract yet.
N-01125,ACC-1029,2024-12-06,Caick Moreira,Login activity dropped off after the project lead changed. 9 active this month.
N-01126,ACC-1029,2024-12-27,Caick Moreira,Layoffs on their side. Seat count is going to come down at renewal.
N-01127,ACC-1029,2025-01-16,Caick Moreira,"Short call. Reviewed open items, nothing escalated."
N-01128,ACC-1029,2025-01-28,Caick Moreira,Layoffs on their side. Seat count is going to come down at renewal.
N-01129,ACC-1029,2025-02-18,Caick Moreira,They are paying for far more than they use and finance has started to notice.
N-01130,ACC-1029,2025-03-06,Caick Moreira,QBR went well. They presented our numbers to their leadership.
N-01131,ACC-1029,2025-04-03,Caick Moreira,Login activity dropped off after the project lead changed. 3 active this month.
N-01132,ACC-1029,2025-04-20,Caick Moreira,Root cause shared with them. They were satisfied with the explanation.
N-01133,ACC-1029,2025-05-06,Caick Moreira,Admin told me most of the team still does this work in spreadsheets.
N-01134,ACC-1029,2025-06-02,Caick Moreira,Fix shipped. They tested it and closed the ticket themselves.
N-01135,ACC-1029,2025-06-24,Caick Moreira,New leadership reviewed the stack and kept us. Told me directly.
N-01136,ACC-1029,2025-07-06,Caick Moreira,The the Salesforce sync issue is resolved. Confirmed with their admin.
N-01137,ACC-1029,2025-08-02,Caick Moreira,Fix shipped. They tested it and closed the ticket themselves.
N-01138,ACC-1029,2025-08-26,Caick Moreira,Monthly check-in. Nothing new to report.
N-01139,ACC-1029,2025-09-09,Caick Moreira,The the mobile app issue is resolved. Confirmed with their admin.
N-01140,ACC-1029,2025-10-05,Caick Moreira,New leadership reviewed the stack and kept us. Told me directly.
N-01141,ACC-1029,2025-11-01,Caick Moreira,Delivered onboarding for the new hires on their team.
N-01142,ACC-1029,2025-11-19,Caick Moreira,They flagged that procurement now requires justification for anything over the threshold.
N-01143,ACC-1029,2025-12-05,Caick Moreira,Asked about the higher tier. Sending over details.
N-01144,ACC-1029,2026-01-02,Caick Moreira,Exec sponsor confirmed budget is protected for next year.
N-01145,ACC-1029,2026-01-31,Caick Moreira,Their second division reached out directly about getting access.
N-01146,ACC-1029,2026-02-14,Caick Moreira,Admin told me most of the team still does this work in spreadsheets.
N-01147,ACC-1029,2026-03-05,Caick Moreira,"Seat utilization is under a third. Raised it, they acknowledged and moved on."
N-01148,ACC-1029,2026-03-25,Caick Moreira,Walked their analysts through the alerting rules. Good engagement.
N-01149,ACC-1029,2026-04-13,Caick Moreira,They included us in their annual planning conversation.
N-01150,ACC-1029,2026-05-12,Caick Moreira,We got the integration working. Their team is back to normal.
N-01151,ACC-1029,2026-06-03,Caick Moreira,The the bulk import issue is resolved. Confirmed with their admin.
N-01152,ACC-1029,2026-06-25,Caick Moreira,Quick sync with Talia Ramirez. Business as usual.
N-01153,ACC-1029,2026-07-25,Caick Moreira,Touched base. They are heads down on their own roadmap right now.
N-01154,ACC-1029,2026-08-08,Caick Moreira,Walked their analysts through the API. Good engagement.
N-01155,ACC-1029,2026-09-04,Caick Moreira,Their second division reached out directly about getting access.
N-01156,ACC-1030,2025-10-29,Owen Trask,They asked what it would take to add 8 more seats.
N-01157,ACC-1030,2025-11-22,Owen Trask,Their second division reached out directly about getting access.
N-01158,ACC-1030,2025-12-07,Owen Trask,Strong QBR. They want to talk about expanding to a second department.
N-01159,ACC-1030,2025-12-20,Owen Trask,Standing check-in held. Team is steady.
N-01160,ACC-1030,2026-01-18,Owen Trask,Brief call with the admin. No issues raised.
N-01161,ACC-1030,2026-01-31,Owen Trask,Walked their analysts through the mobile app. Good engagement.
N-01162,ACC-1030,2026-02-19,Owen Trask,Sent over the enablement material they asked for.
N-01163,ACC-1030,2026-03-06,Owen Trask,Touched base. They are heads down on their own roadmap right now.
N-01164,ACC-1030,2026-03-29,Owen Trask,"Office hours session. 14 attendees, mostly questions about reporting."
N-01165,ACC-1030,2026-04-27,Owen Trask,Fix shipped. They tested it and closed the ticket themselves.
N-01166,ACC-1030,2026-05-26,Owen Trask,Touched base. They are heads down on their own roadmap right now.
N-01167,ACC-1030,2026-06-15,Owen Trask,Sent over the enablement material they asked for.
N-01168,ACC-1030,2026-07-14,Owen Trask,Business review complete. Raj Nakamura called out time savings on their team.
N-01169,ACC-1030,2026-08-09,Owen Trask,They asked what it would take to add 2 more seats.
N-01170,ACC-1030,2026-08-29,Owen Trask,Talked through a multi-year option. They want pricing.
N-01171,ACC-1031,2025-07-07,Shairyar Khan,Fix shipped. They tested it and closed the ticket themselves.
N-01172,ACC-1031,2025-08-01,Shairyar Khan,Standing check-in held. Team is steady.
N-01173,ACC-1031,2025-08-23,Shairyar Khan,Wes Stroud was promoted and now owns a larger scope. Good for us.
N-01174,ACC-1031,2025-09-17,Shairyar Khan,The the alerting rules issue is resolved. Confirmed with their admin.
N-01175,ACC-1031,2025-10-08,Shairyar Khan,Their second division reached out directly about getting access.
N-01176,ACC-1031,2025-11-03,Shairyar Khan,Ran a refresher session on dashboards for 3 of their people.
N-01177,ACC-1031,2025-11-22,Shairyar Khan,Exec sponsor confirmed budget is protected for next year.
N-01178,ACC-1031,2025-12-15,Shairyar Khan,the API is slow at their data volume and they have said so repeatedly.
N-01179,ACC-1031,2026-01-14,Shairyar Khan,"Office hours session. 9 attendees, mostly questions about reporting."
N-01180,ACC-1031,2026-01-26,Shairyar Khan,Asked about the higher tier. Sending over details.
N-01181,ACC-1031,2026-02-25,Shairyar Khan,New leadership reviewed the stack and kept us. Told me directly.
N-01182,ACC-1031,2026-03-14,Shairyar Khan,Their IT team is blocking the SSO change we need for rollout.
N-01183,ACC-1031,2026-03-31,Shairyar Khan,The the reporting module setup has never worked the way they expected.
N-01184,ACC-1031,2026-04-28,Shairyar Khan,Standing check-in held. Team is steady.
N-01185,ACC-1031,2026-05-18,Shairyar Khan,Escalation closed out. They appreciated the follow-through.
N-01186,ACC-1031,2026-06-10,Shairyar Khan,Data quality issues on their side keep surfacing as complaints about us.
N-01187,ACC-1031,2026-07-02,Shairyar Khan,We got the integration working. Their team is back to normal.
N-01188,ACC-1031,2026-07-18,Shairyar Khan,Sync failures every week. Their admin is the one absorbing the pain.
N-01189,ACC-1031,2026-08-08,Shairyar Khan,The SSO issue is resolved. Confirmed with their admin.
N-01190,ACC-1031,2026-08-20,Shairyar Khan,Sync failures every week. Their admin is the one absorbing the pain.
N-01191,ACC-1032,2025-07-29,Leila Haddad,The the bulk import issue is resolved. Confirmed with their admin.
N-01192,ACC-1032,2025-08-26,Leila Haddad,Root cause shared with them. They were satisfied with the explanation.
N-01193,ACC-1032,2025-09-10,Leila Haddad,Their CIO joined the call and reiterated this is a strategic system for them.
N-01194,ACC-1032,2025-10-06,Leila Haddad,Sent over the enablement material they asked for.
N-01195,ACC-1032,2025-10-25,Leila Haddad,Business review complete. Mei Delgado called out time savings on their team.
N-01196,ACC-1032,2025-11-09,Leila Haddad,Their second division reached out directly about getting access.
N-01197,ACC-1032,2025-12-08,Leila Haddad,Reviewed the year. They are happy with where adoption landed.
N-01198,ACC-1032,2026-01-02,Leila Haddad,Sent over the enablement material they asked for.
N-01199,ACC-1032,2026-02-01,Leila Haddad,They included us in their annual planning conversation.
N-01200,ACC-1032,2026-02-16,Leila Haddad,Asked about the higher tier. Sending over details.
N-01201,ACC-1032,2026-03-06,Leila Haddad,They asked what it would take to add 8 more seats.
N-01202,ACC-1032,2026-03-26,Leila Haddad,We got the integration working. Their team is back to normal.
N-01203,ACC-1032,2026-04-20,Leila Haddad,Ran a refresher session on the alerting rules for 10 of their people.
N-01204,ACC-1032,2026-05-14,Leila Haddad,Business review complete. Mei Delgado called out time savings on their team.
N-01205,ACC-1032,2026-06-04,Leila Haddad,Good session. Their exec attended and was engaged.
N-01206,ACC-1032,2026-06-27,Leila Haddad,Their second division reached out directly about getting access.
N-01207,ACC-1032,2026-07-24,Leila Haddad,Fix shipped. They tested it and closed the ticket themselves.
N-01208,ACC-1032,2026-08-23,Leila Haddad,We got the integration working. Their team is back to normal.
N-01209,ACC-1032,2026-09-09,Leila Haddad,They included us in their annual planning conversation.
N-01210,ACC-1033,2025-03-10,Leila Haddad,Heard secondhand that Helmsman gave them aggressive pricing.
N-01211,ACC-1033,2025-03-28,Leila Haddad,They included us in their annual planning conversation.
N-01212,ACC-1033,2025-04-14,Leila Haddad,They are considering consolidating onto a spreadsheet-based process as part of a platform play.
N-01213,ACC-1033,2025-05-05,Leila Haddad,Their CIO joined the call and reiterated this is a strategic system for them.
N-01214,ACC-1033,2025-05-20,Leila Haddad,They mentioned they are piloting Lattitude with one team.
N-01215,ACC-1033,2025-06-07,Leila Haddad,Heard secondhand that Nimbus Track gave them aggressive pricing.
N-01216,ACC-1033,2025-07-02,Leila Haddad,Talked through a multi-year option. They want pricing.
N-01217,ACC-1033,2025-07-27,Leila Haddad,Fix shipped. They tested it and closed the ticket themselves.
N-01218,ACC-1033,2025-08-10,Leila Haddad,The SSO issue is resolved. Confirmed with their admin.
N-01219,ACC-1033,2025-09-01,Leila Haddad,Heard secondhand that Lattitude gave them aggressive pricing.
N-01220,ACC-1033,2025-09-29,Leila Haddad,The the bulk import issue is resolved. Confirmed with their admin.
N-01221,ACC-1033,2025-10-29,Leila Haddad,Fix shipped. They tested it and closed the ticket themselves.
N-01222,ACC-1033,2025-11-25,Leila Haddad,Business review complete. Malik Vasquez called out time savings on their team.
N-01223,ACC-1033,2025-12-13,Leila Haddad,They are considering consolidating onto Nimbus Track as part of a platform play.
N-01224,ACC-1033,2026-01-07,Leila Haddad,Root cause shared with them. They were satisfied with the explanation.
N-01225,ACC-1033,2026-02-04,Leila Haddad,Escalation closed out. They appreciated the follow-through.
N-01226,ACC-1033,2026-03-03,Leila Haddad,They included us in their annual planning conversation.
N-01227,ACC-1033,2026-03-22,Leila Haddad,Requested a feature comparison against a spreadsheet-based process. Sent one.
N-01228,ACC-1033,2026-04-16,Leila Haddad,Heard secondhand that Corveo gave them aggressive pricing.
N-01229,ACC-1033,2026-05-10,Leila Haddad,Their second division reached out directly about getting access.
N-01230,ACC-1033,2026-05-31,Leila Haddad,Requested a feature comparison against Lattitude. Sent one.
N-01231,ACC-1033,2026-06-22,Leila Haddad,Their second division reached out directly about getting access.
N-01232,ACC-1033,2026-07-05,Leila Haddad,QBR went well. They presented our numbers to their leadership.
N-01233,ACC-1033,2026-07-24,Leila Haddad,Fix shipped. They tested it and closed the ticket themselves.
N-01234,ACC-1033,2026-08-15,Leila Haddad,They mentioned they are piloting an in-house build with one team.
N-01235,ACC-1033,2026-09-06,Leila Haddad,Their CIO joined the call and reiterated this is a strategic system for them.
N-01236,ACC-1034,2022-10-21,Shairyar Khan,Fix shipped. They tested it and closed the ticket themselves.
N-01237,ACC-1034,2022-11-08,Shairyar Khan,The the reporting module issue is resolved. Confirmed with their admin.
N-01238,ACC-1034,2022-12-06,Shairyar Khan,Their team never completed rollout to the second region. 6 users total.
N-01239,ACC-1034,2022-12-27,Shairyar Khan,Only 14 of their licensed seats logged in last month.
N-01240,ACC-1034,2023-01-20,Shairyar Khan,Escalation closed out. They appreciated the follow-through.
N-01241,ACC-1034,2023-02-17,Shairyar Khan,They asked what it would take to add 11 more seats.
N-01242,ACC-1034,2023-03-05,Shairyar Khan,"Ran the numbers before the call. 8 active users, down from last quarter."
N-01243,ACC-1034,2023-04-02,Shairyar Khan,Interest in dashboards for a team that is not on the contract yet.
N-01244,ACC-1034,2023-05-02,Shairyar Khan,Quick sync with Ethan Achterberg. Business as usual.
N-01245,ACC-1034,2023-05-29,Shairyar Khan,Nobody outside the original two users has touched the Salesforce sync since onboarding.
N-01246,ACC-1034,2023-06-22,Shairyar Khan,The the bulk import issue is resolved. Confirmed with their admin.
N-01247,ACC-1034,2023-07-04,Shairyar Khan,Escalation closed out. They appreciated the follow-through.
N-01248,ACC-1034,2023-07-25,Shairyar Khan,Monthly check-in. Nothing new to report.
N-01249,ACC-1034,2023-08-24,Shairyar Khan,Nobody outside the original two users has touched the alerting rules since onboarding.
N-01250,ACC-1034,2023-09-23,Shairyar Khan,We got the integration working. Their team is back to normal.
N-01251,ACC-1034,2023-10-15,Shairyar Khan,Root cause shared with them. They were satisfied with the explanation.
N-01252,ACC-1034,2023-11-02,Shairyar Khan,Exec sponsor confirmed budget is protected for next year.
N-01253,ACC-1034,2023-11-28,Shairyar Khan,The role permissions issue is resolved. Confirmed with their admin.
N-01254,ACC-1034,2023-12-12,Shairyar Khan,Sent over the enablement material they asked for.
N-01255,ACC-1034,2024-01-07,Shairyar Khan,We got the integration working. Their team is back to normal.
N-01256,ACC-1034,2024-02-04,Shairyar Khan,Exec sponsor confirmed budget is protected for next year.
N-01257,ACC-1034,2024-02-19,Shairyar Khan,Escalation closed out. They appreciated the follow-through.
N-01258,ACC-1034,2024-03-20,Shairyar Khan,Root cause shared with them. They were satisfied with the explanation.
N-01259,ACC-1034,2024-04-12,Shairyar Khan,Interest in SSO for a team that is not on the contract yet.
N-01260,ACC-1034,2024-05-10,Shairyar Khan,Reviewed the year. They are happy with where adoption landed.
N-01261,ACC-1034,2024-05-24,Shairyar Khan,Fix shipped. They tested it and closed the ticket themselves.
N-01262,ACC-1034,2024-06-19,Shairyar Khan,We got the integration working. Their team is back to normal.
N-01263,ACC-1034,2024-07-18,Shairyar Khan,Quick sync with Ethan Achterberg. Business as usual.
N-01264,ACC-1034,2024-08-17,Shairyar Khan,Talked through a multi-year option. They want pricing.
N-01265,ACC-1034,2024-09-02,Shairyar Khan,Admin told me most of the team still does this work in spreadsheets.
N-01266,ACC-1034,2024-09-17,Shairyar Khan,"Seat utilization is under a third. Raised it, they acknowledged and moved on."
N-01267,ACC-1034,2024-10-14,Shairyar Khan,"Ran the numbers before the call. 14 active users, down from last quarter."
N-01268,ACC-1034,2024-10-30,Shairyar Khan,Only 2 of their licensed seats logged in last month.
N-01269,ACC-1034,2024-11-15,Shairyar Khan,We got the integration working. Their team is back to normal.
N-01270,ACC-1034,2024-11-30,Shairyar Khan,Nobody outside the original two users has touched the Salesforce sync since onboarding.
N-01271,ACC-1034,2024-12-21,Shairyar Khan,Standing check-in held. Team is steady.
N-01272,ACC-1034,2025-01-10,Shairyar Khan,Exec sponsor confirmed budget is protected for next year.
N-01273,ACC-1034,2025-01-25,Shairyar Khan,Business review complete. Ethan Achterberg called out time savings on their team.
N-01274,ACC-1034,2025-02-17,Shairyar Khan,Root cause shared with them. They were satisfied with the explanation.
N-01275,ACC-1034,2025-03-06,Shairyar Khan,"Office hours session. 5 attendees, mostly questions about reporting."
N-01276,ACC-1034,2025-03-18,Shairyar Khan,Strong QBR. They want to talk about expanding to a second department.
N-01277,ACC-1034,2025-03-31,Shairyar Khan,They asked what it would take to add 12 more seats.
N-01278,ACC-1034,2025-04-13,Shairyar Khan,We got the integration working. Their team is back to normal.
N-01279,ACC-1034,2025-05-10,Shairyar Khan,Their CIO joined the call and reiterated this is a strategic system for them.
N-01280,ACC-1034,2025-05-26,Shairyar Khan,Fix shipped. They tested it and closed the ticket themselves.
N-01281,ACC-1034,2025-06-08,Shairyar Khan,QBR went well. They presented our numbers to their leadership.
N-01282,ACC-1034,2025-06-20,Shairyar Khan,Business review complete. Ethan Achterberg called out time savings on their team.
N-01283,ACC-1034,2025-07-14,Shairyar Khan,Monthly check-in. Nothing new to report.
N-01284,ACC-1034,2025-08-03,Shairyar Khan,Only 5 of their licensed seats logged in last month.
N-01285,ACC-1034,2025-08-31,Shairyar Khan,Touched base. They are heads down on their own roadmap right now.
N-01286,ACC-1034,2025-09-15,Shairyar Khan,The the API issue is resolved. Confirmed with their admin.
N-01287,ACC-1034,2025-09-29,Shairyar Khan,They bought for the whole department but adoption never left the pilot team.
N-01288,ACC-1034,2025-10-11,Shairyar Khan,Walked their analysts through the API. Good engagement.
N-01289,ACC-1034,2025-10-30,Shairyar Khan,Delivered onboarding for the new hires on their team.
N-01290,ACC-1034,2025-11-20,Shairyar Khan,They are paying for far more than they use and finance has started to notice.
N-01291,ACC-1034,2025-12-08,Shairyar Khan,They bought for the whole department but adoption never left the pilot team.
N-01292,ACC-1034,2026-01-03,Shairyar Khan,"Seat utilization is under a third. Raised it, they acknowledged and moved on."
N-01293,ACC-1034,2026-01-31,Shairyar Khan,Ran a refresher session on SSO for 10 of their people.
N-01294,ACC-1034,2026-03-02,Shairyar Khan,"Seat utilization is under a third. Raised it, they acknowledged and moved on."
N-01295,ACC-1034,2026-03-30,Shairyar Khan,QBR went well. They presented our numbers to their leadership.
N-01296,ACC-1034,2026-04-25,Shairyar Khan,Login activity dropped off after the project lead changed. 4 active this month.
N-01297,ACC-1034,2026-05-21,Shairyar Khan,Asked about the higher tier. Sending over details.
N-01298,ACC-1034,2026-06-05,Shairyar Khan,Quick sync with Ethan Achterberg. Business as usual.
N-01299,ACC-1034,2026-06-27,Shairyar Khan,Escalation closed out. They appreciated the follow-through.
N-01300,ACC-1034,2026-07-26,Shairyar Khan,Their team never completed rollout to the second region. 11 users total.
N-01301,ACC-1034,2026-08-20,Shairyar Khan,Walked their analysts through data retention. Good engagement.
N-01302,ACC-1035,2024-01-09,Shairyar Khan,Their CIO joined the call and reiterated this is a strategic system for them.
N-01303,ACC-1035,2024-01-29,Shairyar Khan,Quick sync with Wes Barros. Business as usual.
N-01304,ACC-1035,2024-02-26,Shairyar Khan,Third follow-up from them on the same defect. Getting hard to defend.
N-01305,ACC-1035,2024-03-18,Shairyar Khan,Escalation closed out. They appreciated the follow-through.
N-01306,ACC-1035,2024-04-13,Shairyar Khan,They are frustrated. dashboards broke again during their month-end close.
N-01307,ACC-1035,2024-04-27,Shairyar Khan,Wes Barros asked me directly whether this is ever going to be fixed.
N-01308,ACC-1035,2024-05-26,Shairyar Khan,Interest in the API for a team that is not on the contract yet.
N-01309,ACC-1035,2024-06-24,Shairyar Khan,Their second division reached out directly about getting access.
N-01310,ACC-1035,2024-07-09,Shairyar Khan,"Office hours session. 12 attendees, mostly questions about reporting."
N-01311,ACC-1035,2024-08-03,Shairyar Khan,Reviewed the year. They are happy with where adoption landed.
N-01312,ACC-1035,2024-08-20,Shairyar Khan,Good session. Their exec attended and was engaged.
N-01313,ACC-1035,2024-09-13,Shairyar Khan,"Office hours session. 5 attendees, mostly questions about reporting."
N-01314,ACC-1035,2024-10-04,Shairyar Khan,Fix shipped. They tested it and closed the ticket themselves.
N-01315,ACC-1035,2024-10-25,Shairyar Khan,Touched base. They are heads down on their own roadmap right now.
N-01316,ACC-1035,2024-11-18,Shairyar Khan,They asked what it would take to add 12 more seats.
N-01317,ACC-1035,2024-12-12,Shairyar Khan,Escalation closed out. They appreciated the follow-through.
N-01318,ACC-1035,2025-01-05,Shairyar Khan,We got the integration working. Their team is back to normal.
N-01319,ACC-1035,2025-01-30,Shairyar Khan,The workaround we gave them for the alerting rules stopped working.
N-01320,ACC-1035,2025-02-26,Shairyar Khan,QBR went well. They presented our numbers to their leadership.
N-01321,ACC-1035,2025-03-22,Shairyar Khan,The data retention issue is resolved. Confirmed with their admin.
N-01322,ACC-1035,2025-04-09,Shairyar Khan,Their second division reached out directly about getting access.
N-01323,ACC-1035,2025-04-22,Shairyar Khan,"Their new director does not know who we are. Sent an intro note, no reply yet."
N-01324,ACC-1035,2025-05-15,Shairyar Khan,Found out Wes Barros put in notice. Trying to get introduced to whoever picks this up.
N-01325,ACC-1035,2025-06-01,Shairyar Khan,"Heads up, Wes Barros is leaving at the end of the month. She was our main advocate here."
N-01326,ACC-1035,2025-06-14,Shairyar Khan,Standing check-in held. Team is steady.
N-01327,ACC-1035,2025-06-28,Shairyar Khan,Fix shipped. They tested it and closed the ticket themselves.
N-01328,ACC-1035,2025-07-21,Shairyar Khan,Sent over the enablement material they asked for.
N-01329,ACC-1035,2025-08-12,Shairyar Khan,The the alerting rules issue is resolved. Confirmed with their admin.
N-01330,ACC-1035,2025-08-26,Shairyar Khan,Reviewed the year. They are happy with where adoption landed.
N-01331,ACC-1035,2025-09-15,Shairyar Khan,"Short call. Reviewed open items, nothing escalated."
N-01332,ACC-1035,2025-10-05,Shairyar Khan,Wes Barros was promoted and now owns a larger scope. Good for us.
N-01333,ACC-1035,2025-11-01,Shairyar Khan,Found out Wes Barros put in notice. Trying to get introduced to whoever picks this up.
N-01334,ACC-1035,2025-11-14,Shairyar Khan,Escalation closed out. They appreciated the follow-through.
N-01335,ACC-1035,2025-12-02,Shairyar Khan,Org change on their side. Wes Barros no longer owns this relationship.
N-01336,ACC-1035,2025-12-24,Shairyar Khan,Still waiting on the fix for the bulk import. This has been open for weeks.
N-01337,ACC-1035,2026-01-14,Shairyar Khan,Asked about the higher tier. Sending over details.
N-01338,ACC-1035,2026-02-12,Shairyar Khan,Touched base. They are heads down on their own roadmap right now.
N-01339,ACC-1035,2026-03-10,Shairyar Khan,New VP came in over Wes Barros's team and is reviewing all vendor relationships.
N-01340,ACC-1035,2026-04-03,Shairyar Khan,Outage during their peak week. They want a written explanation.
N-01341,ACC-1035,2026-05-01,Shairyar Khan,Reviewed the year. They are happy with where adoption landed.
N-01342,ACC-1035,2026-05-31,Shairyar Khan,"Wes Barros confirmed she is taking a role elsewhere. Asked her who to talk to, she was vague."
N-01343,ACC-1035,2026-06-12,Shairyar Khan,We got the integration working. Their team is back to normal.
N-01344,ACC-1035,2026-06-28,Shairyar Khan,Monthly check-in. Nothing new to report.
N-01345,ACC-1035,2026-07-13,Shairyar Khan,Fix shipped. They tested it and closed the ticket themselves.
N-01346,ACC-1035,2026-08-05,Shairyar Khan,They included us in their annual planning conversation.
N-01347,ACC-1035,2026-08-20,Shairyar Khan,Escalation closed out. They appreciated the follow-through.
N-01348,ACC-1036,2025-03-02,Brittney Cole,Escalation closed out. They appreciated the follow-through.
N-01349,ACC-1036,2025-03-28,Brittney Cole,"Short call. Reviewed open items, nothing escalated."
N-01350,ACC-1036,2025-04-15,Brittney Cole,Sent over the enablement material they asked for.
N-01351,ACC-1036,2025-05-10,Brittney Cole,Delivered onboarding for the new hires on their team.
N-01352,ACC-1036,2025-05-22,Brittney Cole,We got the integration working. Their team is back to normal.
N-01353,ACC-1036,2025-06-14,Brittney Cole,We got the integration working. Their team is back to normal.
N-01354,ACC-1036,2025-07-05,Brittney Cole,They are frustrated. the Salesforce sync broke again during their month-end close.
N-01355,ACC-1036,2025-07-31,Brittney Cole,Asked about the higher tier. Sending over details.
N-01356,ACC-1036,2025-08-17,Brittney Cole,Still waiting on the fix for role permissions. This has been open for weeks.
N-01357,ACC-1036,2025-09-13,Brittney Cole,We got the integration working. Their team is back to normal.
N-01358,ACC-1036,2025-10-12,Brittney Cole,The role permissions issue is resolved. Confirmed with their admin.
N-01359,ACC-1036,2025-10-25,Brittney Cole,Exec sponsor confirmed budget is protected for next year.
N-01360,ACC-1036,2025-11-10,Brittney Cole,Their CIO joined the call and reiterated this is a strategic system for them.
N-01361,ACC-1036,2025-12-02,Brittney Cole,Outage during their peak week. They want a written explanation.
N-01362,ACC-1036,2025-12-24,Brittney Cole,We got the integration working. Their team is back to normal.
N-01363,ACC-1036,2026-01-14,Brittney Cole,Talked through a multi-year option. They want pricing.
N-01364,ACC-1036,2026-01-30,Brittney Cole,Finance is reviewing every software line item this cycle.
N-01365,ACC-1036,2026-02-22,Brittney Cole,Fix shipped. They tested it and closed the ticket themselves.
N-01366,ACC-1036,2026-03-20,Brittney Cole,Fix shipped. They tested it and closed the ticket themselves.
N-01367,ACC-1036,2026-04-13,Brittney Cole,Still waiting on the fix for data retention. This has been open for weeks.
N-01368,ACC-1036,2026-04-29,Brittney Cole,Root cause shared with them. They were satisfied with the explanation.
N-01369,ACC-1036,2026-05-16,Brittney Cole,New leadership reviewed the stack and kept us. Told me directly.
N-01370,ACC-1036,2026-06-09,Brittney Cole,Sent over the enablement material they asked for.
N-01371,ACC-1036,2026-07-03,Brittney Cole,Reopened the issue with dashboards. Their patience is visibly thin.
N-01372,ACC-1036,2026-07-22,Brittney Cole,They are frustrated. the Salesforce sync broke again during their month-end close.
N-01373,ACC-1036,2026-08-21,Brittney Cole,Root cause shared with them. They were satisfied with the explanation.
N-01374,ACC-1036,2026-09-03,Brittney Cole,Escalation closed out. They appreciated the follow-through.
N-01375,ACC-1037,2023-08-06,Shairyar Khan,Walked their analysts through the bulk import. Good engagement.
N-01376,ACC-1037,2023-09-01,Shairyar Khan,Lost our exec sponsor. Carmen Achterberg was the reason this renewed last year.
N-01377,ACC-1037,2023-09-19,Shairyar Khan,Sent over the enablement material they asked for.
N-01378,ACC-1037,2023-10-08,Shairyar Khan,"Their new director does not know who we are. Sent an intro note, no reply yet."
N-01379,ACC-1037,2023-10-21,Shairyar Khan,"Office hours session. 3 attendees, mostly questions about reporting."
N-01380,ACC-1037,2023-11-17,Shairyar Khan,Their team has been evaluating a spreadsheet-based process for two months and did not tell us.
N-01381,ACC-1037,2023-11-29,Shairyar Khan,Brief call with the admin. No issues raised.
N-01382,ACC-1037,2023-12-25,Shairyar Khan,Asked about the higher tier. Sending over details.
N-01383,ACC-1037,2024-01-11,Shairyar Khan,Strong QBR. They want to talk about expanding to a second department.
N-01384,ACC-1037,2024-02-02,Shairyar Khan,"Their new director does not know who we are. Sent an intro note, no reply yet."
N-01385,ACC-1037,2024-02-14,Shairyar Khan,Their second division reached out directly about getting access.
N-01386,ACC-1037,2024-03-10,Shairyar Khan,We got the integration working. Their team is back to normal.
N-01387,ACC-1037,2024-03-28,Shairyar Khan,Walked their analysts through the mobile app. Good engagement.
N-01388,ACC-1037,2024-04-25,Shairyar Khan,Carmen Achterberg was promoted and now owns a larger scope. Good for us.
N-01389,ACC-1037,2024-05-13,Shairyar Khan,Sent over the enablement material they asked for.
N-01390,ACC-1037,2024-06-09,Shairyar Khan,Escalation closed out. They appreciated the follow-through.
N-01391,ACC-1037,2024-06-30,Shairyar Khan,Escalation closed out. They appreciated the follow-through.
N-01392,ACC-1037,2024-07-25,Shairyar Khan,"Short call. Reviewed open items, nothing escalated."
N-01393,ACC-1037,2024-08-10,Shairyar Khan,Brief call with the admin. No issues raised.
N-01394,ACC-1037,2024-08-30,Shairyar Khan,"Heads up, Carmen Achterberg is leaving at the end of the month. She was our main advocate here."
N-01395,ACC-1037,2024-09-23,Shairyar Khan,Delivered onboarding for the new hires on their team.
N-01396,ACC-1037,2024-10-07,Shairyar Khan,"Their new director does not know who we are. Sent an intro note, no reply yet."
N-01397,ACC-1037,2024-10-31,Shairyar Khan,Interest in data retention for a team that is not on the contract yet.
N-01398,ACC-1037,2024-11-24,Shairyar Khan,Heard secondhand that Parallax gave them aggressive pricing.
N-01399,ACC-1037,2024-12-20,Shairyar Khan,Fix shipped. They tested it and closed the ticket themselves.
N-01400,ACC-1037,2025-01-14,Shairyar Khan,They included us in their annual planning conversation.
N-01401,ACC-1037,2025-02-09,Shairyar Khan,Lost our exec sponsor. Carmen Achterberg was the reason this renewed last year.
N-01402,ACC-1037,2025-02-23,Shairyar Khan,Escalation closed out. They appreciated the follow-through.
N-01403,ACC-1037,2025-03-13,Shairyar Khan,New VP came in over Carmen Achterberg's team and is reviewing all vendor relationships.
N-01404,ACC-1037,2025-03-31,Shairyar Khan,Good session. Their exec attended and was engaged.
N-01405,ACC-1037,2025-04-25,Shairyar Khan,Standing check-in held. Team is steady.
N-01406,ACC-1037,2025-05-07,Shairyar Khan,They included us in their annual planning conversation.
N-01407,ACC-1037,2025-05-29,Shairyar Khan,Their CIO joined the call and reiterated this is a strategic system for them.
N-01408,ACC-1037,2025-06-26,Shairyar Khan,We got the integration working. Their team is back to normal.
N-01409,ACC-1037,2025-07-21,Shairyar Khan,Fix shipped. They tested it and closed the ticket themselves.
N-01410,ACC-1037,2025-08-20,Shairyar Khan,We got the integration working. Their team is back to normal.
N-01411,ACC-1037,2025-09-10,Shairyar Khan,"Heads up, Carmen Achterberg is leaving at the end of the month. She was our main advocate here."
N-01412,ACC-1037,2025-10-05,Shairyar Khan,Their team has been evaluating Orderly for two months and did not tell us.
N-01413,ACC-1037,2025-10-23,Shairyar Khan,Good session. Their exec attended and was engaged.
N-01414,ACC-1037,2025-11-08,Shairyar Khan,Came up that Lattitude has been in talking to their leadership.
N-01415,ACC-1037,2025-11-21,Shairyar Khan,Touched base. They are heads down on their own roadmap right now.
N-01416,ACC-1037,2025-12-09,Shairyar Khan,Requested a feature comparison against Parallax. Sent one.
N-01417,ACC-1037,2026-01-01,Shairyar Khan,Carmen Achterberg has moved to a different company. No replacement named yet.
N-01418,ACC-1037,2026-01-19,Shairyar Khan,Interest in role permissions for a team that is not on the contract yet.
N-01419,ACC-1037,2026-02-03,Shairyar Khan,Mentioned an RFP is going out before renewal.
N-01420,ACC-1037,2026-02-21,Shairyar Khan,"Carmen Achterberg confirmed she is taking a role elsewhere. Asked her who to talk to, she was vague."
N-01421,ACC-1037,2026-03-11,Shairyar Khan,Mentioned an RFP is going out before renewal.
N-01422,ACC-1037,2026-04-08,Shairyar Khan,"Heads up, Carmen Achterberg is leaving at the end of the month. She was our main advocate here."
N-01423,ACC-1037,2026-05-03,Shairyar Khan,Strong QBR. They want to talk about expanding to a second department.
N-01424,ACC-1037,2026-05-24,Shairyar Khan,Requested a feature comparison against a spreadsheet-based process. Sent one.
N-01425,ACC-1037,2026-06-15,Shairyar Khan,Asked me how we compare to Lattitude. First time that has come up.
N-01426,ACC-1037,2026-07-01,Shairyar Khan,"Heads up, Carmen Achterberg is leaving at the end of the month. She was our main advocate here."
N-01427,ACC-1037,2026-07-19,Shairyar Khan,Good session. Their exec attended and was engaged.
N-01428,ACC-1037,2026-08-05,Shairyar Khan,Asked me how we compare to Orderly. First time that has come up.
N-01429,ACC-1037,2026-08-22,Shairyar Khan,They are running a formal evaluation and we are one of three.
N-01430,ACC-1038,2024-04-01,Shairyar Khan,They asked what it would take to add 2 more seats.
N-01431,ACC-1038,2024-04-30,Shairyar Khan,New leadership reviewed the stack and kept us. Told me directly.
N-01432,ACC-1038,2024-05-12,Shairyar Khan,Ran a refresher session on the API for 3 of their people.
N-01433,ACC-1038,2024-06-08,Shairyar Khan,Asked about the higher tier. Sending over details.
N-01434,ACC-1038,2024-06-20,Shairyar Khan,Talked through a multi-year option. They want pricing.
N-01435,ACC-1038,2024-07-19,Shairyar Khan,Their CIO joined the call and reiterated this is a strategic system for them.
N-01436,ACC-1038,2024-08-18,Shairyar Khan,Sent over the enablement material they asked for.
N-01437,ACC-1038,2024-09-01,Shairyar Khan,We got the integration working. Their team is back to normal.
N-01438,ACC-1038,2024-09-20,Shairyar Khan,Walked their analysts through the Salesforce sync. Good engagement.
N-01439,ACC-1038,2024-10-20,Shairyar Khan,They included us in their annual planning conversation.
N-01440,ACC-1038,2024-11-12,Shairyar Khan,Their CIO joined the call and reiterated this is a strategic system for them.
N-01441,ACC-1038,2024-11-30,Shairyar Khan,Quick sync with Priya Ferreira. Business as usual.
N-01442,ACC-1038,2024-12-24,Shairyar Khan,Exec sponsor confirmed budget is protected for next year.
N-01443,ACC-1038,2025-01-23,Shairyar Khan,"Office hours session. 9 attendees, mostly questions about reporting."
N-01444,ACC-1038,2025-02-07,Shairyar Khan,Root cause shared with them. They were satisfied with the explanation.
N-01445,ACC-1038,2025-02-27,Shairyar Khan,Asked about the higher tier. Sending over details.
N-01446,ACC-1038,2025-03-21,Shairyar Khan,QBR went well. They presented our numbers to their leadership.
N-01447,ACC-1038,2025-04-02,Shairyar Khan,Ran a refresher session on the Salesforce sync for 3 of their people.
N-01448,ACC-1038,2025-04-17,Shairyar Khan,Business review complete. Priya Ferreira called out time savings on their team.
N-01449,ACC-1038,2025-05-12,Shairyar Khan,Standing check-in held. Team is steady.
N-01450,ACC-1038,2025-05-30,Shairyar Khan,Fix shipped. They tested it and closed the ticket themselves.
N-01451,ACC-1038,2025-06-22,Shairyar Khan,Sent over the enablement material they asked for.
N-01452,ACC-1038,2025-07-21,Shairyar Khan,Priya Ferreira was promoted and now owns a larger scope. Good for us.
N-01453,ACC-1038,2025-08-07,Shairyar Khan,Priya Ferreira was promoted and now owns a larger scope. Good for us.
N-01454,ACC-1038,2025-09-01,Shairyar Khan,QBR went well. They presented our numbers to their leadership.
N-01455,ACC-1038,2025-09-29,Shairyar Khan,Their second division reached out directly about getting access.
N-01456,ACC-1038,2025-10-20,Shairyar Khan,Good session. Their exec attended and was engaged.
N-01457,ACC-1038,2025-11-03,Shairyar Khan,Interest in the Salesforce sync for a team that is not on the contract yet.
N-01458,ACC-1038,2025-11-22,Shairyar Khan,"Office hours session. 5 attendees, mostly questions about reporting."
N-01459,ACC-1038,2025-12-11,Shairyar Khan,Quick sync with Priya Ferreira. Business as usual.
N-01460,ACC-1038,2025-12-26,Shairyar Khan,Priya Ferreira was promoted and now owns a larger scope. Good for us.
N-01461,ACC-1038,2026-01-15,Shairyar Khan,Brief call with the admin. No issues raised.
N-01462,ACC-1038,2026-02-12,Shairyar Khan,Root cause shared with them. They were satisfied with the explanation.
N-01463,ACC-1038,2026-03-10,Shairyar Khan,Standing check-in held. Team is steady.
N-01464,ACC-1038,2026-04-01,Shairyar Khan,"Short call. Reviewed open items, nothing escalated."
N-01465,ACC-1038,2026-04-27,Shairyar Khan,"Office hours session. 10 attendees, mostly questions about reporting."
N-01466,ACC-1038,2026-05-12,Shairyar Khan,Root cause shared with them. They were satisfied with the explanation.
N-01467,ACC-1038,2026-06-08,Shairyar Khan,Their second division reached out directly about getting access.
N-01468,ACC-1038,2026-06-28,Shairyar Khan,Escalation closed out. They appreciated the follow-through.
N-01469,ACC-1038,2026-07-23,Shairyar Khan,Strong QBR. They want to talk about expanding to a second department.
N-01470,ACC-1038,2026-08-19,Shairyar Khan,Interest in dashboards for a team that is not on the contract yet.
N-01471,ACC-1039,2024-04-13,Brittney Cole,We got the integration working. Their team is back to normal.
N-01472,ACC-1039,2024-05-13,Brittney Cole,Standing check-in held. Team is steady.
N-01473,ACC-1039,2024-06-01,Brittney Cole,Exec sponsor confirmed budget is protected for next year.
N-01474,ACC-1039,2024-06-27,Brittney Cole,Their CIO joined the call and reiterated this is a strategic system for them.
N-01475,ACC-1039,2024-07-09,Brittney Cole,Their the API integration broke again during their data load.
N-01476,ACC-1039,2024-08-03,Brittney Cole,Strong QBR. They want to talk about expanding to a second department.
N-01477,ACC-1039,2024-08-23,Brittney Cole,We got the integration working. Their team is back to normal.
N-01478,ACC-1039,2024-09-21,Brittney Cole,Reviewed the year. They are happy with where adoption landed.
N-01479,ACC-1039,2024-10-05,Brittney Cole,Fix shipped. They tested it and closed the ticket themselves.
N-01480,ACC-1039,2024-10-19,Brittney Cole,Interest in the bulk import for a team that is not on the contract yet.
N-01481,ACC-1039,2024-11-15,Brittney Cole,Business review complete. Malik Abbott called out time savings on their team.
N-01482,ACC-1039,2024-11-30,Brittney Cole,Configuration drifted and nobody on their side owns it now.
N-01483,ACC-1039,2024-12-17,Brittney Cole,Ran a refresher session on data retention for 12 of their people.
N-01484,ACC-1039,2025-01-10,Brittney Cole,Escalation closed out. They appreciated the follow-through.
N-01485,ACC-1039,2025-02-03,Brittney Cole,the mobile app is slow at their data volume and they have said so repeatedly.
N-01486,ACC-1039,2025-03-01,Brittney Cole,Fix shipped. They tested it and closed the ticket themselves.
N-01487,ACC-1039,2025-03-20,Brittney Cole,Delivered onboarding for the new hires on their team.
N-01488,ACC-1039,2025-04-01,Brittney Cole,the Salesforce sync is slow at their data volume and they have said so repeatedly.
N-01489,ACC-1039,2025-04-30,Brittney Cole,Interest in data retention for a team that is not on the contract yet.
N-01490,ACC-1039,2025-05-20,Brittney Cole,Reviewed the year. They are happy with where adoption landed.
N-01491,ACC-1039,2025-06-11,Brittney Cole,Fix shipped. They tested it and closed the ticket themselves.
N-01492,ACC-1039,2025-07-10,Brittney Cole,Root cause shared with them. They were satisfied with the explanation.
N-01493,ACC-1039,2025-07-25,Brittney Cole,Escalation closed out. They appreciated the follow-through.
N-01494,ACC-1039,2025-08-24,Brittney Cole,Their second division reached out directly about getting access.
N-01495,ACC-1039,2025-09-05,Brittney Cole,Touched base. They are heads down on their own roadmap right now.
N-01496,ACC-1039,2025-09-28,Brittney Cole,the reporting module is slow at their data volume and they have said so repeatedly.
N-01497,ACC-1039,2025-10-25,Brittney Cole,"Office hours session. 6 attendees, mostly questions about reporting."
N-01498,ACC-1039,2025-11-23,Brittney Cole,Sent over the enablement material they asked for.
N-01499,ACC-1039,2025-12-22,Brittney Cole,Standing check-in held. Team is steady.
N-01500,ACC-1039,2026-01-06,Brittney Cole,The SSO issue is resolved. Confirmed with their admin.
N-01501,ACC-1039,2026-01-24,Brittney Cole,They do not have the internal engineering capacity to finish the integration.
N-01502,ACC-1039,2026-02-08,Brittney Cole,We got the integration working. Their team is back to normal.
N-01503,ACC-1039,2026-03-07,Brittney Cole,They do not have the internal engineering capacity to finish the integration.
N-01504,ACC-1039,2026-03-24,Brittney Cole,They asked what it would take to add 8 more seats.
N-01505,ACC-1039,2026-04-11,Brittney Cole,Sync failures every week. Their admin is the one absorbing the pain.
N-01506,ACC-1039,2026-05-01,Brittney Cole,Configuration drifted and nobody on their side owns it now.
N-01507,ACC-1039,2026-05-18,Brittney Cole,Their role permissions integration broke again during their data load.
N-01508,ACC-1039,2026-05-30,Brittney Cole,QBR went well. They presented our numbers to their leadership.
N-01509,ACC-1039,2026-06-26,Brittney Cole,Sync failures every week. Their admin is the one absorbing the pain.
N-01510,ACC-1039,2026-07-19,Brittney Cole,Fix shipped. They tested it and closed the ticket themselves.
N-01511,ACC-1039,2026-08-01,Brittney Cole,Touched base. They are heads down on their own roadmap right now.
N-01512,ACC-1039,2026-08-18,Brittney Cole,The the bulk import issue is resolved. Confirmed with their admin.
N-01513,ACC-1039,2026-09-03,Brittney Cole,Asked about the higher tier. Sending over details.
N-01514,ACC-1040,2025-10-04,Nuala Byrne,"Ran the numbers before the call. 7 active users, down from last quarter."
N-01515,ACC-1040,2025-10-17,Nuala Byrne,Asked about the higher tier. Sending over details.
N-01516,ACC-1040,2025-11-08,Nuala Byrne,New leadership reviewed the stack and kept us. Told me directly.
N-01517,ACC-1040,2025-11-26,Nuala Byrne,Outage during their peak week. They want a written explanation.
N-01518,ACC-1040,2025-12-21,Nuala Byrne,Usage is flat. 9 weekly active users against a much larger contract.
N-01519,ACC-1040,2026-01-05,Nuala Byrne,They are paying for far more than they use and finance has started to notice.
N-01520,ACC-1040,2026-01-26,Nuala Byrne,The the bulk import issue is resolved. Confirmed with their admin.
N-01521,ACC-1041,2025-05-01,Caick Moreira,Their CIO joined the call and reiterated this is a strategic system for them.
N-01522,ACC-1041,2025-05-19,Caick Moreira,We got the integration working. Their team is back to normal.
N-01523,ACC-1041,2025-06-01,Caick Moreira,Fix shipped. They tested it and closed the ticket themselves.
N-01524,ACC-1041,2025-06-19,Caick Moreira,Their CIO joined the call and reiterated this is a strategic system for them.
N-01525,ACC-1041,2025-07-04,Caick Moreira,Fix shipped. They tested it and closed the ticket themselves.
N-01526,ACC-1041,2025-07-23,Caick Moreira,Quick sync with Claire Vasquez. Business as usual.
N-01527,ACC-1041,2025-08-12,Caick Moreira,They included us in their annual planning conversation.
N-01528,ACC-1041,2025-08-24,Caick Moreira,Business review complete. Claire Vasquez called out time savings on their team.
N-01529,ACC-1041,2025-09-05,Caick Moreira,We got the integration working. Their team is back to normal.
N-01530,ACC-1041,2025-09-20,Caick Moreira,Came up that Helmsman has been in talking to their leadership.
N-01531,ACC-1041,2025-10-07,Caick Moreira,We got the integration working. Their team is back to normal.
N-01532,ACC-1041,2025-10-28,Caick Moreira,"Short call. Reviewed open items, nothing escalated."
N-01533,ACC-1041,2025-11-24,Caick Moreira,They skipped the business review entirely this cycle.
N-01534,ACC-1041,2025-12-13,Caick Moreira,Asked me how we compare to Corveo. First time that has come up.
N-01535,ACC-1041,2026-01-07,Caick Moreira,"Office hours session. 14 attendees, mostly questions about reporting."
N-01536,ACC-1041,2026-01-25,Caick Moreira,Standing check-in held. Team is steady.
N-01537,ACC-1041,2026-02-14,Caick Moreira,Ran a refresher session on role permissions for 4 of their people.
N-01538,ACC-1041,2026-03-07,Caick Moreira,Fix shipped. They tested it and closed the ticket themselves.
N-01539,ACC-1041,2026-04-02,Caick Moreira,Went quiet after the escalation. Not sure who owns us there now.
N-01540,ACC-1041,2026-04-18,Caick Moreira,Brief call with the admin. No issues raised.
N-01541,ACC-1041,2026-05-17,Caick Moreira,Claire Vasquez stopped replying after the last pricing conversation.
N-01542,ACC-1041,2026-06-01,Caick Moreira,The role permissions issue is resolved. Confirmed with their admin.
N-01543,ACC-1041,2026-07-01,Caick Moreira,Third reschedule on the QBR. No new date proposed.
N-01544,ACC-1041,2026-07-28,Caick Moreira,Good session. Their exec attended and was engaged.
N-01545,ACC-1041,2026-08-16,Caick Moreira,Reviewed the year. They are happy with where adoption landed.
N-01546,ACC-1042,2024-08-08,Nuala Byrne,We got the integration working. Their team is back to normal.
N-01547,ACC-1042,2024-08-20,Nuala Byrne,"Short call. Reviewed open items, nothing escalated."
N-01548,ACC-1042,2024-09-13,Nuala Byrne,The role permissions setup has never worked the way they expected.
N-01549,ACC-1042,2024-10-09,Nuala Byrne,Their second division reached out directly about getting access.
N-01550,ACC-1042,2024-11-02,Nuala Byrne,"Ran the numbers before the call. 11 active users, down from last quarter."
N-01551,ACC-1042,2024-11-20,Nuala Byrne,They included us in their annual planning conversation.
N-01552,ACC-1042,2024-12-15,Nuala Byrne,Interest in the API for a team that is not on the contract yet.
N-01553,ACC-1042,2025-01-10,Nuala Byrne,Exec sponsor confirmed budget is protected for next year.
N-01554,ACC-1042,2025-02-01,Nuala Byrne,We got the integration working. Their team is back to normal.
N-01555,ACC-1042,2025-02-13,Nuala Byrne,Fix shipped. They tested it and closed the ticket themselves.
N-01556,ACC-1042,2025-03-01,Nuala Byrne,Delivered onboarding for the new hires on their team.
N-01557,ACC-1042,2025-03-20,Nuala Byrne,We got the integration working. Their team is back to normal.
N-01558,ACC-1042,2025-04-17,Nuala Byrne,The the API issue is resolved. Confirmed with their admin.
N-01559,ACC-1042,2025-04-29,Nuala Byrne,QBR went well. They presented our numbers to their leadership.
N-01560,ACC-1042,2025-05-15,Nuala Byrne,Touched base. They are heads down on their own roadmap right now.
N-01561,ACC-1042,2025-06-11,Nuala Byrne,Escalation closed out. They appreciated the follow-through.
N-01562,ACC-1042,2025-06-27,Nuala Byrne,Login activity dropped off after the project lead changed. 10 active this month.
N-01563,ACC-1042,2025-07-26,Nuala Byrne,Business review complete. Marcus Saltzman called out time savings on their team.
N-01564,ACC-1042,2025-08-10,Nuala Byrne,We got the integration working. Their team is back to normal.
N-01565,ACC-1042,2025-08-27,Nuala Byrne,Reviewed the year. They are happy with where adoption landed.
N-01566,ACC-1042,2025-09-23,Nuala Byrne,QBR went well. They presented our numbers to their leadership.
N-01567,ACC-1042,2025-10-09,Nuala Byrne,Ran a refresher session on the mobile app for 6 of their people.
N-01568,ACC-1042,2025-10-23,Nuala Byrne,They asked what it would take to add 7 more seats.
N-01569,ACC-1042,2025-11-12,Nuala Byrne,Configuration drifted and nobody on their side owns it now.
N-01570,ACC-1042,2025-11-29,Nuala Byrne,Admin told me most of the team still does this work in spreadsheets.
N-01571,ACC-1042,2025-12-21,Nuala Byrne,Data quality issues on their side keep surfacing as complaints about us.
N-01572,ACC-1042,2026-01-06,Nuala Byrne,Brief call with the admin. No issues raised.
N-01573,ACC-1042,2026-01-24,Nuala Byrne,Brief call with the admin. No issues raised.
N-01574,ACC-1042,2026-02-16,Nuala Byrne,Their second division reached out directly about getting access.
N-01575,ACC-1042,2026-03-08,Nuala Byrne,QBR went well. They presented our numbers to their leadership.
N-01576,ACC-1042,2026-03-30,Nuala Byrne,Quick sync with Marcus Saltzman. Business as usual.
N-01577,ACC-1042,2026-04-16,Nuala Byrne,Fix shipped. They tested it and closed the ticket themselves.
N-01578,ACC-1042,2026-04-28,Nuala Byrne,Their CIO joined the call and reiterated this is a strategic system for them.
N-01579,ACC-1042,2026-05-24,Nuala Byrne,The the reporting module issue is resolved. Confirmed with their admin.
N-01580,ACC-1042,2026-06-09,Nuala Byrne,They bought for the whole department but adoption never left the pilot team.
N-01581,ACC-1042,2026-07-04,Nuala Byrne,The role permissions issue is resolved. Confirmed with their admin.
N-01582,ACC-1042,2026-08-01,Nuala Byrne,Their team never completed rollout to the second region. 6 users total.
N-01583,ACC-1042,2026-08-31,Nuala Byrne,Fix shipped. They tested it and closed the ticket themselves.
N-01584,ACC-1043,2022-12-14,Nuala Byrne,The SSO issue is resolved. Confirmed with their admin.
N-01585,ACC-1043,2023-01-02,Nuala Byrne,Root cause shared with them. They were satisfied with the explanation.
N-01586,ACC-1043,2023-01-30,Nuala Byrne,"Office hours session. 13 attendees, mostly questions about reporting."
N-01587,ACC-1043,2023-02-18,Nuala Byrne,Escalation closed out. They appreciated the follow-through.
N-01588,ACC-1043,2023-03-03,Nuala Byrne,QBR went well. They presented our numbers to their leadership.
N-01589,ACC-1043,2023-03-29,Nuala Byrne,The data retention issue is resolved. Confirmed with their admin.
N-01590,ACC-1043,2023-04-21,Nuala Byrne,Their CIO joined the call and reiterated this is a strategic system for them.
N-01591,ACC-1043,2023-05-14,Nuala Byrne,Talked through a multi-year option. They want pricing.
N-01592,ACC-1043,2023-06-10,Nuala Byrne,Fix shipped. They tested it and closed the ticket themselves.
N-01593,ACC-1043,2023-06-23,Nuala Byrne,Their second division reached out directly about getting access.
N-01594,ACC-1043,2023-07-17,Nuala Byrne,Their second division reached out directly about getting access.
N-01595,ACC-1043,2023-08-10,Nuala Byrne,Quick sync with Mei Chen. Business as usual.
N-01596,ACC-1043,2023-08-26,Nuala Byrne,"Short call. Reviewed open items, nothing escalated."
N-01597,ACC-1043,2023-09-12,Nuala Byrne,"Short call. Reviewed open items, nothing escalated."
N-01598,ACC-1043,2023-10-04,Nuala Byrne,Their second division reached out directly about getting access.
N-01599,ACC-1043,2023-10-24,Nuala Byrne,Asked about the higher tier. Sending over details.
N-01600,ACC-1043,2023-11-10,Nuala Byrne,The the API issue is resolved. Confirmed with their admin.
N-01601,ACC-1043,2023-12-02,Nuala Byrne,They included us in their annual planning conversation.
N-01602,ACC-1043,2023-12-29,Nuala Byrne,Their second division reached out directly about getting access.
N-01603,ACC-1043,2024-01-15,Nuala Byrne,Good session. Their exec attended and was engaged.
N-01604,ACC-1043,2024-01-31,Nuala Byrne,Strong QBR. They want to talk about expanding to a second department.
N-01605,ACC-1043,2024-02-27,Nuala Byrne,Talked through a multi-year option. They want pricing.
N-01606,ACC-1043,2024-03-20,Nuala Byrne,Reviewed the year. They are happy with where adoption landed.
N-01607,ACC-1043,2024-04-19,Nuala Byrne,Fix shipped. They tested it and closed the ticket themselves.
N-01608,ACC-1043,2024-05-19,Nuala Byrne,Sent over the enablement material they asked for.
N-01609,ACC-1043,2024-06-18,Nuala Byrne,Touched base. They are heads down on their own roadmap right now.
N-01610,ACC-1043,2024-07-04,Nuala Byrne,Standing check-in held. Team is steady.
N-01611,ACC-1043,2024-07-24,Nuala Byrne,Interest in SSO for a team that is not on the contract yet.
N-01612,ACC-1043,2024-08-06,Nuala Byrne,Ran a refresher session on the mobile app for 11 of their people.
N-01613,ACC-1043,2024-09-02,Nuala Byrne,Strong QBR. They want to talk about expanding to a second department.
N-01614,ACC-1043,2024-10-01,Nuala Byrne,Fix shipped. They tested it and closed the ticket themselves.
N-01615,ACC-1043,2024-10-14,Nuala Byrne,Sent over the enablement material they asked for.
N-01616,ACC-1043,2024-11-07,Nuala Byrne,Touched base. They are heads down on their own roadmap right now.
N-01617,ACC-1043,2024-11-28,Nuala Byrne,We got the integration working. Their team is back to normal.
N-01618,ACC-1043,2024-12-14,Nuala Byrne,Asked about the higher tier. Sending over details.
N-01619,ACC-1043,2025-01-05,Nuala Byrne,Reviewed the year. They are happy with where adoption landed.
N-01620,ACC-1043,2025-01-31,Nuala Byrne,Mei Chen was promoted and now owns a larger scope. Good for us.
N-01621,ACC-1043,2025-02-13,Nuala Byrne,Exec sponsor confirmed budget is protected for next year.
N-01622,ACC-1043,2025-03-09,Nuala Byrne,We got the integration working. Their team is back to normal.
N-01623,ACC-1043,2025-03-31,Nuala Byrne,Brief call with the admin. No issues raised.
N-01624,ACC-1043,2025-04-30,Nuala Byrne,Their CIO joined the call and reiterated this is a strategic system for them.
N-01625,ACC-1043,2025-05-14,Nuala Byrne,Standing check-in held. Team is steady.
N-01626,ACC-1043,2025-06-06,Nuala Byrne,QBR went well. They presented our numbers to their leadership.
N-01627,ACC-1043,2025-06-20,Nuala Byrne,Their CIO joined the call and reiterated this is a strategic system for them.
N-01628,ACC-1043,2025-07-06,Nuala Byrne,Quick sync with Mei Chen. Business as usual.
N-01629,ACC-1043,2025-07-26,Nuala Byrne,Brief call with the admin. No issues raised.
N-01630,ACC-1043,2025-08-14,Nuala Byrne,Quick sync with Mei Chen. Business as usual.
N-01631,ACC-1043,2025-09-11,Nuala Byrne,Their second division reached out directly about getting access.
N-01632,ACC-1043,2025-10-02,Nuala Byrne,We got the integration working. Their team is back to normal.
N-01633,ACC-1043,2025-11-01,Nuala Byrne,Sent over the enablement material they asked for.
N-01634,ACC-1043,2025-11-15,Nuala Byrne,Good session. Their exec attended and was engaged.
N-01635,ACC-1043,2025-12-01,Nuala Byrne,Root cause shared with them. They were satisfied with the explanation.
N-01636,ACC-1043,2025-12-24,Nuala Byrne,Delivered onboarding for the new hires on their team.
N-01637,ACC-1043,2026-01-15,Nuala Byrne,They asked what it would take to add 2 more seats.
N-01638,ACC-1043,2026-02-10,Nuala Byrne,Root cause shared with them. They were satisfied with the explanation.
N-01639,ACC-1043,2026-02-25,Nuala Byrne,Brief call with the admin. No issues raised.
N-01640,ACC-1043,2026-03-27,Nuala Byrne,Business review complete. Mei Chen called out time savings on their team.
N-01641,ACC-1043,2026-04-09,Nuala Byrne,Sent over the enablement material they asked for.
N-01642,ACC-1043,2026-04-21,Nuala Byrne,Delivered onboarding for the new hires on their team.
N-01643,ACC-1043,2026-05-15,Nuala Byrne,Their second division reached out directly about getting access.
N-01644,ACC-1043,2026-06-13,Nuala Byrne,Fix shipped. They tested it and closed the ticket themselves.
N-01645,ACC-1043,2026-06-25,Nuala Byrne,Their CIO joined the call and reiterated this is a strategic system for them.
N-01646,ACC-1043,2026-07-16,Nuala Byrne,Root cause shared with them. They were satisfied with the explanation.
N-01647,ACC-1043,2026-08-08,Nuala Byrne,"Office hours session. 6 attendees, mostly questions about reporting."
N-01648,ACC-1043,2026-09-02,Nuala Byrne,QBR went well. They presented our numbers to their leadership.
N-01649,ACC-1044,2024-05-31,Owen Trask,Interest in the API for a team that is not on the contract yet.
N-01650,ACC-1044,2024-06-19,Owen Trask,New leadership reviewed the stack and kept us. Told me directly.
N-01651,ACC-1044,2024-07-19,Owen Trask,Fix shipped. They tested it and closed the ticket themselves.
N-01652,ACC-1044,2024-08-12,Owen Trask,Nobody outside the original two users has touched role permissions since onboarding.
N-01653,ACC-1044,2024-08-24,Owen Trask,Brief call with the admin. No issues raised.
N-01654,ACC-1044,2024-09-14,Owen Trask,Walked their analysts through dashboards. Good engagement.
N-01655,ACC-1044,2024-10-03,Owen Trask,Brief call with the admin. No issues raised.
N-01656,ACC-1044,2024-11-01,Owen Trask,Interest in dashboards for a team that is not on the contract yet.
N-01657,ACC-1044,2024-11-15,Owen Trask,Their second division reached out directly about getting access.
N-01658,ACC-1044,2024-12-08,Owen Trask,Dana Ferreira was promoted and now owns a larger scope. Good for us.
N-01659,ACC-1044,2024-12-25,Owen Trask,Reviewed the year. They are happy with where adoption landed.
N-01660,ACC-1044,2025-01-21,Owen Trask,Talked through a multi-year option. They want pricing.
N-01661,ACC-1044,2025-02-10,Owen Trask,Strong QBR. They want to talk about expanding to a second department.
N-01662,ACC-1044,2025-03-11,Owen Trask,Ran a refresher session on the alerting rules for 12 of their people.
N-01663,ACC-1044,2025-03-27,Owen Trask,Dana Ferreira was promoted and now owns a larger scope. Good for us.
N-01664,ACC-1044,2025-04-20,Owen Trask,Usage is flat. 3 weekly active users against a much larger contract.
N-01665,ACC-1044,2025-05-20,Owen Trask,Org change on their side. Dana Ferreira no longer owns this relationship.
N-01666,ACC-1044,2025-06-04,Owen Trask,Good session. Their exec attended and was engaged.
N-01667,ACC-1044,2025-06-28,Owen Trask,Nobody outside the original two users has touched the bulk import since onboarding.
N-01668,ACC-1044,2025-07-24,Owen Trask,New VP came in over Dana Ferreira's team and is reviewing all vendor relationships.
N-01669,ACC-1044,2025-08-08,Owen Trask,Their IT team is blocking the SSO change we need for rollout.
N-01670,ACC-1044,2025-08-26,Owen Trask,The the reporting module setup has never worked the way they expected.
N-01671,ACC-1045,2026-01-23,Leila Haddad,Data quality issues on their side keep surfacing as complaints about us.
N-01672,ACC-1045,2026-02-16,Leila Haddad,Sync failures every week. Their admin is the one absorbing the pain.
N-01673,ACC-1045,2026-03-09,Leila Haddad,Exec sponsor confirmed budget is protected for next year.
N-01674,ACC-1045,2026-04-05,Leila Haddad,Admin told me most of the team still does this work in spreadsheets.
N-01675,ACC-1045,2026-05-04,Leila Haddad,Asked about the higher tier. Sending over details.
N-01676,ACC-1045,2026-05-28,Leila Haddad,Data quality issues on their side keep surfacing as complaints about us.
N-01677,ACC-1045,2026-06-11,Leila Haddad,Their team never completed rollout to the second region. 5 users total.
N-01678,ACC-1046,2025-01-05,Caick Moreira,We got the integration working. Their team is back to normal.
N-01679,ACC-1046,2025-01-20,Caick Moreira,Sent over the enablement material they asked for.
N-01680,ACC-1046,2025-02-03,Caick Moreira,Talked through a multi-year option. They want pricing.
N-01681,ACC-1046,2025-02-16,Caick Moreira,Brief call with the admin. No issues raised.
N-01682,ACC-1046,2025-03-09,Caick Moreira,Touched base. They are heads down on their own roadmap right now.
N-01683,ACC-1046,2025-03-25,Caick Moreira,Quick sync with Simone Ramirez. Business as usual.
N-01684,ACC-1046,2025-04-06,Caick Moreira,Fix shipped. They tested it and closed the ticket themselves.
N-01685,ACC-1046,2025-04-23,Caick Moreira,Root cause shared with them. They were satisfied with the explanation.
N-01686,ACC-1046,2025-05-19,Caick Moreira,Monthly check-in. Nothing new to report.
N-01687,ACC-1046,2025-06-18,Caick Moreira,Talked through a multi-year option. They want pricing.
N-01688,ACC-1046,2025-07-16,Caick Moreira,Good session. Their exec attended and was engaged.
N-01689,ACC-1046,2025-07-29,Caick Moreira,Exec sponsor confirmed budget is protected for next year.
N-01690,ACC-1046,2025-08-18,Caick Moreira,Escalation closed out. They appreciated the follow-through.
N-01691,ACC-1046,2025-09-06,Caick Moreira,Ran a refresher session on SSO for 3 of their people.
N-01692,ACC-1046,2025-10-06,Caick Moreira,"Office hours session. 6 attendees, mostly questions about reporting."
N-01693,ACC-1046,2025-11-02,Caick Moreira,Fix shipped. They tested it and closed the ticket themselves.
N-01694,ACC-1046,2025-11-15,Caick Moreira,Walked their analysts through role permissions. Good engagement.
N-01695,ACC-1046,2025-12-08,Caick Moreira,Monthly check-in. Nothing new to report.
N-01696,ACC-1046,2025-12-20,Caick Moreira,Walked their analysts through the Salesforce sync. Good engagement.
N-01697,ACC-1046,2026-01-07,Caick Moreira,Their second division reached out directly about getting access.
N-01698,ACC-1046,2026-01-24,Caick Moreira,Root cause shared with them. They were satisfied with the explanation.
N-01699,ACC-1046,2026-02-09,Caick Moreira,Ran a refresher session on the alerting rules for 3 of their people.
N-01700,ACC-1046,2026-03-11,Caick Moreira,We got the integration working. Their team is back to normal.
N-01701,ACC-1046,2026-04-05,Caick Moreira,They asked what it would take to add 2 more seats.
N-01702,ACC-1046,2026-04-23,Caick Moreira,Reviewed the year. They are happy with where adoption landed.
N-01703,ACC-1046,2026-05-09,Caick Moreira,Exec sponsor confirmed budget is protected for next year.
N-01704,ACC-1046,2026-06-06,Caick Moreira,"Short call. Reviewed open items, nothing escalated."
N-01705,ACC-1046,2026-07-05,Caick Moreira,Ran a refresher session on dashboards for 8 of their people.
N-01706,ACC-1046,2026-07-25,Caick Moreira,Strong QBR. They want to talk about expanding to a second department.
N-01707,ACC-1046,2026-08-22,Caick Moreira,Root cause shared with them. They were satisfied with the explanation.
N-01708,ACC-1046,2026-09-05,Caick Moreira,Good session. Their exec attended and was engaged.
N-01709,ACC-1047,2024-01-09,Nuala Byrne,Sent over the enablement material they asked for.
N-01710,ACC-1047,2024-01-27,Nuala Byrne,Talked through a multi-year option. They want pricing.
N-01711,ACC-1047,2024-02-14,Nuala Byrne,Walked their analysts through the mobile app. Good engagement.
N-01712,ACC-1047,2024-03-14,Nuala Byrne,We got the integration working. Their team is back to normal.
N-01713,ACC-1047,2024-04-04,Nuala Byrne,Escalation closed out. They appreciated the follow-through.
N-01714,ACC-1047,2024-04-23,Nuala Byrne,Exec sponsor confirmed budget is protected for next year.
N-01715,ACC-1047,2024-05-07,Nuala Byrne,Promised a fix date last month and we missed it. Had to tell them today.
N-01716,ACC-1047,2024-05-25,Nuala Byrne,Their second division reached out directly about getting access.
N-01717,ACC-1047,2024-06-19,Nuala Byrne,They want us to match a workflow that our product does not support.
N-01718,ACC-1047,2024-07-16,Nuala Byrne,Delivered onboarding for the new hires on their team.
N-01719,ACC-1047,2024-07-29,Nuala Byrne,Their IT team is blocking the SSO change we need for rollout.
N-01720,ACC-1047,2024-08-18,Nuala Byrne,They want us to match a workflow that our product does not support.
N-01721,ACC-1047,2024-09-17,Nuala Byrne,Sync failures every week. Their admin is the one absorbing the pain.
N-01722,ACC-1047,2024-10-06,Nuala Byrne,Their team has been evaluating Parallax for two months and did not tell us.
N-01723,ACC-1047,2024-10-25,Nuala Byrne,Their team has been evaluating Orderly for two months and did not tell us.
N-01724,ACC-1047,2024-11-18,Nuala Byrne,They mentioned they are piloting Helmsman with one team.
N-01725,ACC-1047,2024-12-08,Nuala Byrne,Fix shipped. They tested it and closed the ticket themselves.
N-01726,ACC-1047,2025-01-03,Nuala Byrne,Walked their analysts through the reporting module. Good engagement.
N-01727,ACC-1047,2025-01-24,Nuala Byrne,Their second division reached out directly about getting access.
N-01728,ACC-1047,2025-02-07,Nuala Byrne,"Office hours session. 10 attendees, mostly questions about reporting."
N-01729,ACC-1047,2025-02-27,Nuala Byrne,They are considering consolidating onto an in-house build as part of a platform play.
N-01730,ACC-1047,2025-03-21,Nuala Byrne,Their team has been evaluating an in-house build for two months and did not tell us.
N-01731,ACC-1047,2025-04-08,Nuala Byrne,Exec sponsor confirmed budget is protected for next year.
N-01732,ACC-1047,2025-04-26,Nuala Byrne,Walked their analysts through role permissions. Good engagement.
N-01733,ACC-1047,2025-05-23,Nuala Byrne,Reid Hollis was promoted and now owns a larger scope. Good for us.
N-01734,ACC-1047,2025-06-04,Nuala Byrne,They asked what it would take to add 13 more seats.
N-01735,ACC-1047,2025-06-30,Nuala Byrne,Escalation closed out. They appreciated the follow-through.
N-01736,ACC-1047,2025-07-23,Nuala Byrne,Delivered onboarding for the new hires on their team.
N-01737,ACC-1047,2025-08-20,Nuala Byrne,"Short call. Reviewed open items, nothing escalated."
N-01738,ACC-1047,2025-09-08,Nuala Byrne,Data quality issues on their side keep surfacing as complaints about us.
N-01739,ACC-1047,2025-10-06,Nuala Byrne,Business review complete. Reid Hollis called out time savings on their team.
N-01740,ACC-1047,2025-10-25,Nuala Byrne,The the API issue is resolved. Confirmed with their admin.
N-01741,ACC-1047,2025-11-07,Nuala Byrne,Fix shipped. They tested it and closed the ticket themselves.
N-01742,ACC-1047,2025-12-02,Nuala Byrne,Fix shipped. They tested it and closed the ticket themselves.
N-01743,ACC-1047,2025-12-17,Nuala Byrne,Configuration drifted and nobody on their side owns it now.
N-01744,ACC-1047,2026-01-09,Nuala Byrne,Fix shipped. They tested it and closed the ticket themselves.
N-01745,ACC-1047,2026-01-26,Nuala Byrne,Standing check-in held. Team is steady.
N-01746,ACC-1047,2026-02-12,Nuala Byrne,They do not have the internal engineering capacity to finish the integration.
N-01747,ACC-1047,2026-03-14,Nuala Byrne,Interest in the bulk import for a team that is not on the contract yet.
N-01748,ACC-1047,2026-03-27,Nuala Byrne,Third follow-up from them on the same defect. Getting hard to defend.
N-01749,ACC-1047,2026-04-24,Nuala Byrne,Asked about the higher tier. Sending over details.
N-01750,ACC-1047,2026-05-22,Nuala Byrne,We got the integration working. Their team is back to normal.
N-01751,ACC-1047,2026-06-08,Nuala Byrne,Quick sync with Reid Hollis. Business as usual.
N-01752,ACC-1047,2026-06-29,Nuala Byrne,Reid Hollis asked me directly whether this is ever going to be fixed.
N-01753,ACC-1047,2026-07-11,Nuala Byrne,The role permissions issue is resolved. Confirmed with their admin.
N-01754,ACC-1047,2026-07-27,Nuala Byrne,Fix shipped. They tested it and closed the ticket themselves.
N-01755,ACC-1047,2026-08-12,Nuala Byrne,Migration off their legacy system stalled. We are stuck waiting.
N-01756,ACC-1047,2026-09-07,Nuala Byrne,"Office hours session. 2 attendees, mostly questions about reporting."
N-01757,ACC-1048,2022-10-18,Nuala Byrne,Reviewed the year. They are happy with where adoption landed.
N-01758,ACC-1048,2022-11-08,Nuala Byrne,New leadership reviewed the stack and kept us. Told me directly.
N-01759,ACC-1048,2022-11-22,Nuala Byrne,Walked their analysts through the reporting module. Good engagement.
N-01760,ACC-1048,2022-12-08,Nuala Byrne,They included us in their annual planning conversation.
N-01761,ACC-1048,2022-12-26,Nuala Byrne,QBR went well. They presented our numbers to their leadership.
N-01762,ACC-1048,2023-01-21,Nuala Byrne,Strong QBR. They want to talk about expanding to a second department.
N-01763,ACC-1048,2023-02-18,Nuala Byrne,Their second division reached out directly about getting access.
N-01764,ACC-1048,2023-03-19,Nuala Byrne,New leadership reviewed the stack and kept us. Told me directly.
N-01765,ACC-1048,2023-04-10,Nuala Byrne,Talked through a multi-year option. They want pricing.
N-01766,ACC-1048,2023-04-28,Nuala Byrne,Found out Dmitri Vasquez put in notice. Trying to get introduced to whoever picks this up.
N-01767,ACC-1048,2023-05-11,Nuala Byrne,Delivered onboarding for the new hires on their team.
N-01768,ACC-1048,2023-06-05,Nuala Byrne,"Office hours session. 2 attendees, mostly questions about reporting."
N-01769,ACC-1048,2023-06-19,Nuala Byrne,Sent the usage summary. No acknowledgement.
N-01770,ACC-1048,2023-07-15,Nuala Byrne,"Office hours session. 12 attendees, mostly questions about reporting."
N-01771,ACC-1048,2023-08-10,Nuala Byrne,Good session. Their exec attended and was engaged.
N-01772,ACC-1048,2023-09-09,Nuala Byrne,Escalation closed out. They appreciated the follow-through.
N-01773,ACC-1048,2023-10-09,Nuala Byrne,Good session. Their exec attended and was engaged.
N-01774,ACC-1048,2023-11-03,Nuala Byrne,Good session. Their exec attended and was engaged.
N-01775,ACC-1048,2023-11-27,Nuala Byrne,Found out Dmitri Vasquez put in notice. Trying to get introduced to whoever picks this up.
N-01776,ACC-1048,2023-12-16,Nuala Byrne,Delivered onboarding for the new hires on their team.
N-01777,ACC-1048,2024-01-14,Nuala Byrne,Their second division reached out directly about getting access.
N-01778,ACC-1048,2024-02-04,Nuala Byrne,Went quiet after the escalation. Not sure who owns us there now.
N-01779,ACC-1048,2024-02-26,Nuala Byrne,"Short call. Reviewed open items, nothing escalated."
N-01780,ACC-1048,2024-03-22,Nuala Byrne,Touched base. They are heads down on their own roadmap right now.
N-01781,ACC-1048,2024-04-10,Nuala Byrne,Their second division reached out directly about getting access.
N-01782,ACC-1048,2024-04-29,Nuala Byrne,Dmitri Vasquez was promoted and now owns a larger scope. Good for us.
N-01783,ACC-1048,2024-05-21,Nuala Byrne,Monthly check-in. Nothing new to report.
N-01784,ACC-1048,2024-06-02,Nuala Byrne,"Their new director does not know who we are. Sent an intro note, no reply yet."
N-01785,ACC-1048,2024-06-14,Nuala Byrne,Quick sync with Dmitri Vasquez. Business as usual.
N-01786,ACC-1048,2024-07-07,Nuala Byrne,Monthly check-in. Nothing new to report.
N-01787,ACC-1048,2024-07-22,Nuala Byrne,Third reschedule on the QBR. No new date proposed.
N-01788,ACC-1048,2024-08-08,Nuala Byrne,They asked what it would take to add 6 more seats.
N-01789,ACC-1048,2024-09-05,Nuala Byrne,Org change on their side. Dmitri Vasquez no longer owns this relationship.
N-01790,ACC-1048,2024-09-25,Nuala Byrne,They skipped the business review entirely this cycle.
N-01791,ACC-1048,2024-10-19,Nuala Byrne,Fix shipped. They tested it and closed the ticket themselves.
N-01792,ACC-1048,2024-11-16,Nuala Byrne,We got the integration working. Their team is back to normal.
N-01793,ACC-1048,2024-12-07,Nuala Byrne,Delivered onboarding for the new hires on their team.
N-01794,ACC-1048,2024-12-23,Nuala Byrne,Went quiet after the escalation. Not sure who owns us there now.
N-01795,ACC-1048,2025-01-18,Nuala Byrne,Sent the usage summary. No acknowledgement.
N-01796,ACC-1048,2025-02-06,Nuala Byrne,Their second division reached out directly about getting access.
N-01797,ACC-1048,2025-03-08,Nuala Byrne,Fix shipped. They tested it and closed the ticket themselves.
N-01798,ACC-1048,2025-03-25,Nuala Byrne,QBR went well. They presented our numbers to their leadership.
N-01799,ACC-1048,2025-04-14,Nuala Byrne,Their second division reached out directly about getting access.
N-01800,ACC-1048,2025-04-30,Nuala Byrne,We got the integration working. Their team is back to normal.
N-01801,ACC-1048,2025-05-17,Nuala Byrne,Sent the usage summary. No acknowledgement.
N-01802,ACC-1048,2025-06-08,Nuala Byrne,Have not been able to get anyone on a call since the summer.
N-01803,ACC-1048,2025-06-25,Nuala Byrne,Brief call with the admin. No issues raised.
N-01804,ACC-1048,2025-07-18,Nuala Byrne,"Short call. Reviewed open items, nothing escalated."
N-01805,ACC-1048,2025-08-09,Nuala Byrne,Root cause shared with them. They were satisfied with the explanation.
N-01806,ACC-1048,2025-09-06,Nuala Byrne,New leadership reviewed the stack and kept us. Told me directly.
N-01807,ACC-1048,2025-09-19,Nuala Byrne,Root cause shared with them. They were satisfied with the explanation.
N-01808,ACC-1048,2025-10-15,Nuala Byrne,"Heads up, Dmitri Vasquez is leaving at the end of the month. She was our main advocate here."
N-01809,ACC-1048,2025-10-29,Nuala Byrne,Their second division reached out directly about getting access.
N-01810,ACC-1048,2025-11-17,Nuala Byrne,QBR went well. They presented our numbers to their leadership.
N-01811,ACC-1048,2025-12-11,Nuala Byrne,Dmitri Vasquez was promoted and now owns a larger scope. Good for us.
N-01812,ACC-1048,2025-12-30,Nuala Byrne,They asked what it would take to add 10 more seats.
N-01813,ACC-1048,2026-01-28,Nuala Byrne,Standing check-in held. Team is steady.
N-01814,ACC-1048,2026-02-10,Nuala Byrne,Dmitri Vasquez was promoted and now owns a larger scope. Good for us.
N-01815,ACC-1048,2026-03-06,Nuala Byrne,Org change on their side. Dmitri Vasquez no longer owns this relationship.
N-01816,ACC-1048,2026-03-31,Nuala Byrne,They skipped the business review entirely this cycle.
N-01817,ACC-1048,2026-04-20,Nuala Byrne,Found out Dmitri Vasquez put in notice. Trying to get introduced to whoever picks this up.
N-01818,ACC-1048,2026-05-08,Nuala Byrne,QBR went well. They presented our numbers to their leadership.
N-01819,ACC-1049,2025-03-31,Shairyar Khan,Quick sync with Carmen Ferreira. Business as usual.
N-01820,ACC-1049,2025-04-15,Shairyar Khan,New leadership reviewed the stack and kept us. Told me directly.
N-01821,ACC-1049,2025-05-12,Shairyar Khan,Touched base. They are heads down on their own roadmap right now.
N-01822,ACC-1049,2025-06-05,Shairyar Khan,QBR went well. They presented our numbers to their leadership.
N-01823,ACC-1049,2025-06-21,Shairyar Khan,Root cause shared with them. They were satisfied with the explanation.
N-01824,ACC-1049,2025-07-14,Shairyar Khan,Carmen Ferreira is on leave through Q4 and nobody was designated to cover the account.
N-01825,ACC-1049,2025-08-07,Shairyar Khan,"Carmen Ferreira confirmed she is taking a role elsewhere. Asked her who to talk to, she was vague."
N-01826,ACC-1049,2025-08-21,Shairyar Khan,We got the integration working. Their team is back to normal.
N-01827,ACC-1049,2025-09-13,Shairyar Khan,"Heads up, Carmen Ferreira is leaving at the end of the month. She was our main advocate here."
N-01828,ACC-1049,2025-10-13,Shairyar Khan,Strong QBR. They want to talk about expanding to a second department.
N-01829,ACC-1049,2025-11-08,Shairyar Khan,"Carmen Ferreira confirmed she is taking a role elsewhere. Asked her who to talk to, she was vague."
N-01830,ACC-1049,2025-12-05,Shairyar Khan,Escalation closed out. They appreciated the follow-through.
N-01831,ACC-1049,2025-12-18,Shairyar Khan,Walked their analysts through dashboards. Good engagement.
N-01832,ACC-1049,2026-01-02,Shairyar Khan,Org change on their side. Carmen Ferreira no longer owns this relationship.
N-01833,ACC-1049,2026-01-22,Shairyar Khan,Standing check-in held. Team is steady.
N-01834,ACC-1049,2026-02-12,Shairyar Khan,Touched base. They are heads down on their own roadmap right now.
N-01835,ACC-1049,2026-02-26,Shairyar Khan,New leadership reviewed the stack and kept us. Told me directly.
N-01836,ACC-1049,2026-03-13,Shairyar Khan,QBR went well. They presented our numbers to their leadership.
N-01837,ACC-1049,2026-04-12,Shairyar Khan,Escalation closed out. They appreciated the follow-through.
N-01838,ACC-1049,2026-05-11,Shairyar Khan,Root cause shared with them. They were satisfied with the explanation.
N-01839,ACC-1049,2026-06-01,Shairyar Khan,"Heads up, Carmen Ferreira is leaving at the end of the month. She was our main advocate here."
N-01840,ACC-1049,2026-06-23,Shairyar Khan,The data retention issue is resolved. Confirmed with their admin.
N-01841,ACC-1049,2026-07-08,Shairyar Khan,Escalation closed out. They appreciated the follow-through.
N-01842,ACC-1049,2026-07-28,Shairyar Khan,Carmen Ferreira has moved to a different company. No replacement named yet.
N-01843,ACC-1049,2026-08-27,Shairyar Khan,The the bulk import issue is resolved. Confirmed with their admin.
N-01844,ACC-1049,2026-09-12,Shairyar Khan,Carmen Ferreira is on leave through Q4 and nobody was designated to cover the account.
N-01845,ACC-1050,2025-04-11,Nuala Byrne,Fix shipped. They tested it and closed the ticket themselves.
N-01846,ACC-1050,2025-05-02,Nuala Byrne,Exec sponsor confirmed budget is protected for next year.
N-01847,ACC-1050,2025-05-17,Nuala Byrne,Exec sponsor confirmed budget is protected for next year.
N-01848,ACC-1050,2025-06-16,Nuala Byrne,They bought for the whole department but adoption never left the pilot team.
N-01849,ACC-1050,2025-07-05,Nuala Byrne,The the reporting module setup has never worked the way they expected.
N-01850,ACC-1050,2025-07-19,Nuala Byrne,Fix shipped. They tested it and closed the ticket themselves.
N-01851,ACC-1050,2025-07-31,Nuala Byrne,The the API issue is resolved. Confirmed with their admin.
N-01852,ACC-1050,2025-08-18,Nuala Byrne,The the mobile app issue is resolved. Confirmed with their admin.
N-01853,ACC-1050,2025-09-11,Nuala Byrne,Interest in the bulk import for a team that is not on the contract yet.
N-01854,ACC-1050,2025-10-04,Nuala Byrne,Migration off their legacy system stalled. We are stuck waiting.
N-01855,ACC-1050,2025-10-17,Nuala Byrne,Their team never completed rollout to the second region. 14 users total.
N-01856,ACC-1050,2025-10-30,Nuala Byrne,"Office hours session. 4 attendees, mostly questions about reporting."
N-01857,ACC-1050,2025-11-20,Nuala Byrne,Only 3 of their licensed seats logged in last month.
N-01858,ACC-1050,2025-12-20,Nuala Byrne,"Office hours session. 9 attendees, mostly questions about reporting."
N-01859,ACC-1050,2026-01-13,Nuala Byrne,"Ran the numbers before the call. 2 active users, down from last quarter."
N-01860,ACC-1050,2026-02-01,Nuala Byrne,New leadership reviewed the stack and kept us. Told me directly.
N-01861,ACC-1050,2026-02-24,Nuala Byrne,Good session. Their exec attended and was engaged.
N-01862,ACC-1050,2026-03-10,Nuala Byrne,Walked their analysts through the bulk import. Good engagement.
N-01863,ACC-1050,2026-04-08,Nuala Byrne,Leila Vasquez was promoted and now owns a larger scope. Good for us.
N-01864,ACC-1050,2026-04-24,Nuala Byrne,Root cause shared with them. They were satisfied with the explanation.
N-01865,ACC-1050,2026-05-06,Nuala Byrne,Escalation closed out. They appreciated the follow-through.
N-01866,ACC-1050,2026-05-26,Nuala Byrne,Root cause shared with them. They were satisfied with the explanation.
N-01867,ACC-1050,2026-06-22,Nuala Byrne,QBR went well. They presented our numbers to their leadership.
N-01868,ACC-1050,2026-07-11,Nuala Byrne,Asked about the higher tier. Sending over details.
N-01869,ACC-1050,2026-08-10,Nuala Byrne,The the Salesforce sync issue is resolved. Confirmed with their admin.
N-01870,ACC-1050,2026-09-08,Nuala Byrne,Root cause shared with them. They were satisfied with the explanation.
N-01871,ACC-1051,2025-11-25,Caick Moreira,Standing check-in held. Team is steady.
N-01872,ACC-1051,2025-12-25,Caick Moreira,Ran a refresher session on the bulk import for 11 of their people.
N-01873,ACC-1051,2026-01-09,Caick Moreira,Good session. Their exec attended and was engaged.
N-01874,ACC-1051,2026-01-29,Caick Moreira,The the bulk import issue is resolved. Confirmed with their admin.
N-01875,ACC-1051,2026-02-23,Caick Moreira,Monthly check-in. Nothing new to report.
N-01876,ACC-1051,2026-03-07,Caick Moreira,Strong QBR. They want to talk about expanding to a second department.
N-01877,ACC-1051,2026-03-24,Caick Moreira,Brief call with the admin. No issues raised.
N-01878,ACC-1051,2026-04-10,Caick Moreira,Ran a refresher session on the bulk import for 5 of their people.
N-01879,ACC-1051,2026-04-28,Caick Moreira,They asked what it would take to add 11 more seats.
N-01880,ACC-1051,2026-05-14,Caick Moreira,Fix shipped. They tested it and closed the ticket themselves.
N-01881,ACC-1051,2026-06-08,Caick Moreira,Quick sync with Dana Lindqvist. Business as usual.
N-01882,ACC-1051,2026-06-25,Caick Moreira,Dana Lindqvist was promoted and now owns a larger scope. Good for us.
N-01883,ACC-1051,2026-07-12,Caick Moreira,"Office hours session. 5 attendees, mostly questions about reporting."
N-01884,ACC-1051,2026-07-29,Caick Moreira,New leadership reviewed the stack and kept us. Told me directly.
N-01885,ACC-1051,2026-08-27,Caick Moreira,"Office hours session. 11 attendees, mostly questions about reporting."
N-01886,ACC-1052,2025-09-29,Nuala Byrne,Quick sync with Ethan Hollis. Business as usual.
N-01887,ACC-1052,2025-10-28,Nuala Byrne,Standing check-in held. Team is steady.
N-01888,ACC-1052,2025-11-16,Nuala Byrne,Their CIO joined the call and reiterated this is a strategic system for them.
N-01889,ACC-1052,2025-12-16,Nuala Byrne,Ran a refresher session on the alerting rules for 5 of their people.
N-01890,ACC-1052,2026-01-01,Nuala Byrne,Standing check-in held. Team is steady.
N-01891,ACC-1052,2026-01-30,Nuala Byrne,Mentioned an RFP is going out before renewal.
N-01892,ACC-1052,2026-02-21,Nuala Byrne,Ran a refresher session on the Salesforce sync for 5 of their people.
N-01893,ACC-1052,2026-03-09,Nuala Byrne,Ran a refresher session on data retention for 9 of their people.
N-01894,ACC-1052,2026-03-23,Nuala Byrne,Root cause shared with them. They were satisfied with the explanation.
N-01895,ACC-1052,2026-04-09,Nuala Byrne,QBR went well. They presented our numbers to their leadership.
N-01896,ACC-1052,2026-04-21,Nuala Byrne,The the API issue is resolved. Confirmed with their admin.
N-01897,ACC-1052,2026-05-08,Nuala Byrne,Root cause shared with them. They were satisfied with the explanation.
N-01898,ACC-1052,2026-05-26,Nuala Byrne,Outage during their peak week. They want a written explanation.
N-01899,ACC-1052,2026-06-07,Nuala Byrne,Sync failures every week. Their admin is the one absorbing the pain.
N-01900,ACC-1052,2026-07-05,Nuala Byrne,Their IT team is blocking the SSO change we need for rollout.
N-01901,ACC-1052,2026-07-21,Nuala Byrne,Mentioned an RFP is going out before renewal.
N-01902,ACC-1053,2024-05-10,Brittney Cole,Reviewed the year. They are happy with where adoption landed.
N-01903,ACC-1053,2024-06-04,Brittney Cole,The dashboards issue is resolved. Confirmed with their admin.
N-01904,ACC-1053,2024-06-28,Brittney Cole,Good session. Their exec attended and was engaged.
N-01905,ACC-1053,2024-07-22,Brittney Cole,We got the integration working. Their team is back to normal.
N-01906,ACC-1053,2024-08-10,Brittney Cole,Touched base. They are heads down on their own roadmap right now.
N-01907,ACC-1053,2024-09-09,Brittney Cole,The the reporting module issue is resolved. Confirmed with their admin.
N-01908,ACC-1053,2024-09-27,Brittney Cole,Went quiet after the escalation. Not sure who owns us there now.
N-01909,ACC-1053,2024-10-09,Brittney Cole,Simone Chen was promoted and now owns a larger scope. Good for us.
N-01910,ACC-1053,2024-10-29,Brittney Cole,Talked through a multi-year option. They want pricing.
N-01911,ACC-1053,2024-11-10,Brittney Cole,Sent the usage summary. No acknowledgement.
N-01912,ACC-1053,2024-12-07,Brittney Cole,Fix shipped. They tested it and closed the ticket themselves.
N-01913,ACC-1053,2024-12-21,Brittney Cole,The role permissions issue is resolved. Confirmed with their admin.
N-01914,ACC-1053,2025-01-11,Brittney Cole,Escalation closed out. They appreciated the follow-through.
N-01915,ACC-1053,2025-01-23,Brittney Cole,They bought for the whole department but adoption never left the pilot team.
N-01916,ACC-1053,2025-02-10,Brittney Cole,Usage is flat. 8 weekly active users against a much larger contract.
N-01917,ACC-1053,2025-03-03,Brittney Cole,Walked their analysts through dashboards. Good engagement.
N-01918,ACC-1053,2025-03-20,Brittney Cole,Escalation closed out. They appreciated the follow-through.
N-01919,ACC-1053,2025-04-06,Brittney Cole,Third reschedule on the QBR. No new date proposed.
N-01920,ACC-1053,2025-04-27,Brittney Cole,Good session. Their exec attended and was engaged.
N-01921,ACC-1053,2025-05-12,Brittney Cole,New leadership reviewed the stack and kept us. Told me directly.
N-01922,ACC-1053,2025-05-28,Brittney Cole,Brief call with the admin. No issues raised.
N-01923,ACC-1053,2025-06-10,Brittney Cole,Delivered onboarding for the new hires on their team.
N-01924,ACC-1053,2025-07-08,Brittney Cole,Usage is flat. 14 weekly active users against a much larger contract.
N-01925,ACC-1053,2025-07-24,Brittney Cole,Root cause shared with them. They were satisfied with the explanation.
N-01926,ACC-1053,2025-08-08,Brittney Cole,Delivered onboarding for the new hires on their team.
N-01927,ACC-1053,2025-08-26,Brittney Cole,Simone Chen stopped replying after the last pricing conversation.
N-01928,ACC-1053,2025-09-08,Brittney Cole,New leadership reviewed the stack and kept us. Told me directly.
N-01929,ACC-1053,2025-09-23,Brittney Cole,Asked about the higher tier. Sending over details.
N-01930,ACC-1053,2025-10-11,Brittney Cole,Standing check-in held. Team is steady.
N-01931,ACC-1053,2025-11-05,Brittney Cole,"Simone Chen confirmed she is taking a role elsewhere. Asked her who to talk to, she was vague."
N-01932,ACC-1053,2025-11-29,Brittney Cole,Talked through a multi-year option. They want pricing.
N-01933,ACC-1053,2025-12-24,Brittney Cole,Fix shipped. They tested it and closed the ticket themselves.
N-01934,ACC-1053,2026-01-16,Brittney Cole,Simone Chen has moved to a different company. No replacement named yet.
N-01935,ACC-1053,2026-01-31,Brittney Cole,They included us in their annual planning conversation.
N-01936,ACC-1053,2026-02-19,Brittney Cole,They skipped the business review entirely this cycle.
N-01937,ACC-1053,2026-03-07,Brittney Cole,Delivered onboarding for the new hires on their team.
N-01938,ACC-1053,2026-04-04,Brittney Cole,"Their new director does not know who we are. Sent an intro note, no reply yet."
N-01939,ACC-1053,2026-04-29,Brittney Cole,Only 10 of their licensed seats logged in last month.
N-01940,ACC-1053,2026-05-28,Brittney Cole,QBR went well. They presented our numbers to their leadership.
N-01941,ACC-1053,2026-06-21,Brittney Cole,The the API issue is resolved. Confirmed with their admin.
N-01942,ACC-1053,2026-07-07,Brittney Cole,Quick sync with Simone Chen. Business as usual.
N-01943,ACC-1053,2026-07-30,Brittney Cole,Monthly check-in. Nothing new to report.
N-01944,ACC-1053,2026-08-25,Brittney Cole,Have not been able to get anyone on a call since the summer.
N-01945,ACC-1053,2026-09-12,Brittney Cole,"Short call. Reviewed open items, nothing escalated."
N-01946,ACC-1054,2023-03-23,Caick Moreira,Sent over the enablement material they asked for.
N-01947,ACC-1054,2023-04-13,Caick Moreira,Fix shipped. They tested it and closed the ticket themselves.
N-01948,ACC-1054,2023-05-11,Caick Moreira,Strong QBR. They want to talk about expanding to a second department.
N-01949,ACC-1054,2023-06-09,Caick Moreira,They asked what it would take to add 12 more seats.
N-01950,ACC-1054,2023-07-02,Caick Moreira,The the Salesforce sync issue is resolved. Confirmed with their admin.
N-01951,ACC-1054,2023-07-14,Caick Moreira,Escalation closed out. They appreciated the follow-through.
N-01952,ACC-1054,2023-08-13,Caick Moreira,Migration off their legacy system stalled. We are stuck waiting.
N-01953,ACC-1054,2023-08-30,Caick Moreira,New leadership reviewed the stack and kept us. Told me directly.
N-01954,ACC-1054,2023-09-23,Caick Moreira,New leadership reviewed the stack and kept us. Told me directly.
N-01955,ACC-1054,2023-10-14,Caick Moreira,data retention is slow at their data volume and they have said so repeatedly.
N-01956,ACC-1054,2023-10-30,Caick Moreira,The data retention issue is resolved. Confirmed with their admin.
N-01957,ACC-1054,2023-11-17,Caick Moreira,Quick sync with Ethan Saltzman. Business as usual.
N-01958,ACC-1054,2023-12-03,Caick Moreira,New leadership reviewed the stack and kept us. Told me directly.
N-01959,ACC-1054,2023-12-15,Caick Moreira,They asked what it would take to add 2 more seats.
N-01960,ACC-1054,2024-01-10,Caick Moreira,Their IT team is blocking the SSO change we need for rollout.
N-01961,ACC-1054,2024-01-29,Caick Moreira,Business review complete. Ethan Saltzman called out time savings on their team.
N-01962,ACC-1054,2024-02-10,Caick Moreira,Touched base. They are heads down on their own roadmap right now.
N-01963,ACC-1054,2024-03-11,Caick Moreira,Ethan Saltzman was promoted and now owns a larger scope. Good for us.
N-01964,ACC-1054,2024-04-03,Caick Moreira,Escalation closed out. They appreciated the follow-through.
N-01965,ACC-1054,2024-05-03,Caick Moreira,Quick sync with Ethan Saltzman. Business as usual.
N-01966,ACC-1054,2024-05-28,Caick Moreira,The data retention setup has never worked the way they expected.
N-01967,ACC-1054,2024-06-12,Caick Moreira,Their IT team is blocking the SSO change we need for rollout.
N-01968,ACC-1054,2024-07-01,Caick Moreira,They included us in their annual planning conversation.
N-01969,ACC-1054,2024-07-28,Caick Moreira,Root cause shared with them. They were satisfied with the explanation.
N-01970,ACC-1054,2024-08-21,Caick Moreira,Data quality issues on their side keep surfacing as complaints about us.
N-01971,ACC-1054,2024-09-04,Caick Moreira,the reporting module is slow at their data volume and they have said so repeatedly.
N-01972,ACC-1054,2024-09-18,Caick Moreira,Escalation closed out. They appreciated the follow-through.
N-01973,ACC-1054,2024-10-02,Caick Moreira,Their second division reached out directly about getting access.
N-01974,ACC-1054,2024-11-01,Caick Moreira,Fix shipped. They tested it and closed the ticket themselves.
N-01975,ACC-1054,2024-11-21,Caick Moreira,Migration off their legacy system stalled. We are stuck waiting.
N-01976,ACC-1054,2024-12-15,Caick Moreira,They do not have the internal engineering capacity to finish the integration.
N-01977,ACC-1054,2024-12-31,Caick Moreira,Their CIO joined the call and reiterated this is a strategic system for them.
N-01978,ACC-1054,2025-01-13,Caick Moreira,Their CIO joined the call and reiterated this is a strategic system for them.
N-01979,ACC-1054,2025-02-10,Caick Moreira,Delivered onboarding for the new hires on their team.
N-01980,ACC-1054,2025-02-24,Caick Moreira,Strong QBR. They want to talk about expanding to a second department.
N-01981,ACC-1054,2025-03-20,Caick Moreira,Migration off their legacy system stalled. We are stuck waiting.
N-01982,ACC-1054,2025-04-04,Caick Moreira,Their the API integration broke again during their data load.
N-01983,ACC-1054,2025-04-29,Caick Moreira,They do not have the internal engineering capacity to finish the integration.
N-01984,ACC-1054,2025-05-29,Caick Moreira,Delivered onboarding for the new hires on their team.
N-01985,ACC-1054,2025-06-27,Caick Moreira,SSO is slow at their data volume and they have said so repeatedly.
N-01986,ACC-1054,2025-07-19,Caick Moreira,Their IT team is blocking the SSO change we need for rollout.
N-01987,ACC-1054,2025-08-08,Caick Moreira,The the bulk import setup has never worked the way they expected.
N-01988,ACC-1054,2025-08-28,Caick Moreira,Their CIO joined the call and reiterated this is a strategic system for them.
N-01989,ACC-1054,2025-09-24,Caick Moreira,Fix shipped. They tested it and closed the ticket themselves.
N-01990,ACC-1054,2025-10-08,Caick Moreira,New leadership reviewed the stack and kept us. Told me directly.
N-01991,ACC-1054,2025-10-26,Caick Moreira,They do not have the internal engineering capacity to finish the integration.
N-01992,ACC-1054,2025-11-21,Caick Moreira,The the API setup has never worked the way they expected.
N-01993,ACC-1054,2025-12-08,Caick Moreira,They asked what it would take to add 11 more seats.
N-01994,ACC-1054,2026-01-03,Caick Moreira,Root cause shared with them. They were satisfied with the explanation.
N-01995,ACC-1054,2026-01-18,Caick Moreira,Their second division reached out directly about getting access.
N-01996,ACC-1054,2026-02-03,Caick Moreira,The the alerting rules issue is resolved. Confirmed with their admin.
N-01997,ACC-1054,2026-02-17,Caick Moreira,Fix shipped. They tested it and closed the ticket themselves.
N-01998,ACC-1054,2026-03-06,Caick Moreira,Sync failures every week. Their admin is the one absorbing the pain.
N-01999,ACC-1054,2026-04-01,Caick Moreira,Asked about the higher tier. Sending over details.
N-02000,ACC-1054,2026-04-18,Caick Moreira,Sync failures every week. Their admin is the one absorbing the pain.
N-02001,ACC-1054,2026-05-01,Caick Moreira,Escalation closed out. They appreciated the follow-through.
N-02002,ACC-1054,2026-05-30,Caick Moreira,They do not have the internal engineering capacity to finish the integration.
N-02003,ACC-1054,2026-06-12,Caick Moreira,Sent over the enablement material they asked for.
N-02004,ACC-1054,2026-07-02,Caick Moreira,Walked their analysts through data retention. Good engagement.
N-02005,ACC-1054,2026-07-31,Caick Moreira,Strong QBR. They want to talk about expanding to a second department.
N-02006,ACC-1054,2026-08-26,Caick Moreira,Brief call with the admin. No issues raised.
N-02007,ACC-1054,2026-09-12,Caick Moreira,Their second division reached out directly about getting access.
N-02008,ACC-1055,2025-02-09,Leila Haddad,Standing check-in held. Team is steady.
N-02009,ACC-1055,2025-03-10,Leila Haddad,Dmitri Petrov was promoted and now owns a larger scope. Good for us.
N-02010,ACC-1055,2025-03-26,Leila Haddad,Walked their analysts through the Salesforce sync. Good engagement.
N-02011,ACC-1055,2025-04-08,Leila Haddad,They included us in their annual planning conversation.
N-02012,ACC-1055,2025-04-25,Leila Haddad,Walked their analysts through dashboards. Good engagement.
N-02013,ACC-1055,2025-05-18,Leila Haddad,Their second division reached out directly about getting access.
N-02014,ACC-1055,2025-05-31,Leila Haddad,Quick sync with Dmitri Petrov. Business as usual.
N-02015,ACC-1055,2025-06-22,Leila Haddad,Strong QBR. They want to talk about expanding to a second department.
N-02016,ACC-1055,2025-07-18,Leila Haddad,Delivered onboarding for the new hires on their team.
N-02017,ACC-1055,2025-08-04,Leila Haddad,Fix shipped. They tested it and closed the ticket themselves.
N-02018,ACC-1055,2025-08-22,Leila Haddad,Their CIO joined the call and reiterated this is a strategic system for them.
N-02019,ACC-1055,2025-09-11,Leila Haddad,Escalation closed out. They appreciated the follow-through.
N-02020,ACC-1055,2025-10-03,Leila Haddad,Interest in role permissions for a team that is not on the contract yet.
N-02021,ACC-1055,2025-11-02,Leila Haddad,Dmitri Petrov was promoted and now owns a larger scope. Good for us.
N-02022,ACC-1055,2025-11-25,Leila Haddad,Their CIO joined the call and reiterated this is a strategic system for them.
N-02023,ACC-1055,2025-12-07,Leila Haddad,Asked about the higher tier. Sending over details.
N-02024,ACC-1055,2025-12-29,Leila Haddad,Reviewed the year. They are happy with where adoption landed.
N-02025,ACC-1055,2026-01-10,Leila Haddad,Root cause shared with them. They were satisfied with the explanation.
N-02026,ACC-1055,2026-01-24,Leila Haddad,"Short call. Reviewed open items, nothing escalated."
N-02027,ACC-1055,2026-02-11,Leila Haddad,Escalation closed out. They appreciated the follow-through.
N-02028,ACC-1055,2026-02-24,Leila Haddad,Business review complete. Dmitri Petrov called out time savings on their team.
N-02029,ACC-1055,2026-03-18,Leila Haddad,Touched base. They are heads down on their own roadmap right now.
N-02030,ACC-1055,2026-04-05,Leila Haddad,Good session. Their exec attended and was engaged.
N-02031,ACC-1055,2026-05-03,Leila Haddad,Their second division reached out directly about getting access.
N-02032,ACC-1055,2026-05-23,Leila Haddad,Ran a refresher session on the API for 2 of their people.
N-02033,ACC-1055,2026-06-15,Leila Haddad,Asked about the higher tier. Sending over details.
N-02034,ACC-1055,2026-07-12,Leila Haddad,Dmitri Petrov was promoted and now owns a larger scope. Good for us.
N-02035,ACC-1055,2026-08-04,Leila Haddad,New leadership reviewed the stack and kept us. Told me directly.
N-02036,ACC-1055,2026-08-20,Leila Haddad,Exec sponsor confirmed budget is protected for next year.
N-02037,ACC-1056,2024-12-05,Shairyar Khan,Delivered onboarding for the new hires on their team.
N-02038,ACC-1056,2024-12-27,Shairyar Khan,Escalation closed out. They appreciated the follow-through.
N-02039,ACC-1056,2025-01-19,Shairyar Khan,Good session. Their exec attended and was engaged.
N-02040,ACC-1056,2025-02-04,Shairyar Khan,Their CIO joined the call and reiterated this is a strategic system for them.
N-02041,ACC-1056,2025-02-16,Shairyar Khan,Finance is reviewing every software line item this cycle.
N-02042,ACC-1056,2025-03-09,Shairyar Khan,Sent over the enablement material they asked for.
N-02043,ACC-1056,2025-03-25,Shairyar Khan,Touched base. They are heads down on their own roadmap right now.
N-02044,ACC-1056,2025-04-06,Shairyar Khan,They asked what it would take to add 10 more seats.
N-02045,ACC-1056,2025-04-23,Shairyar Khan,Strong QBR. They want to talk about expanding to a second department.
N-02046,ACC-1056,2025-05-17,Shairyar Khan,Exec sponsor confirmed budget is protected for next year.
N-02047,ACC-1056,2025-06-05,Shairyar Khan,We got the integration working. Their team is back to normal.
N-02048,ACC-1056,2025-06-17,Shairyar Khan,Sync failures every week. Their admin is the one absorbing the pain.
N-02049,ACC-1056,2025-07-15,Shairyar Khan,Sent over the enablement material they asked for.
N-02050,ACC-1056,2025-07-29,Shairyar Khan,Their data retention integration broke again during their data load.
N-02051,ACC-1056,2025-08-11,Shairyar Khan,Monthly check-in. Nothing new to report.
N-02052,ACC-1056,2025-09-07,Shairyar Khan,Ingrid Achterberg stopped replying after the last pricing conversation.
N-02053,ACC-1056,2025-10-04,Shairyar Khan,The SSO issue is resolved. Confirmed with their admin.
N-02054,ACC-1056,2025-10-21,Shairyar Khan,Their second division reached out directly about getting access.
N-02055,ACC-1056,2025-11-13,Shairyar Khan,Reviewed the year. They are happy with where adoption landed.
N-02056,ACC-1056,2025-12-13,Shairyar Khan,Business review complete. Ingrid Achterberg called out time savings on their team.
N-02057,ACC-1056,2026-01-08,Shairyar Khan,Root cause shared with them. They were satisfied with the explanation.
N-02058,ACC-1056,2026-01-21,Shairyar Khan,"Office hours session. 4 attendees, mostly questions about reporting."
N-02059,ACC-1056,2026-02-04,Shairyar Khan,The the bulk import setup has never worked the way they expected.
N-02060,ACC-1056,2026-03-06,Shairyar Khan,Touched base. They are heads down on their own roadmap right now.
N-02061,ACC-1056,2026-04-05,Shairyar Khan,Ingrid Achterberg was promoted and now owns a larger scope. Good for us.
N-02062,ACC-1057,2024-10-30,Caick Moreira,Root cause shared with them. They were satisfied with the explanation.
N-02063,ACC-1057,2024-11-21,Caick Moreira,Sent over the enablement material they asked for.
N-02064,ACC-1057,2024-12-12,Caick Moreira,They skipped the business review entirely this cycle.
N-02065,ACC-1057,2024-12-29,Caick Moreira,Standing check-in held. Team is steady.
N-02066,ACC-1057,2025-01-28,Caick Moreira,Their CIO joined the call and reiterated this is a strategic system for them.
N-02067,ACC-1057,2025-02-27,Caick Moreira,Fix shipped. They tested it and closed the ticket themselves.
N-02068,ACC-1057,2025-03-12,Caick Moreira,Exec sponsor confirmed budget is protected for next year.
N-02069,ACC-1057,2025-04-08,Caick Moreira,Sent over the enablement material they asked for.
N-02070,ACC-1057,2025-04-20,Caick Moreira,Quick sync with Rosa Stroud. Business as usual.
N-02071,ACC-1057,2025-05-03,Caick Moreira,The the alerting rules issue is resolved. Confirmed with their admin.
N-02072,ACC-1057,2025-05-29,Caick Moreira,Exec sponsor confirmed budget is protected for next year.
N-02073,ACC-1057,2025-06-21,Caick Moreira,Sent over the enablement material they asked for.
N-02074,ACC-1057,2025-07-04,Caick Moreira,They are running a formal evaluation and we are one of three.
N-02075,ACC-1057,2025-07-18,Caick Moreira,They included us in their annual planning conversation.
N-02076,ACC-1057,2025-08-10,Caick Moreira,Fix shipped. They tested it and closed the ticket themselves.
N-02077,ACC-1057,2025-08-26,Caick Moreira,Root cause shared with them. They were satisfied with the explanation.
N-02078,ACC-1057,2025-09-16,Caick Moreira,Mentioned an RFP is going out before renewal.
N-02079,ACC-1057,2025-10-04,Caick Moreira,They asked what it would take to add 9 more seats.
N-02080,ACC-1057,2025-10-18,Caick Moreira,We got the integration working. Their team is back to normal.
N-02081,ACC-1057,2025-11-03,Caick Moreira,No response in six weeks. Tried email and LinkedIn.
N-02082,ACC-1057,2025-11-19,Caick Moreira,No response in six weeks. Tried email and LinkedIn.
N-02083,ACC-1057,2025-12-04,Caick Moreira,Third reschedule on the QBR. No new date proposed.
N-02084,ACC-1057,2025-12-17,Caick Moreira,Root cause shared with them. They were satisfied with the explanation.
N-02085,ACC-1057,2026-01-04,Caick Moreira,Meeting attendance has dropped to one junior person.
N-02086,ACC-1057,2026-02-02,Caick Moreira,They skipped the business review entirely this cycle.
N-02087,ACC-1057,2026-02-18,Caick Moreira,Monthly check-in. Nothing new to report.
N-02088,ACC-1057,2026-03-19,Caick Moreira,Walked their analysts through data retention. Good engagement.
N-02089,ACC-1057,2026-04-10,Caick Moreira,Escalation closed out. They appreciated the follow-through.
N-02090,ACC-1057,2026-05-10,Caick Moreira,Heard secondhand that an in-house build gave them aggressive pricing.
N-02091,ACC-1057,2026-05-22,Caick Moreira,Root cause shared with them. They were satisfied with the explanation.
N-02092,ACC-1057,2026-06-21,Caick Moreira,The the Salesforce sync issue is resolved. Confirmed with their admin.
N-02093,ACC-1057,2026-07-07,Caick Moreira,Good session. Their exec attended and was engaged.
N-02094,ACC-1057,2026-07-31,Caick Moreira,Ran a refresher session on the API for 13 of their people.
N-02095,ACC-1057,2026-08-16,Caick Moreira,They mentioned they are piloting an in-house build with one team.
N-02096,ACC-1057,2026-09-02,Caick Moreira,QBR went well. They presented our numbers to their leadership.
N-02097,ACC-1058,2024-10-11,Owen Trask,Their CIO joined the call and reiterated this is a strategic system for them.
N-02098,ACC-1058,2024-10-27,Owen Trask,Their CIO joined the call and reiterated this is a strategic system for them.
N-02099,ACC-1058,2024-11-13,Owen Trask,The dashboards issue is resolved. Confirmed with their admin.
N-02100,ACC-1058,2024-12-02,Owen Trask,Went quiet after the escalation. Not sure who owns us there now.
N-02101,ACC-1058,2025-01-01,Owen Trask,We got the integration working. Their team is back to normal.
N-02102,ACC-1058,2025-01-22,Owen Trask,Reviewed the year. They are happy with where adoption landed.
N-02103,ACC-1058,2025-02-16,Owen Trask,Walked their analysts through the API. Good engagement.
N-02104,ACC-1058,2025-03-08,Owen Trask,Monthly check-in. Nothing new to report.
N-02105,ACC-1058,2025-03-23,Owen Trask,Their CIO joined the call and reiterated this is a strategic system for them.
N-02106,ACC-1058,2025-04-17,Owen Trask,"Short call. Reviewed open items, nothing escalated."
N-02107,ACC-1058,2025-05-01,Owen Trask,Asked about the higher tier. Sending over details.
N-02108,ACC-1058,2025-05-29,Owen Trask,Our sponsor Dana Barros was reorged out of the function. Starting over on relationship mapping.
N-02109,ACC-1058,2025-06-28,Owen Trask,Dana Barros has moved to a different company. No replacement named yet.
N-02110,ACC-1058,2025-07-12,Owen Trask,Meeting attendance has dropped to one junior person.
N-02111,ACC-1058,2025-07-25,Owen Trask,Dana Barros stopped replying after the last pricing conversation.
N-02112,ACC-1058,2025-08-17,Owen Trask,Reviewed the year. They are happy with where adoption landed.
N-02113,ACC-1058,2025-09-10,Owen Trask,New VP came in over Dana Barros's team and is reviewing all vendor relationships.
N-02114,ACC-1059,2025-01-07,Caick Moreira,We got the integration working. Their team is back to normal.
N-02115,ACC-1059,2025-01-25,Caick Moreira,Touched base. They are heads down on their own roadmap right now.
N-02116,ACC-1059,2025-02-18,Caick Moreira,Talked through a multi-year option. They want pricing.
N-02117,ACC-1059,2025-03-06,Caick Moreira,Their CIO joined the call and reiterated this is a strategic system for them.
N-02118,ACC-1059,2025-04-02,Caick Moreira,Touched base. They are heads down on their own roadmap right now.
N-02119,ACC-1059,2025-04-17,Caick Moreira,Good session. Their exec attended and was engaged.
N-02120,ACC-1059,2025-05-02,Caick Moreira,Exec sponsor confirmed budget is protected for next year.
N-02121,ACC-1059,2025-05-15,Caick Moreira,Escalation closed out. They appreciated the follow-through.
N-02122,ACC-1059,2025-06-13,Caick Moreira,Root cause shared with them. They were satisfied with the explanation.
N-02123,ACC-1059,2025-07-05,Caick Moreira,The SSO issue is resolved. Confirmed with their admin.
N-02124,ACC-1059,2025-07-25,Caick Moreira,Their CIO joined the call and reiterated this is a strategic system for them.
N-02125,ACC-1059,2025-08-18,Caick Moreira,Exec sponsor confirmed budget is protected for next year.
N-02126,ACC-1059,2025-09-13,Caick Moreira,The role permissions issue is resolved. Confirmed with their admin.
N-02127,ACC-1059,2025-10-12,Caick Moreira,"Short call. Reviewed open items, nothing escalated."
N-02128,ACC-1059,2025-10-30,Caick Moreira,"Short call. Reviewed open items, nothing escalated."
N-02129,ACC-1059,2025-11-18,Caick Moreira,Walked their analysts through SSO. Good engagement.
N-02130,ACC-1059,2025-12-16,Caick Moreira,They included us in their annual planning conversation.
N-02131,ACC-1059,2025-12-28,Caick Moreira,Business review complete. Felix Chen called out time savings on their team.
N-02132,ACC-1059,2026-01-15,Caick Moreira,Exec sponsor confirmed budget is protected for next year.
N-02133,ACC-1059,2026-02-09,Caick Moreira,Ran a refresher session on the API for 10 of their people.
N-02134,ACC-1059,2026-02-23,Caick Moreira,Root cause shared with them. They were satisfied with the explanation.
N-02135,ACC-1059,2026-03-09,Caick Moreira,Brief call with the admin. No issues raised.
N-02136,ACC-1059,2026-03-23,Caick Moreira,Talked through a multi-year option. They want pricing.
N-02137,ACC-1059,2026-04-09,Caick Moreira,Talked through a multi-year option. They want pricing.
N-02138,ACC-1059,2026-05-07,Caick Moreira,Standing check-in held. Team is steady.
N-02139,ACC-1059,2026-05-19,Caick Moreira,"Short call. Reviewed open items, nothing escalated."
N-02140,ACC-1059,2026-06-02,Caick Moreira,Delivered onboarding for the new hires on their team.
N-02141,ACC-1059,2026-06-23,Caick Moreira,Brief call with the admin. No issues raised.
N-02142,ACC-1059,2026-07-20,Caick Moreira,They included us in their annual planning conversation.
N-02143,ACC-1059,2026-08-14,Caick Moreira,Felix Chen was promoted and now owns a larger scope. Good for us.
N-02144,ACC-1059,2026-09-10,Caick Moreira,Touched base. They are heads down on their own roadmap right now.
N-02145,ACC-1060,2023-11-16,Caick Moreira,"Heads up, Ingrid Nwosu is leaving at the end of the month. She was our main advocate here."
N-02146,ACC-1060,2023-12-05,Caick Moreira,Lost our exec sponsor. Ingrid Nwosu was the reason this renewed last year.
N-02147,ACC-1060,2023-12-29,Caick Moreira,Asked about the higher tier. Sending over details.
N-02148,ACC-1060,2024-01-11,Caick Moreira,Escalation closed out. They appreciated the follow-through.
N-02149,ACC-1060,2024-01-30,Caick Moreira,They asked what it would take to add 10 more seats.
N-02150,ACC-1060,2024-02-20,Caick Moreira,"Heads up, Ingrid Nwosu is leaving at the end of the month. She was our main advocate here."
N-02151,ACC-1060,2024-03-06,Caick Moreira,Escalation closed out. They appreciated the follow-through.
N-02152,ACC-1060,2024-04-04,Caick Moreira,Root cause shared with them. They were satisfied with the explanation.
N-02153,ACC-1060,2024-04-28,Caick Moreira,Their CIO joined the call and reiterated this is a strategic system for them.
N-02154,ACC-1060,2024-05-22,Caick Moreira,Exec sponsor confirmed budget is protected for next year.
N-02155,ACC-1060,2024-06-05,Caick Moreira,They are frustrated. data retention broke again during their month-end close.
N-02156,ACC-1060,2024-06-24,Caick Moreira,Ingrid Nwosu was promoted and now owns a larger scope. Good for us.
N-02157,ACC-1060,2024-07-13,Caick Moreira,"Heads up, Ingrid Nwosu is leaving at the end of the month. She was our main advocate here."
N-02158,ACC-1060,2024-07-26,Caick Moreira,Their CIO joined the call and reiterated this is a strategic system for them.
N-02159,ACC-1060,2024-08-07,Caick Moreira,Strong QBR. They want to talk about expanding to a second department.
N-02160,ACC-1060,2024-08-22,Caick Moreira,The dashboards issue is resolved. Confirmed with their admin.
N-02161,ACC-1060,2024-09-03,Caick Moreira,"Short call. Reviewed open items, nothing escalated."
N-02162,ACC-1060,2024-10-01,Caick Moreira,"Ingrid Nwosu confirmed she is taking a role elsewhere. Asked her who to talk to, she was vague."
N-02163,ACC-1060,2024-10-13,Caick Moreira,Ingrid Nwosu was promoted and now owns a larger scope. Good for us.
N-02164,ACC-1060,2024-11-08,Caick Moreira,They are frustrated. data retention broke again during their month-end close.
N-02165,ACC-1060,2024-12-02,Caick Moreira,Exec sponsor confirmed budget is protected for next year.
N-02166,ACC-1060,2024-12-31,Caick Moreira,Asked about the higher tier. Sending over details.
N-02167,ACC-1060,2025-01-22,Caick Moreira,The the API issue is resolved. Confirmed with their admin.
N-02168,ACC-1060,2025-02-07,Caick Moreira,Brief call with the admin. No issues raised.
N-02169,ACC-1060,2025-03-03,Caick Moreira,The the Salesforce sync issue is resolved. Confirmed with their admin.
N-02170,ACC-1060,2025-03-28,Caick Moreira,Root cause shared with them. They were satisfied with the explanation.
N-02171,ACC-1060,2025-04-19,Caick Moreira,Escalation on the mobile app is not moving. They asked for a timeline and I do not have one.
N-02172,ACC-1060,2025-05-02,Caick Moreira,The SSO issue is resolved. Confirmed with their admin.
N-02173,ACC-1060,2025-05-30,Caick Moreira,Touched base. They are heads down on their own roadmap right now.
N-02174,ACC-1060,2025-06-19,Caick Moreira,New leadership reviewed the stack and kept us. Told me directly.
N-02175,ACC-1060,2025-07-14,Caick Moreira,Found out Ingrid Nwosu put in notice. Trying to get introduced to whoever picks this up.
N-02176,ACC-1060,2025-08-04,Caick Moreira,Their second division reached out directly about getting access.
N-02177,ACC-1060,2025-09-03,Caick Moreira,Business review complete. Ingrid Nwosu called out time savings on their team.
N-02178,ACC-1060,2025-09-15,Caick Moreira,Escalation closed out. They appreciated the follow-through.
N-02179,ACC-1060,2025-10-01,Caick Moreira,We got the integration working. Their team is back to normal.
N-02180,ACC-1060,2025-10-16,Caick Moreira,They included us in their annual planning conversation.
N-02181,ACC-1060,2025-11-10,Caick Moreira,Escalation on SSO is not moving. They asked for a timeline and I do not have one.
N-02182,ACC-1060,2025-11-27,Caick Moreira,Their second division reached out directly about getting access.
N-02183,ACC-1060,2025-12-13,Caick Moreira,They asked what it would take to add 4 more seats.
N-02184,ACC-1060,2026-01-02,Caick Moreira,Escalation closed out. They appreciated the follow-through.
N-02185,ACC-1060,2026-01-30,Caick Moreira,Standing check-in held. Team is steady.
N-02186,ACC-1060,2026-03-01,Caick Moreira,We got the integration working. Their team is back to normal.
N-02187,ACC-1060,2026-03-18,Caick Moreira,Reviewed the year. They are happy with where adoption landed.
N-02188,ACC-1060,2026-04-03,Caick Moreira,Business review complete. Ingrid Nwosu called out time savings on their team.
N-02189,ACC-1060,2026-04-18,Caick Moreira,Root cause shared with them. They were satisfied with the explanation.
N-02190,ACC-1060,2026-05-15,Caick Moreira,Root cause shared with them. They were satisfied with the explanation.
N-02191,ACC-1060,2026-06-10,Caick Moreira,Fix shipped. They tested it and closed the ticket themselves.
N-02192,ACC-1060,2026-06-27,Caick Moreira,Root cause shared with them. They were satisfied with the explanation.
N-02193,ACC-1060,2026-07-17,Caick Moreira,QBR went well. They presented our numbers to their leadership.
N-02194,ACC-1060,2026-08-07,Caick Moreira,Talked through a multi-year option. They want pricing.
N-02195,ACC-1060,2026-08-22,Caick Moreira,Third follow-up from them on the same defect. Getting hard to defend.
N-02196,ACC-1061,2025-06-10,Owen Trask,"Short call. Reviewed open items, nothing escalated."
N-02197,ACC-1061,2025-06-28,Owen Trask,They cancelled the check-in an hour before. No reason given.
N-02198,ACC-1061,2025-07-16,Owen Trask,Interest in the Salesforce sync for a team that is not on the contract yet.
N-02199,ACC-1061,2025-07-28,Owen Trask,The the bulk import issue is resolved. Confirmed with their admin.
N-02200,ACC-1061,2025-08-17,Owen Trask,"Short call. Reviewed open items, nothing escalated."
N-02201,ACC-1061,2025-09-15,Owen Trask,Root cause shared with them. They were satisfied with the explanation.
N-02202,ACC-1061,2025-10-06,Owen Trask,Four unanswered emails. Going to try their admin.
N-02203,ACC-1061,2025-11-02,Owen Trask,"Short call. Reviewed open items, nothing escalated."
N-02204,ACC-1061,2025-11-22,Owen Trask,Sent the usage summary. No acknowledgement.
N-02205,ACC-1061,2025-12-21,Owen Trask,No response in six weeks. Tried email and LinkedIn.
N-02206,ACC-1061,2026-01-08,Owen Trask,Monthly check-in. Nothing new to report.
N-02207,ACC-1061,2026-01-23,Owen Trask,Four unanswered emails. Going to try their admin.
N-02208,ACC-1061,2026-02-16,Owen Trask,Asked about the higher tier. Sending over details.
N-02209,ACC-1061,2026-03-09,Owen Trask,Raj Petrov was promoted and now owns a larger scope. Good for us.
N-02210,ACC-1061,2026-04-04,Owen Trask,Ran a refresher session on data retention for 10 of their people.
N-02211,ACC-1061,2026-04-28,Owen Trask,Fix shipped. They tested it and closed the ticket themselves.
N-02212,ACC-1061,2026-05-17,Owen Trask,Fix shipped. They tested it and closed the ticket themselves.
N-02213,ACC-1061,2026-06-01,Owen Trask,Four unanswered emails. Going to try their admin.
N-02214,ACC-1061,2026-06-18,Owen Trask,Sent over the enablement material they asked for.
N-02215,ACC-1061,2026-07-06,Owen Trask,Third reschedule on the QBR. No new date proposed.
N-02216,ACC-1061,2026-07-25,Owen Trask,Third reschedule on the QBR. No new date proposed.
N-02217,ACC-1061,2026-08-20,Owen Trask,The role permissions issue is resolved. Confirmed with their admin.
N-02218,ACC-1061,2026-09-01,Owen Trask,Walked their analysts through the API. Good engagement.
N-02219,ACC-1062,2023-02-16,Nuala Byrne,Standing check-in held. Team is steady.
N-02220,ACC-1062,2023-03-13,Nuala Byrne,Ingrid Stroud was promoted and now owns a larger scope. Good for us.
N-02221,ACC-1062,2023-04-07,Nuala Byrne,The the reporting module issue is resolved. Confirmed with their admin.
N-02222,ACC-1062,2023-04-19,Nuala Byrne,Ran a refresher session on dashboards for 7 of their people.
N-02223,ACC-1062,2023-05-19,Nuala Byrne,QBR went well. They presented our numbers to their leadership.
N-02224,ACC-1062,2023-06-12,Nuala Byrne,The the mobile app issue is resolved. Confirmed with their admin.
N-02225,ACC-1062,2023-06-26,Nuala Byrne,Walked their analysts through the Salesforce sync. Good engagement.
N-02226,ACC-1062,2023-07-18,Nuala Byrne,The workaround we gave them for data retention stopped working.
N-02227,ACC-1062,2023-07-31,Nuala Byrne,Root cause shared with them. They were satisfied with the explanation.
N-02228,ACC-1062,2023-08-29,Nuala Byrne,Third follow-up from them on the same defect. Getting hard to defend.
N-02229,ACC-1062,2023-09-28,Nuala Byrne,Asked about the higher tier. Sending over details.
N-02230,ACC-1062,2023-10-17,Nuala Byrne,New leadership reviewed the stack and kept us. Told me directly.
N-02231,ACC-1062,2023-11-13,Nuala Byrne,The data retention issue is resolved. Confirmed with their admin.
N-02232,ACC-1062,2023-11-30,Nuala Byrne,Exec sponsor confirmed budget is protected for next year.
N-02233,ACC-1062,2023-12-19,Nuala Byrne,They bought for the whole department but adoption never left the pilot team.
N-02234,ACC-1062,2024-01-16,Nuala Byrne,"Office hours session. 3 attendees, mostly questions about reporting."
N-02235,ACC-1062,2024-02-14,Nuala Byrne,They included us in their annual planning conversation.
N-02236,ACC-1062,2024-03-11,Nuala Byrne,"Short call. Reviewed open items, nothing escalated."
N-02237,ACC-1062,2024-03-25,Nuala Byrne,Escalation closed out. They appreciated the follow-through.
N-02238,ACC-1062,2024-04-08,Nuala Byrne,Promised a fix date last month and we missed it. Had to tell them today.
N-02239,ACC-1062,2024-05-08,Nuala Byrne,Escalation closed out. They appreciated the follow-through.
N-02240,ACC-1062,2024-06-04,Nuala Byrne,They asked what it would take to add 6 more seats.
N-02241,ACC-1062,2024-06-20,Nuala Byrne,Reopened the issue with the mobile app. Their patience is visibly thin.
N-02242,ACC-1062,2024-07-03,Nuala Byrne,Ran a refresher session on SSO for 7 of their people.
N-02243,ACC-1062,2024-07-30,Nuala Byrne,Brief call with the admin. No issues raised.
N-02244,ACC-1062,2024-08-23,Nuala Byrne,Reopened the issue with dashboards. Their patience is visibly thin.
N-02245,ACC-1062,2024-09-18,Nuala Byrne,Admin told me most of the team still does this work in spreadsheets.
N-02246,ACC-1062,2024-10-05,Nuala Byrne,Escalation closed out. They appreciated the follow-through.
N-02247,ACC-1062,2024-11-01,Nuala Byrne,Ingrid Stroud was promoted and now owns a larger scope. Good for us.
N-02248,ACC-1062,2024-11-27,Nuala Byrne,Nobody outside the original two users has touched role permissions since onboarding.
N-02249,ACC-1062,2024-12-20,Nuala Byrne,Only 12 of their licensed seats logged in last month.
N-02250,ACC-1062,2025-01-02,Nuala Byrne,Reopened the issue with data retention. Their patience is visibly thin.
N-02251,ACC-1062,2025-01-28,Nuala Byrne,The SSO issue is resolved. Confirmed with their admin.
N-02252,ACC-1062,2025-02-11,Nuala Byrne,Escalation closed out. They appreciated the follow-through.
N-02253,ACC-1062,2025-03-13,Nuala Byrne,Only 14 of their licensed seats logged in last month.
N-02254,ACC-1062,2025-04-07,Nuala Byrne,"Short call. Reviewed open items, nothing escalated."
N-02255,ACC-1062,2025-05-07,Nuala Byrne,Strong QBR. They want to talk about expanding to a second department.
N-02256,ACC-1062,2025-06-06,Nuala Byrne,New leadership reviewed the stack and kept us. Told me directly.
N-02257,ACC-1062,2025-06-22,Nuala Byrne,They asked what it would take to add 11 more seats.
N-02258,ACC-1062,2025-07-20,Nuala Byrne,Walked their analysts through the bulk import. Good engagement.
N-02259,ACC-1062,2025-08-03,Nuala Byrne,They mentioned they are piloting Helmsman with one team.
N-02260,ACC-1062,2025-09-01,Nuala Byrne,Fix shipped. They tested it and closed the ticket themselves.
N-02261,ACC-1062,2025-09-19,Nuala Byrne,Escalation closed out. They appreciated the follow-through.
N-02262,ACC-1062,2025-10-08,Nuala Byrne,Asked about the higher tier. Sending over details.
N-02263,ACC-1062,2025-11-06,Nuala Byrne,Interest in dashboards for a team that is not on the contract yet.
N-02264,ACC-1062,2025-12-05,Nuala Byrne,Walked their analysts through role permissions. Good engagement.
N-02265,ACC-1062,2025-12-26,Nuala Byrne,The the mobile app issue is resolved. Confirmed with their admin.
N-02266,ACC-1062,2026-01-21,Nuala Byrne,The the mobile app issue is resolved. Confirmed with their admin.
N-02267,ACC-1062,2026-02-12,Nuala Byrne,Interest in data retention for a team that is not on the contract yet.
N-02268,ACC-1062,2026-02-24,Nuala Byrne,Strong QBR. They want to talk about expanding to a second department.
N-02269,ACC-1062,2026-03-17,Nuala Byrne,Their CIO joined the call and reiterated this is a strategic system for them.
N-02270,ACC-1062,2026-04-01,Nuala Byrne,They asked what it would take to add 7 more seats.
N-02271,ACC-1062,2026-04-22,Nuala Byrne,They asked what it would take to add 12 more seats.
N-02272,ACC-1062,2026-05-04,Nuala Byrne,Walked their analysts through the API. Good engagement.
N-02273,ACC-1062,2026-05-21,Nuala Byrne,Fix shipped. They tested it and closed the ticket themselves.
N-02274,ACC-1062,2026-06-20,Nuala Byrne,Quick sync with Ingrid Stroud. Business as usual.
N-02275,ACC-1062,2026-07-12,Nuala Byrne,They bought for the whole department but adoption never left the pilot team.
N-02276,ACC-1062,2026-08-07,Nuala Byrne,"Short call. Reviewed open items, nothing escalated."
N-02277,ACC-1062,2026-08-22,Nuala Byrne,"Office hours session. 13 attendees, mostly questions about reporting."
N-02278,ACC-1063,2024-12-04,Nuala Byrne,Monthly check-in. Nothing new to report.
N-02279,ACC-1063,2024-12-22,Nuala Byrne,Quick sync with Malik Nakamura. Business as usual.
N-02280,ACC-1063,2025-01-14,Nuala Byrne,Have not been able to get anyone on a call since the summer.
N-02281,ACC-1063,2025-02-04,Nuala Byrne,"Malik Nakamura confirmed she is taking a role elsewhere. Asked her who to talk to, she was vague."
N-02282,ACC-1063,2025-02-26,Nuala Byrne,Sent over the enablement material they asked for.
N-02283,ACC-1063,2025-03-17,Nuala Byrne,Business review complete. Malik Nakamura called out time savings on their team.
N-02284,ACC-1063,2025-03-31,Nuala Byrne,"Their new director does not know who we are. Sent an intro note, no reply yet."
N-02285,ACC-1063,2025-04-30,Nuala Byrne,Their CIO joined the call and reiterated this is a strategic system for them.
N-02286,ACC-1063,2025-05-26,Nuala Byrne,Fix shipped. They tested it and closed the ticket themselves.
N-02287,ACC-1063,2025-06-11,Nuala Byrne,Fix shipped. They tested it and closed the ticket themselves.
N-02288,ACC-1063,2025-07-04,Nuala Byrne,We got the integration working. Their team is back to normal.
N-02289,ACC-1063,2025-07-21,Nuala Byrne,Fix shipped. They tested it and closed the ticket themselves.
N-02290,ACC-1063,2025-08-17,Nuala Byrne,Our sponsor Malik Nakamura was reorged out of the function. Starting over on relationship mapping.
N-02291,ACC-1063,2025-09-03,Nuala Byrne,Lost our exec sponsor. Malik Nakamura was the reason this renewed last year.
N-02292,ACC-1063,2025-09-16,Nuala Byrne,Malik Nakamura was promoted and now owns a larger scope. Good for us.
N-02293,ACC-1063,2025-10-08,Nuala Byrne,The role permissions issue is resolved. Confirmed with their admin.
N-02294,ACC-1063,2025-10-21,Nuala Byrne,Root cause shared with them. They were satisfied with the explanation.
N-02295,ACC-1063,2025-11-09,Nuala Byrne,No response in six weeks. Tried email and LinkedIn.
N-02296,ACC-1063,2025-11-28,Nuala Byrne,Touched base. They are heads down on their own roadmap right now.
N-02297,ACC-1063,2025-12-28,Nuala Byrne,Talked through a multi-year option. They want pricing.
N-02298,ACC-1063,2026-01-27,Nuala Byrne,Business review complete. Malik Nakamura called out time savings on their team.
N-02299,ACC-1063,2026-02-15,Nuala Byrne,Ran a refresher session on the Salesforce sync for 7 of their people.
N-02300,ACC-1063,2026-03-10,Nuala Byrne,We got the integration working. Their team is back to normal.
N-02301,ACC-1063,2026-03-26,Nuala Byrne,Malik Nakamura has moved to a different company. No replacement named yet.
N-02302,ACC-1063,2026-04-14,Nuala Byrne,Delivered onboarding for the new hires on their team.
N-02303,ACC-1063,2026-05-01,Nuala Byrne,Four unanswered emails. Going to try their admin.
N-02304,ACC-1063,2026-05-24,Nuala Byrne,Standing check-in held. Team is steady.
N-02305,ACC-1063,2026-06-16,Nuala Byrne,Root cause shared with them. They were satisfied with the explanation.
N-02306,ACC-1063,2026-07-12,Nuala Byrne,The the alerting rules issue is resolved. Confirmed with their admin.
N-02307,ACC-1063,2026-07-25,Nuala Byrne,Business review complete. Malik Nakamura called out time savings on their team.
N-02308,ACC-1063,2026-08-12,Nuala Byrne,"Malik Nakamura confirmed she is taking a role elsewhere. Asked her who to talk to, she was vague."
N-02309,ACC-1063,2026-09-08,Nuala Byrne,Strong QBR. They want to talk about expanding to a second department.
N-02310,ACC-1064,2024-12-27,Owen Trask,the alerting rules is slow at their data volume and they have said so repeatedly.
N-02311,ACC-1064,2025-01-15,Owen Trask,Their the API integration broke again during their data load.
N-02312,ACC-1064,2025-02-04,Owen Trask,Business review complete. Rosa Whitfield called out time savings on their team.
N-02313,ACC-1064,2025-02-19,Owen Trask,Layoffs on their side. Seat count is going to come down at renewal.
N-02314,ACC-1064,2025-03-07,Owen Trask,The the reporting module issue is resolved. Confirmed with their admin.
N-02315,ACC-1064,2025-03-25,Owen Trask,Business review complete. Rosa Whitfield called out time savings on their team.
N-02316,ACC-1064,2025-04-20,Owen Trask,Ran a refresher session on the mobile app for 13 of their people.
N-02317,ACC-1064,2025-05-08,Owen Trask,Configuration drifted and nobody on their side owns it now.
N-02318,ACC-1064,2025-05-21,Owen Trask,Interest in the reporting module for a team that is not on the contract yet.
N-02319,ACC-1064,2025-06-09,Owen Trask,Their second division reached out directly about getting access.
N-02320,ACC-1064,2025-07-09,Owen Trask,They do not have the internal engineering capacity to finish the integration.
N-02321,ACC-1064,2025-07-26,Owen Trask,"Short call. Reviewed open items, nothing escalated."
N-02322,ACC-1064,2025-08-19,Owen Trask,Quick sync with Rosa Whitfield. Business as usual.
N-02323,ACC-1064,2025-08-31,Owen Trask,Root cause shared with them. They were satisfied with the explanation.
N-02324,ACC-1064,2025-09-24,Owen Trask,the bulk import is slow at their data volume and they have said so repeatedly.
N-02325,ACC-1064,2025-10-19,Owen Trask,"Seat utilization is under a third. Raised it, they acknowledged and moved on."
N-02326,ACC-1064,2025-11-13,Owen Trask,Their second division reached out directly about getting access.
N-02327,ACC-1064,2025-12-07,Owen Trask,Standing check-in held. Team is steady.
N-02328,ACC-1065,2024-09-06,Owen Trask,We got the integration working. Their team is back to normal.
N-02329,ACC-1065,2024-09-27,Owen Trask,Fix shipped. They tested it and closed the ticket themselves.
N-02330,ACC-1065,2024-10-18,Owen Trask,Interest in SSO for a team that is not on the contract yet.
N-02331,ACC-1065,2024-11-03,Owen Trask,Touched base. They are heads down on their own roadmap right now.
N-02332,ACC-1065,2024-11-28,Owen Trask,Escalation closed out. They appreciated the follow-through.
N-02333,ACC-1065,2024-12-14,Owen Trask,Promised a fix date last month and we missed it. Had to tell them today.
N-02334,ACC-1065,2024-12-29,Owen Trask,Delivered onboarding for the new hires on their team.
N-02335,ACC-1065,2025-01-28,Owen Trask,Sent over the enablement material they asked for.
N-02336,ACC-1065,2025-02-18,Owen Trask,Walked their analysts through the mobile app. Good engagement.
N-02337,ACC-1065,2025-03-09,Owen Trask,They are frustrated. the bulk import broke again during their month-end close.
N-02338,ACC-1065,2025-03-23,Owen Trask,Root cause shared with them. They were satisfied with the explanation.
N-02339,ACC-1065,2025-04-15,Owen Trask,Their second division reached out directly about getting access.
N-02340,ACC-1065,2025-05-11,Owen Trask,Escalation closed out. They appreciated the follow-through.
N-02341,ACC-1065,2025-05-30,Owen Trask,Reviewed the year. They are happy with where adoption landed.
N-02342,ACC-1065,2025-06-27,Owen Trask,Interest in SSO for a team that is not on the contract yet.
N-02343,ACC-1065,2025-07-14,Owen Trask,Their CIO joined the call and reiterated this is a strategic system for them.
N-02344,ACC-1065,2025-08-11,Owen Trask,Third follow-up from them on the same defect. Getting hard to defend.
N-02345,ACC-1065,2025-09-02,Owen Trask,Their second division reached out directly about getting access.
N-02346,ACC-1065,2025-09-17,Owen Trask,We got the integration working. Their team is back to normal.
N-02347,ACC-1065,2025-10-10,Owen Trask,Touched base. They are heads down on their own roadmap right now.
N-02348,ACC-1065,2025-10-31,Owen Trask,Promised a fix date last month and we missed it. Had to tell them today.
N-02349,ACC-1065,2025-11-17,Owen Trask,Strong QBR. They want to talk about expanding to a second department.
N-02350,ACC-1065,2025-11-30,Owen Trask,We got the integration working. Their team is back to normal.
N-02351,ACC-1065,2025-12-12,Owen Trask,Outage during their peak week. They want a written explanation.
N-02352,ACC-1065,2025-12-27,Owen Trask,Escalation on the mobile app is not moving. They asked for a timeline and I do not have one.
N-02353,ACC-1065,2026-01-14,Owen Trask,Business review complete. Malik Delgado called out time savings on their team.
N-02354,ACC-1065,2026-02-09,Owen Trask,Still waiting on the fix for the Salesforce sync. This has been open for weeks.
N-02355,ACC-1065,2026-02-26,Owen Trask,The the mobile app issue is resolved. Confirmed with their admin.
N-02356,ACC-1065,2026-03-14,Owen Trask,Outage during their peak week. They want a written explanation.
N-02357,ACC-1065,2026-04-08,Owen Trask,Delivered onboarding for the new hires on their team.
N-02358,ACC-1065,2026-04-28,Owen Trask,Brief call with the admin. No issues raised.
N-02359,ACC-1065,2026-05-27,Owen Trask,Reopened the issue with the reporting module. Their patience is visibly thin.
N-02360,ACC-1065,2026-06-12,Owen Trask,Fix shipped. They tested it and closed the ticket themselves.
N-02361,ACC-1065,2026-07-04,Owen Trask,Ran a refresher session on the reporting module for 11 of their people.
N-02362,ACC-1065,2026-07-25,Owen Trask,Quick sync with Malik Delgado. Business as usual.
N-02363,ACC-1065,2026-08-08,Owen Trask,The the API issue is resolved. Confirmed with their admin.
N-02364,ACC-1065,2026-09-01,Owen Trask,Sent over the enablement material they asked for.
N-02365,ACC-1066,2023-12-18,Shairyar Khan,Escalation closed out. They appreciated the follow-through.
N-02366,ACC-1066,2024-01-03,Shairyar Khan,"Ran the numbers before the call. 11 active users, down from last quarter."
N-02367,ACC-1066,2024-01-20,Shairyar Khan,Their team never completed rollout to the second region. 5 users total.
N-02368,ACC-1066,2024-02-05,Shairyar Khan,Usage is flat. 9 weekly active users against a much larger contract.
N-02369,ACC-1066,2024-02-29,Shairyar Khan,Login activity dropped off after the project lead changed. 10 active this month.
N-02370,ACC-1066,2024-03-17,Shairyar Khan,Standing check-in held. Team is steady.
N-02371,ACC-1066,2024-03-30,Shairyar Khan,Usage is flat. 3 weekly active users against a much larger contract.
N-02372,ACC-1066,2024-04-22,Shairyar Khan,Dana Whitfield was promoted and now owns a larger scope. Good for us.
N-02373,ACC-1066,2024-05-17,Shairyar Khan,They included us in their annual planning conversation.
N-02374,ACC-1066,2024-06-08,Shairyar Khan,Delivered onboarding for the new hires on their team.
N-02375,ACC-1066,2024-06-25,Shairyar Khan,The dashboards issue is resolved. Confirmed with their admin.
N-02376,ACC-1066,2024-07-18,Shairyar Khan,Root cause shared with them. They were satisfied with the explanation.
N-02377,ACC-1066,2024-08-10,Shairyar Khan,They included us in their annual planning conversation.
N-02378,ACC-1066,2024-08-23,Shairyar Khan,We got the integration working. Their team is back to normal.
N-02379,ACC-1066,2024-09-07,Shairyar Khan,We got the integration working. Their team is back to normal.
N-02380,ACC-1066,2024-09-19,Shairyar Khan,They included us in their annual planning conversation.
N-02381,ACC-1066,2024-10-05,Shairyar Khan,"Ran the numbers before the call. 8 active users, down from last quarter."
N-02382,ACC-1066,2024-10-18,Shairyar Khan,Interest in the mobile app for a team that is not on the contract yet.
N-02383,ACC-1066,2024-11-01,Shairyar Khan,They asked what it would take to add 6 more seats.
N-02384,ACC-1066,2024-12-01,Shairyar Khan,Usage is flat. 8 weekly active users against a much larger contract.
N-02385,ACC-1066,2024-12-21,Shairyar Khan,"Seat utilization is under a third. Raised it, they acknowledged and moved on."
N-02386,ACC-1066,2025-01-20,Shairyar Khan,We got the integration working. Their team is back to normal.
N-02387,ACC-1066,2025-02-15,Shairyar Khan,Ran a refresher session on the reporting module for 14 of their people.
N-02388,ACC-1066,2025-03-03,Shairyar Khan,Nobody outside the original two users has touched the reporting module since onboarding.
N-02389,ACC-1066,2025-03-30,Shairyar Khan,They bought for the whole department but adoption never left the pilot team.
N-02390,ACC-1066,2025-04-29,Shairyar Khan,They are paying for far more than they use and finance has started to notice.
N-02391,ACC-1066,2025-05-29,Shairyar Khan,New leadership reviewed the stack and kept us. Told me directly.
N-02392,ACC-1066,2025-06-15,Shairyar Khan,Ran a refresher session on SSO for 9 of their people.
N-02393,ACC-1066,2025-07-09,Shairyar Khan,Escalation closed out. They appreciated the follow-through.
N-02394,ACC-1066,2025-08-01,Shairyar Khan,They are paying for far more than they use and finance has started to notice.
N-02395,ACC-1066,2025-08-15,Shairyar Khan,Business review complete. Dana Whitfield called out time savings on their team.
N-02396,ACC-1066,2025-09-14,Shairyar Khan,The the reporting module issue is resolved. Confirmed with their admin.
N-02397,ACC-1066,2025-09-29,Shairyar Khan,Touched base. They are heads down on their own roadmap right now.
N-02398,ACC-1066,2025-10-20,Shairyar Khan,Reviewed the year. They are happy with where adoption landed.
N-02399,ACC-1066,2025-11-05,Shairyar Khan,Talked through a multi-year option. They want pricing.
N-02400,ACC-1066,2025-11-30,Shairyar Khan,Asked about the higher tier. Sending over details.
N-02401,ACC-1066,2025-12-25,Shairyar Khan,Reviewed the year. They are happy with where adoption landed.
N-02402,ACC-1066,2026-01-07,Shairyar Khan,"Seat utilization is under a third. Raised it, they acknowledged and moved on."
N-02403,ACC-1066,2026-01-25,Shairyar Khan,Admin told me most of the team still does this work in spreadsheets.
N-02404,ACC-1066,2026-02-20,Shairyar Khan,Root cause shared with them. They were satisfied with the explanation.
N-02405,ACC-1066,2026-03-16,Shairyar Khan,Only 9 of their licensed seats logged in last month.
N-02406,ACC-1066,2026-03-28,Shairyar Khan,Usage is flat. 4 weekly active users against a much larger contract.
N-02407,ACC-1066,2026-04-23,Shairyar Khan,Escalation closed out. They appreciated the follow-through.
N-02408,ACC-1066,2026-05-14,Shairyar Khan,New leadership reviewed the stack and kept us. Told me directly.
N-02409,ACC-1066,2026-06-06,Shairyar Khan,Interest in the mobile app for a team that is not on the contract yet.
N-02410,ACC-1066,2026-06-26,Shairyar Khan,Business review complete. Dana Whitfield called out time savings on their team.
N-02411,ACC-1066,2026-07-10,Shairyar Khan,"Short call. Reviewed open items, nothing escalated."
N-02412,ACC-1066,2026-07-30,Shairyar Khan,Sent over the enablement material they asked for.
N-02413,ACC-1066,2026-08-11,Shairyar Khan,Root cause shared with them. They were satisfied with the explanation.
N-02414,ACC-1066,2026-08-24,Shairyar Khan,Sent over the enablement material they asked for.
N-02415,ACC-1067,2024-02-04,Shairyar Khan,Monthly check-in. Nothing new to report.
N-02416,ACC-1067,2024-02-21,Shairyar Khan,Still waiting on the fix for the mobile app. This has been open for weeks.
N-02417,ACC-1067,2024-03-20,Shairyar Khan,Reviewed the year. They are happy with where adoption landed.
N-02418,ACC-1067,2024-04-19,Shairyar Khan,They mentioned they are piloting Nimbus Track with one team.
N-02419,ACC-1067,2024-05-10,Shairyar Khan,Talked through a multi-year option. They want pricing.
N-02420,ACC-1067,2024-05-29,Shairyar Khan,Quick sync with Hector Abbott. Business as usual.
N-02421,ACC-1067,2024-06-13,Shairyar Khan,Talked through a multi-year option. They want pricing.
N-02422,ACC-1067,2024-07-07,Shairyar Khan,They included us in their annual planning conversation.
N-02423,ACC-1067,2024-08-01,Shairyar Khan,Standing check-in held. Team is steady.
N-02424,ACC-1067,2024-08-24,Shairyar Khan,Walked their analysts through role permissions. Good engagement.
N-02425,ACC-1067,2024-09-12,Shairyar Khan,Mentioned an RFP is going out before renewal.
N-02426,ACC-1067,2024-10-03,Shairyar Khan,"Office hours session. 2 attendees, mostly questions about reporting."
N-02427,ACC-1067,2024-10-22,Shairyar Khan,Talked through a multi-year option. They want pricing.
N-02428,ACC-1067,2024-11-09,Shairyar Khan,Touched base. They are heads down on their own roadmap right now.
N-02429,ACC-1067,2024-12-09,Shairyar Khan,We got the integration working. Their team is back to normal.
N-02430,ACC-1067,2024-12-31,Shairyar Khan,Sent over the enablement material they asked for.
N-02431,ACC-1067,2025-01-30,Shairyar Khan,Ran a refresher session on the Salesforce sync for 6 of their people.
N-02432,ACC-1067,2025-02-13,Shairyar Khan,Ran a refresher session on the bulk import for 7 of their people.
N-02433,ACC-1067,2025-02-26,Shairyar Khan,Third reschedule on the QBR. No new date proposed.
N-02434,ACC-1067,2025-03-18,Shairyar Khan,Business review complete. Hector Abbott called out time savings on their team.
N-02435,ACC-1067,2025-04-04,Shairyar Khan,Sent over the enablement material they asked for.
N-02436,ACC-1067,2025-04-23,Shairyar Khan,They do not have the internal engineering capacity to finish the integration.
N-02437,ACC-1067,2025-05-08,Shairyar Khan,Quick sync with Hector Abbott. Business as usual.
N-02438,ACC-1067,2025-05-28,Shairyar Khan,They asked what it would take to add 14 more seats.
N-02439,ACC-1067,2025-06-23,Shairyar Khan,"Short call. Reviewed open items, nothing escalated."
N-02440,ACC-1067,2025-07-20,Shairyar Khan,Strong QBR. They want to talk about expanding to a second department.
N-02441,ACC-1067,2025-08-09,Shairyar Khan,Ran a refresher session on SSO for 5 of their people.
N-02442,ACC-1067,2025-09-08,Shairyar Khan,Reviewed the year. They are happy with where adoption landed.
N-02443,ACC-1067,2025-09-26,Shairyar Khan,Ran a refresher session on the alerting rules for 6 of their people.
N-02444,ACC-1067,2025-10-22,Shairyar Khan,Data quality issues on their side keep surfacing as complaints about us.
N-02445,ACC-1067,2025-11-07,Shairyar Khan,QBR went well. They presented our numbers to their leadership.
N-02446,ACC-1067,2025-12-06,Shairyar Khan,"Short call. Reviewed open items, nothing escalated."
N-02447,ACC-1067,2025-12-31,Shairyar Khan,They are running a formal evaluation and we are one of three.
N-02448,ACC-1067,2026-01-29,Shairyar Khan,Interest in SSO for a team that is not on the contract yet.
N-02449,ACC-1067,2026-02-26,Shairyar Khan,Quick sync with Hector Abbott. Business as usual.
N-02450,ACC-1067,2026-03-11,Shairyar Khan,They included us in their annual planning conversation.
N-02451,ACC-1067,2026-04-09,Shairyar Khan,Four unanswered emails. Going to try their admin.
N-02452,ACC-1067,2026-04-28,Shairyar Khan,The workaround we gave them for SSO stopped working.
N-02453,ACC-1067,2026-05-14,Shairyar Khan,Data quality issues on their side keep surfacing as complaints about us.
N-02454,ACC-1067,2026-06-02,Shairyar Khan,The workaround we gave them for the API stopped working.
N-02455,ACC-1068,2022-11-09,Brittney Cole,Yusuf Delgado was promoted and now owns a larger scope. Good for us.
N-02456,ACC-1068,2022-11-29,Brittney Cole,Escalation closed out. They appreciated the follow-through.
N-02457,ACC-1068,2022-12-16,Brittney Cole,Yusuf Delgado asked me directly whether this is ever going to be fixed.
N-02458,ACC-1068,2023-01-14,Brittney Cole,Escalation closed out. They appreciated the follow-through.
N-02459,ACC-1068,2023-01-29,Brittney Cole,Strong QBR. They want to talk about expanding to a second department.
N-02460,ACC-1068,2023-02-10,Brittney Cole,Walked their analysts through dashboards. Good engagement.
N-02461,ACC-1068,2023-02-22,Brittney Cole,Asked about the higher tier. Sending over details.
N-02462,ACC-1068,2023-03-20,Brittney Cole,Finance is reviewing every software line item this cycle.
N-02463,ACC-1068,2023-04-13,Brittney Cole,Standing check-in held. Team is steady.
N-02464,ACC-1068,2023-05-09,Brittney Cole,"Office hours session. 4 attendees, mostly questions about reporting."
N-02465,ACC-1068,2023-05-31,Brittney Cole,Their second division reached out directly about getting access.
N-02466,ACC-1068,2023-06-17,Brittney Cole,The workaround we gave them for the reporting module stopped working.
N-02467,ACC-1068,2023-07-01,Brittney Cole,Quick sync with Yusuf Delgado. Business as usual.
N-02468,ACC-1068,2023-07-24,Brittney Cole,Sent over the enablement material they asked for.
N-02469,ACC-1068,2023-08-15,Brittney Cole,Interest in SSO for a team that is not on the contract yet.
N-02470,ACC-1068,2023-09-06,Brittney Cole,Exec sponsor confirmed budget is protected for next year.
N-02471,ACC-1068,2023-10-02,Brittney Cole,We got the integration working. Their team is back to normal.
N-02472,ACC-1068,2023-10-23,Brittney Cole,"Short call. Reviewed open items, nothing escalated."
N-02473,ACC-1068,2023-11-12,Brittney Cole,Root cause shared with them. They were satisfied with the explanation.
N-02474,ACC-1068,2023-11-30,Brittney Cole,Root cause shared with them. They were satisfied with the explanation.
N-02475,ACC-1068,2023-12-30,Brittney Cole,Fix shipped. They tested it and closed the ticket themselves.
N-02476,ACC-1068,2024-01-15,Brittney Cole,They flagged that procurement now requires justification for anything over the threshold.
N-02477,ACC-1068,2024-01-30,Brittney Cole,Asked about the higher tier. Sending over details.
N-02478,ACC-1068,2024-02-23,Brittney Cole,They flagged that procurement now requires justification for anything over the threshold.
N-02479,ACC-1068,2024-03-14,Brittney Cole,Escalation closed out. They appreciated the follow-through.
N-02480,ACC-1068,2024-03-26,Brittney Cole,Third follow-up from them on the same defect. Getting hard to defend.
N-02481,ACC-1068,2024-04-23,Brittney Cole,They included us in their annual planning conversation.
N-02482,ACC-1068,2024-05-17,Brittney Cole,Standing check-in held. Team is steady.
N-02483,ACC-1068,2024-06-07,Brittney Cole,Fix shipped. They tested it and closed the ticket themselves.
N-02484,ACC-1068,2024-06-21,Brittney Cole,They asked whether we can do a shorter term or a smaller seat count.
N-02485,ACC-1068,2024-07-08,Brittney Cole,Touched base. They are heads down on their own roadmap right now.
N-02486,ACC-1068,2024-07-23,Brittney Cole,Third follow-up from them on the same defect. Getting hard to defend.
N-02487,ACC-1068,2024-08-12,Brittney Cole,Fix shipped. They tested it and closed the ticket themselves.
N-02488,ACC-1068,2024-09-10,Brittney Cole,Company-wide cost reduction effort. We are on the list being evaluated.
N-02489,ACC-1068,2024-09-27,Brittney Cole,Escalation closed out. They appreciated the follow-through.
N-02490,ACC-1068,2024-10-19,Brittney Cole,They are frustrated. the reporting module broke again during their month-end close.
N-02491,ACC-1068,2024-11-01,Brittney Cole,Fix shipped. They tested it and closed the ticket themselves.
N-02492,ACC-1068,2024-11-13,Brittney Cole,"Office hours session. 14 attendees, mostly questions about reporting."
N-02493,ACC-1068,2024-11-26,Brittney Cole,Promised a fix date last month and we missed it. Had to tell them today.
N-02494,ACC-1068,2024-12-21,Brittney Cole,Sent over the enablement material they asked for.
N-02495,ACC-1068,2025-01-14,Brittney Cole,Delivered onboarding for the new hires on their team.
N-02496,ACC-1068,2025-01-28,Brittney Cole,Root cause shared with them. They were satisfied with the explanation.
N-02497,ACC-1068,2025-02-23,Brittney Cole,Promised a fix date last month and we missed it. Had to tell them today.
N-02498,ACC-1068,2025-03-09,Brittney Cole,Budget freeze announced internally. Renewals are being looked at individually.
N-02499,ACC-1068,2025-03-24,Brittney Cole,Fix shipped. They tested it and closed the ticket themselves.
N-02500,ACC-1068,2025-04-07,Brittney Cole,The the Salesforce sync issue is resolved. Confirmed with their admin.
N-02501,ACC-1068,2025-05-01,Brittney Cole,Company-wide cost reduction effort. We are on the list being evaluated.
N-02502,ACC-1068,2025-05-13,Brittney Cole,Their CIO joined the call and reiterated this is a strategic system for them.
N-02503,ACC-1068,2025-05-27,Brittney Cole,Their second division reached out directly about getting access.
N-02504,ACC-1068,2025-06-11,Brittney Cole,New leadership reviewed the stack and kept us. Told me directly.
N-02505,ACC-1068,2025-07-02,Brittney Cole,The role permissions issue is resolved. Confirmed with their admin.
N-02506,ACC-1068,2025-07-25,Brittney Cole,Exec sponsor confirmed budget is protected for next year.
N-02507,ACC-1068,2025-08-24,Brittney Cole,We got the integration working. Their team is back to normal.
N-02508,ACC-1068,2025-09-21,Brittney Cole,Walked their analysts through the bulk import. Good engagement.
N-02509,ACC-1068,2025-10-11,Brittney Cole,"Short call. Reviewed open items, nothing escalated."
N-02510,ACC-1068,2025-10-23,Brittney Cole,Sent over the enablement material they asked for.
N-02511,ACC-1068,2025-11-13,Brittney Cole,The workaround we gave them for the Salesforce sync stopped working.
N-02512,ACC-1068,2025-12-12,Brittney Cole,Support ticket has been open since before the last QBR. No engineering ETA.
N-02513,ACC-1068,2026-01-04,Brittney Cole,Reviewed the year. They are happy with where adoption landed.
N-02514,ACC-1068,2026-01-22,Brittney Cole,QBR went well. They presented our numbers to their leadership.
N-02515,ACC-1068,2026-02-12,Brittney Cole,Escalation closed out. They appreciated the follow-through.
N-02516,ACC-1068,2026-03-14,Brittney Cole,Talked through a multi-year option. They want pricing.
N-02517,ACC-1068,2026-04-05,Brittney Cole,Their procurement team has entered the conversation for the first time.
N-02518,ACC-1068,2026-04-22,Brittney Cole,"Their CFO asked for a cost per user breakdown. Sent it, waiting."
N-02519,ACC-1068,2026-05-05,Brittney Cole,Their CIO joined the call and reiterated this is a strategic system for them.
N-02520,ACC-1068,2026-05-25,Brittney Cole,Their CIO joined the call and reiterated this is a strategic system for them.
N-02521,ACC-1068,2026-06-23,Brittney Cole,The the Salesforce sync issue is resolved. Confirmed with their admin.
N-02522,ACC-1068,2026-07-22,Brittney Cole,We got the integration working. Their team is back to normal.
N-02523,ACC-1068,2026-08-14,Brittney Cole,Quick sync with Yusuf Delgado. Business as usual.
N-02524,ACC-1068,2026-08-27,Brittney Cole,Told me the spend is being questioned above Yusuf Delgado's level.
N-02525,ACC-1069,2024-03-13,Brittney Cole,Escalation closed out. They appreciated the follow-through.
N-02526,ACC-1069,2024-04-11,Brittney Cole,Migration off their legacy system stalled. We are stuck waiting.
N-02527,ACC-1069,2024-05-11,Brittney Cole,They mentioned they are piloting Corveo with one team.
N-02528,ACC-1069,2024-05-28,Brittney Cole,Monthly check-in. Nothing new to report.
N-02529,ACC-1069,2024-06-20,Brittney Cole,Fix shipped. They tested it and closed the ticket themselves.
N-02530,ACC-1069,2024-07-10,Brittney Cole,They want us to match a workflow that our product does not support.
N-02531,ACC-1069,2024-08-01,Brittney Cole,Talked through a multi-year option. They want pricing.
N-02532,ACC-1069,2024-08-25,Brittney Cole,Data quality issues on their side keep surfacing as complaints about us.
N-02533,ACC-1069,2024-09-19,Brittney Cole,We got the integration working. Their team is back to normal.
N-02534,ACC-1069,2024-10-04,Brittney Cole,Walked their analysts through the reporting module. Good engagement.
N-02535,ACC-1069,2024-10-31,Brittney Cole,Good session. Their exec attended and was engaged.
N-02536,ACC-1069,2024-11-19,Brittney Cole,Quick sync with Jonah Ferreira. Business as usual.
N-02537,ACC-1069,2024-12-16,Brittney Cole,Strong QBR. They want to talk about expanding to a second department.
N-02538,ACC-1069,2025-01-02,Brittney Cole,Their CIO joined the call and reiterated this is a strategic system for them.
N-02539,ACC-1069,2025-01-18,Brittney Cole,Brief call with the admin. No issues raised.
N-02540,ACC-1069,2025-02-03,Brittney Cole,"Office hours session. 12 attendees, mostly questions about reporting."
N-02541,ACC-1069,2025-03-04,Brittney Cole,They included us in their annual planning conversation.
N-02542,ACC-1069,2025-03-21,Brittney Cole,Asked me how we compare to Orderly. First time that has come up.
N-02543,ACC-1069,2025-04-12,Brittney Cole,Configuration drifted and nobody on their side owns it now.
N-02544,ACC-1069,2025-04-26,Brittney Cole,The the mobile app issue is resolved. Confirmed with their admin.
N-02545,ACC-1069,2025-05-10,Brittney Cole,They are running a formal evaluation and we are one of three.
N-02546,ACC-1069,2025-06-02,Brittney Cole,Walked their analysts through the alerting rules. Good engagement.
N-02547,ACC-1069,2025-06-23,Brittney Cole,Came up that Orderly has been in talking to their leadership.
N-02548,ACC-1069,2025-07-23,Brittney Cole,Jonah Ferreira was promoted and now owns a larger scope. Good for us.
N-02549,ACC-1069,2025-08-19,Brittney Cole,Fix shipped. They tested it and closed the ticket themselves.
N-02550,ACC-1069,2025-09-13,Brittney Cole,The the alerting rules setup has never worked the way they expected.
N-02551,ACC-1069,2025-09-30,Brittney Cole,We got the integration working. Their team is back to normal.
N-02552,ACC-1069,2025-10-23,Brittney Cole,Interest in dashboards for a team that is not on the contract yet.
N-02553,ACC-1069,2025-11-17,Brittney Cole,Sync failures every week. Their admin is the one absorbing the pain.
N-02554,ACC-1069,2025-12-08,Brittney Cole,Walked their analysts through the Salesforce sync. Good engagement.
N-02555,ACC-1069,2026-01-05,Brittney Cole,Sync failures every week. Their admin is the one absorbing the pain.
N-02556,ACC-1069,2026-01-26,Brittney Cole,They are considering consolidating onto Corveo as part of a platform play.
N-02557,ACC-1069,2026-02-19,Brittney Cole,Asked about the higher tier. Sending over details.
N-02558,ACC-1069,2026-03-09,Brittney Cole,Root cause shared with them. They were satisfied with the explanation.
N-02559,ACC-1069,2026-04-03,Brittney Cole,They mentioned they are piloting Lattitude with one team.
N-02560,ACC-1069,2026-04-16,Brittney Cole,Interest in the alerting rules for a team that is not on the contract yet.
N-02561,ACC-1069,2026-05-08,Brittney Cole,Configuration drifted and nobody on their side owns it now.
N-02562,ACC-1069,2026-05-29,Brittney Cole,Requested a feature comparison against Parallax. Sent one.
N-02563,ACC-1069,2026-06-26,Brittney Cole,Root cause shared with them. They were satisfied with the explanation.
N-02564,ACC-1069,2026-07-22,Brittney Cole,They are considering consolidating onto Orderly as part of a platform play.
N-02565,ACC-1069,2026-08-19,Brittney Cole,SSO is slow at their data volume and they have said so repeatedly.
N-02566,ACC-1069,2026-09-02,Brittney Cole,Root cause shared with them. They were satisfied with the explanation.
N-02567,ACC-1070,2023-09-18,Owen Trask,Good session. Their exec attended and was engaged.
N-02568,ACC-1070,2023-10-03,Owen Trask,"Office hours session. 10 attendees, mostly questions about reporting."
N-02569,ACC-1070,2023-10-27,Owen Trask,Fix shipped. They tested it and closed the ticket themselves.
N-02570,ACC-1070,2023-11-24,Owen Trask,Their CIO joined the call and reiterated this is a strategic system for them.
N-02571,ACC-1070,2023-12-21,Owen Trask,Escalation closed out. They appreciated the follow-through.
N-02572,ACC-1070,2024-01-20,Owen Trask,The the Salesforce sync issue is resolved. Confirmed with their admin.
N-02573,ACC-1070,2024-02-02,Owen Trask,We got the integration working. Their team is back to normal.
N-02574,ACC-1070,2024-02-21,Owen Trask,Escalation closed out. They appreciated the follow-through.
N-02575,ACC-1070,2024-03-04,Owen Trask,Delivered onboarding for the new hires on their team.
N-02576,ACC-1070,2024-03-19,Owen Trask,Went quiet after the escalation. Not sure who owns us there now.
N-02577,ACC-1070,2024-04-17,Owen Trask,Sent the usage summary. No acknowledgement.
N-02578,ACC-1070,2024-05-02,Owen Trask,Third reschedule on the QBR. No new date proposed.
N-02579,ACC-1070,2024-05-31,Owen Trask,The dashboards issue is resolved. Confirmed with their admin.
N-02580,ACC-1070,2024-06-13,Owen Trask,We got the integration working. Their team is back to normal.
N-02581,ACC-1070,2024-07-05,Owen Trask,Exec sponsor confirmed budget is protected for next year.
N-02582,ACC-1070,2024-07-29,Owen Trask,No response in six weeks. Tried email and LinkedIn.
N-02583,ACC-1070,2024-08-22,Owen Trask,Fix shipped. They tested it and closed the ticket themselves.
N-02584,ACC-1070,2024-09-13,Owen Trask,They asked what it would take to add 9 more seats.
N-02585,ACC-1070,2024-10-02,Owen Trask,Meeting attendance has dropped to one junior person.
N-02586,ACC-1070,2024-10-29,Owen Trask,Monthly check-in. Nothing new to report.
N-02587,ACC-1070,2024-11-22,Owen Trask,Fix shipped. They tested it and closed the ticket themselves.
N-02588,ACC-1070,2024-12-09,Owen Trask,New leadership reviewed the stack and kept us. Told me directly.
N-02589,ACC-1070,2024-12-21,Owen Trask,Fix shipped. They tested it and closed the ticket themselves.
N-02590,ACC-1070,2025-01-10,Owen Trask,No response in six weeks. Tried email and LinkedIn.
N-02591,ACC-1070,2025-02-05,Owen Trask,Walked their analysts through role permissions. Good engagement.
N-02592,ACC-1070,2025-02-18,Owen Trask,Quick sync with Simone Vasquez. Business as usual.
N-02593,ACC-1070,2025-03-08,Owen Trask,They skipped the business review entirely this cycle.
N-02594,ACC-1070,2025-03-24,Owen Trask,Touched base. They are heads down on their own roadmap right now.
N-02595,ACC-1070,2025-04-08,Owen Trask,They included us in their annual planning conversation.
N-02596,ACC-1070,2025-05-03,Owen Trask,We got the integration working. Their team is back to normal.
N-02597,ACC-1070,2025-05-15,Owen Trask,Root cause shared with them. They were satisfied with the explanation.
N-02598,ACC-1070,2025-06-10,Owen Trask,QBR went well. They presented our numbers to their leadership.
N-02599,ACC-1070,2025-07-06,Owen Trask,No response in six weeks. Tried email and LinkedIn.
N-02600,ACC-1070,2025-07-18,Owen Trask,New leadership reviewed the stack and kept us. Told me directly.
N-02601,ACC-1070,2025-08-11,Owen Trask,The dashboards issue is resolved. Confirmed with their admin.
N-02602,ACC-1070,2025-09-10,Owen Trask,Standing check-in held. Team is steady.
N-02603,ACC-1070,2025-10-07,Owen Trask,Simone Vasquez was promoted and now owns a larger scope. Good for us.
N-02604,ACC-1070,2025-10-28,Owen Trask,QBR went well. They presented our numbers to their leadership.
N-02605,ACC-1070,2025-11-09,Owen Trask,Escalation closed out. They appreciated the follow-through.
N-02606,ACC-1070,2025-12-04,Owen Trask,Fix shipped. They tested it and closed the ticket themselves.
N-02607,ACC-1070,2025-12-24,Owen Trask,QBR went well. They presented our numbers to their leadership.
N-02608,ACC-1070,2026-01-06,Owen Trask,Interest in dashboards for a team that is not on the contract yet.
N-02609,ACC-1070,2026-01-26,Owen Trask,They skipped the business review entirely this cycle.
N-02610,ACC-1070,2026-02-13,Owen Trask,Have not been able to get anyone on a call since the summer.
N-02611,ACC-1070,2026-03-12,Owen Trask,Fix shipped. They tested it and closed the ticket themselves.
N-02612,ACC-1070,2026-04-07,Owen Trask,They cancelled the check-in an hour before. No reason given.
N-02613,ACC-1070,2026-05-02,Owen Trask,Simone Vasquez stopped replying after the last pricing conversation.
N-02614,ACC-1070,2026-05-18,Owen Trask,Sent the usage summary. No acknowledgement.
N-02615,ACC-1070,2026-06-02,Owen Trask,Third reschedule on the QBR. No new date proposed.
N-02616,ACC-1070,2026-06-30,Owen Trask,Ran a refresher session on the reporting module for 4 of their people.
N-02617,ACC-1070,2026-07-29,Owen Trask,Ran a refresher session on the reporting module for 2 of their people.
N-02618,ACC-1070,2026-08-20,Owen Trask,We got the integration working. Their team is back to normal.
N-02619,ACC-1070,2026-09-12,Owen Trask,Third reschedule on the QBR. No new date proposed.
N-02620,ACC-1071,2022-11-11,Leila Haddad,Walked their analysts through the reporting module. Good engagement.
N-02621,ACC-1071,2022-12-07,Leila Haddad,They asked what it would take to add 12 more seats.
N-02622,ACC-1071,2023-01-02,Leila Haddad,Monthly check-in. Nothing new to report.
N-02623,ACC-1071,2023-02-01,Leila Haddad,Exec sponsor confirmed budget is protected for next year.
N-02624,ACC-1071,2023-02-17,Leila Haddad,Touched base. They are heads down on their own roadmap right now.
N-02625,ACC-1071,2023-03-14,Leila Haddad,They asked what it would take to add 14 more seats.
N-02626,ACC-1071,2023-03-28,Leila Haddad,"Short call. Reviewed open items, nothing escalated."
N-02627,ACC-1071,2023-04-22,Leila Haddad,Delivered onboarding for the new hires on their team.
N-02628,ACC-1071,2023-05-08,Leila Haddad,Ran a refresher session on the reporting module for 4 of their people.
N-02629,ACC-1071,2023-05-30,Leila Haddad,They included us in their annual planning conversation.
N-02630,ACC-1071,2023-06-11,Leila Haddad,Reviewed the year. They are happy with where adoption landed.
N-02631,ACC-1071,2023-06-23,Leila Haddad,"Office hours session. 3 attendees, mostly questions about reporting."
N-02632,ACC-1071,2023-07-12,Leila Haddad,Their second division reached out directly about getting access.
N-02633,ACC-1071,2023-08-02,Leila Haddad,Brief call with the admin. No issues raised.
N-02634,ACC-1071,2023-08-25,Leila Haddad,QBR went well. They presented our numbers to their leadership.
N-02635,ACC-1071,2023-09-09,Leila Haddad,The the alerting rules issue is resolved. Confirmed with their admin.
N-02636,ACC-1071,2023-09-23,Leila Haddad,Asked about the higher tier. Sending over details.
N-02637,ACC-1071,2023-10-22,Leila Haddad,Reviewed the year. They are happy with where adoption landed.
N-02638,ACC-1071,2023-11-16,Leila Haddad,Their second division reached out directly about getting access.
N-02639,ACC-1071,2023-12-14,Leila Haddad,Talked through a multi-year option. They want pricing.
N-02640,ACC-1071,2024-01-02,Leila Haddad,Root cause shared with them. They were satisfied with the explanation.
N-02641,ACC-1071,2024-02-01,Leila Haddad,Good session. Their exec attended and was engaged.
N-02642,ACC-1071,2024-02-22,Leila Haddad,Asked about the higher tier. Sending over details.
N-02643,ACC-1071,2024-03-09,Leila Haddad,Business review complete. Hector Stroud called out time savings on their team.
N-02644,ACC-1071,2024-04-06,Leila Haddad,They asked what it would take to add 5 more seats.
N-02645,ACC-1071,2024-05-06,Leila Haddad,Talked through a multi-year option. They want pricing.
N-02646,ACC-1071,2024-05-22,Leila Haddad,Quick sync with Hector Stroud. Business as usual.
N-02647,ACC-1071,2024-06-18,Leila Haddad,Fix shipped. They tested it and closed the ticket themselves.
N-02648,ACC-1071,2024-06-30,Leila Haddad,Ran a refresher session on the reporting module for 2 of their people.
N-02649,ACC-1071,2024-07-29,Leila Haddad,Walked their analysts through the Salesforce sync. Good engagement.
N-02650,ACC-1071,2024-08-28,Leila Haddad,Monthly check-in. Nothing new to report.
N-02651,ACC-1071,2024-09-12,Leila Haddad,Monthly check-in. Nothing new to report.
N-02652,ACC-1071,2024-09-28,Leila Haddad,"Office hours session. 13 attendees, mostly questions about reporting."
N-02653,ACC-1071,2024-10-28,Leila Haddad,Exec sponsor confirmed budget is protected for next year.
N-02654,ACC-1071,2024-11-26,Leila Haddad,Strong QBR. They want to talk about expanding to a second department.
N-02655,ACC-1071,2024-12-23,Leila Haddad,Interest in the reporting module for a team that is not on the contract yet.
N-02656,ACC-1071,2025-01-22,Leila Haddad,Fix shipped. They tested it and closed the ticket themselves.
N-02657,ACC-1071,2025-02-06,Leila Haddad,"Office hours session. 10 attendees, mostly questions about reporting."
N-02658,ACC-1071,2025-02-20,Leila Haddad,Root cause shared with them. They were satisfied with the explanation.
N-02659,ACC-1071,2025-03-20,Leila Haddad,They included us in their annual planning conversation.
N-02660,ACC-1071,2025-04-09,Leila Haddad,The the mobile app issue is resolved. Confirmed with their admin.
N-02661,ACC-1071,2025-05-01,Leila Haddad,Reviewed the year. They are happy with where adoption landed.
N-02662,ACC-1071,2025-05-23,Leila Haddad,New leadership reviewed the stack and kept us. Told me directly.
N-02663,ACC-1071,2025-06-12,Leila Haddad,Their second division reached out directly about getting access.
N-02664,ACC-1071,2025-06-25,Leila Haddad,QBR went well. They presented our numbers to their leadership.
N-02665,ACC-1071,2025-07-23,Leila Haddad,Delivered onboarding for the new hires on their team.
N-02666,ACC-1071,2025-08-13,Leila Haddad,"Office hours session. 10 attendees, mostly questions about reporting."
N-02667,ACC-1071,2025-09-05,Leila Haddad,"Short call. Reviewed open items, nothing escalated."
N-02668,ACC-1071,2025-10-01,Leila Haddad,Business review complete. Hector Stroud called out time savings on their team.
N-02669,ACC-1071,2025-10-20,Leila Haddad,They asked what it would take to add 3 more seats.
N-02670,ACC-1071,2025-11-06,Leila Haddad,Hector Stroud was promoted and now owns a larger scope. Good for us.
N-02671,ACC-1071,2025-11-21,Leila Haddad,Brief call with the admin. No issues raised.
N-02672,ACC-1071,2025-12-21,Leila Haddad,We got the integration working. Their team is back to normal.
N-02673,ACC-1071,2026-01-16,Leila Haddad,Ran a refresher session on role permissions for 8 of their people.
N-02674,ACC-1071,2026-01-28,Leila Haddad,Sent over the enablement material they asked for.
N-02675,ACC-1071,2026-02-23,Leila Haddad,Brief call with the admin. No issues raised.
N-02676,ACC-1071,2026-03-25,Leila Haddad,We got the integration working. Their team is back to normal.
N-02677,ACC-1071,2026-04-10,Leila Haddad,Good session. Their exec attended and was engaged.
N-02678,ACC-1071,2026-05-05,Leila Haddad,Business review complete. Hector Stroud called out time savings on their team.
N-02679,ACC-1071,2026-05-18,Leila Haddad,Business review complete. Hector Stroud called out time savings on their team.
N-02680,ACC-1071,2026-06-06,Leila Haddad,Reviewed the year. They are happy with where adoption landed.
N-02681,ACC-1071,2026-06-20,Leila Haddad,Touched base. They are heads down on their own roadmap right now.
N-02682,ACC-1071,2026-07-11,Leila Haddad,Walked their analysts through the mobile app. Good engagement.
N-02683,ACC-1071,2026-08-05,Leila Haddad,Asked about the higher tier. Sending over details.
N-02684,ACC-1071,2026-08-20,Leila Haddad,"Office hours session. 9 attendees, mostly questions about reporting."
N-02685,ACC-1071,2026-09-01,Leila Haddad,Their second division reached out directly about getting access.
N-02686,ACC-1072,2023-12-05,Leila Haddad,Exec sponsor confirmed budget is protected for next year.
N-02687,ACC-1072,2024-01-02,Leila Haddad,Good session. Their exec attended and was engaged.
N-02688,ACC-1072,2024-01-16,Leila Haddad,Their CIO joined the call and reiterated this is a strategic system for them.
N-02689,ACC-1072,2024-01-29,Leila Haddad,Standing check-in held. Team is steady.
N-02690,ACC-1072,2024-02-25,Leila Haddad,Delivered onboarding for the new hires on their team.
N-02691,ACC-1072,2024-03-14,Leila Haddad,Reviewed the year. They are happy with where adoption landed.
N-02692,ACC-1072,2024-03-29,Leila Haddad,Reviewed the year. They are happy with where adoption landed.
N-02693,ACC-1072,2024-04-21,Leila Haddad,Good session. Their exec attended and was engaged.
N-02694,ACC-1072,2024-05-11,Leila Haddad,The the API issue is resolved. Confirmed with their admin.
N-02695,ACC-1072,2024-06-07,Leila Haddad,New leadership reviewed the stack and kept us. Told me directly.
N-02696,ACC-1072,2024-07-03,Leila Haddad,We got the integration working. Their team is back to normal.
N-02697,ACC-1072,2024-07-25,Leila Haddad,Good session. Their exec attended and was engaged.
N-02698,ACC-1072,2024-08-22,Leila Haddad,Asked about the higher tier. Sending over details.
N-02699,ACC-1072,2024-09-11,Leila Haddad,Touched base. They are heads down on their own roadmap right now.
N-02700,ACC-1072,2024-09-28,Leila Haddad,Strong QBR. They want to talk about expanding to a second department.
N-02701,ACC-1072,2024-10-15,Leila Haddad,Monthly check-in. Nothing new to report.
N-02702,ACC-1072,2024-11-12,Leila Haddad,"Office hours session. 13 attendees, mostly questions about reporting."
N-02703,ACC-1072,2024-12-10,Leila Haddad,Quick sync with Erin Hollis. Business as usual.
N-02704,ACC-1072,2024-12-28,Leila Haddad,Asked about the higher tier. Sending over details.
N-02705,ACC-1072,2025-01-17,Leila Haddad,Quick sync with Erin Hollis. Business as usual.
N-02706,ACC-1072,2025-02-05,Leila Haddad,We got the integration working. Their team is back to normal.
N-02707,ACC-1072,2025-03-06,Leila Haddad,The SSO issue is resolved. Confirmed with their admin.
N-02708,ACC-1072,2025-03-29,Leila Haddad,Their CIO joined the call and reiterated this is a strategic system for them.
N-02709,ACC-1072,2025-04-19,Leila Haddad,We got the integration working. Their team is back to normal.
N-02710,ACC-1072,2025-05-04,Leila Haddad,Talked through a multi-year option. They want pricing.
N-02711,ACC-1072,2025-05-21,Leila Haddad,"Short call. Reviewed open items, nothing escalated."
N-02712,ACC-1072,2025-06-16,Leila Haddad,"Short call. Reviewed open items, nothing escalated."
N-02713,ACC-1072,2025-06-29,Leila Haddad,They asked what it would take to add 8 more seats.
N-02714,ACC-1072,2025-07-11,Leila Haddad,Their CIO joined the call and reiterated this is a strategic system for them.
N-02715,ACC-1072,2025-07-29,Leila Haddad,Exec sponsor confirmed budget is protected for next year.
N-02716,ACC-1072,2025-08-13,Leila Haddad,Talked through a multi-year option. They want pricing.
N-02717,ACC-1072,2025-09-07,Leila Haddad,Monthly check-in. Nothing new to report.
N-02718,ACC-1072,2025-09-19,Leila Haddad,Root cause shared with them. They were satisfied with the explanation.
N-02719,ACC-1072,2025-10-17,Leila Haddad,Walked their analysts through the bulk import. Good engagement.
N-02720,ACC-1072,2025-11-02,Leila Haddad,Interest in the API for a team that is not on the contract yet.
N-02721,ACC-1072,2025-12-02,Leila Haddad,Asked about the higher tier. Sending over details.
N-02722,ACC-1072,2025-12-28,Leila Haddad,We got the integration working. Their team is back to normal.
N-02723,ACC-1072,2026-01-23,Leila Haddad,QBR went well. They presented our numbers to their leadership.
N-02724,ACC-1072,2026-02-07,Leila Haddad,Business review complete. Erin Hollis called out time savings on their team.
N-02725,ACC-1072,2026-02-22,Leila Haddad,Business review complete. Erin Hollis called out time savings on their team.
N-02726,ACC-1072,2026-03-21,Leila Haddad,Delivered onboarding for the new hires on their team.
N-02727,ACC-1072,2026-04-18,Leila Haddad,Walked their analysts through the API. Good engagement.
N-02728,ACC-1072,2026-05-17,Leila Haddad,Erin Hollis was promoted and now owns a larger scope. Good for us.
N-02729,ACC-1072,2026-06-14,Leila Haddad,Monthly check-in. Nothing new to report.
N-02730,ACC-1072,2026-07-09,Leila Haddad,Monthly check-in. Nothing new to report.
N-02731,ACC-1072,2026-07-25,Leila Haddad,"Short call. Reviewed open items, nothing escalated."
N-02732,ACC-1072,2026-08-23,Leila Haddad,Escalation closed out. They appreciated the follow-through.
N-02733,ACC-1073,2023-11-05,Owen Trask,QBR went well. They presented our numbers to their leadership.
N-02734,ACC-1073,2023-11-30,Owen Trask,"Office hours session. 7 attendees, mostly questions about reporting."
N-02735,ACC-1073,2023-12-27,Owen Trask,Strong QBR. They want to talk about expanding to a second department.
N-02736,ACC-1073,2024-01-10,Owen Trask,Talked through a multi-year option. They want pricing.
N-02737,ACC-1073,2024-02-09,Owen Trask,Exec sponsor confirmed budget is protected for next year.
N-02738,ACC-1073,2024-02-29,Owen Trask,The SSO issue is resolved. Confirmed with their admin.
N-02739,ACC-1073,2024-03-24,Owen Trask,Strong QBR. They want to talk about expanding to a second department.
N-02740,ACC-1073,2024-04-13,Owen Trask,Their second division reached out directly about getting access.
N-02741,ACC-1073,2024-04-27,Owen Trask,"Short call. Reviewed open items, nothing escalated."
N-02742,ACC-1073,2024-05-23,Owen Trask,Talked through a multi-year option. They want pricing.
N-02743,ACC-1073,2024-06-11,Owen Trask,The the API issue is resolved. Confirmed with their admin.
N-02744,ACC-1073,2024-07-03,Owen Trask,Sent over the enablement material they asked for.
N-02745,ACC-1073,2024-07-24,Owen Trask,Good session. Their exec attended and was engaged.
N-02746,ACC-1073,2024-08-10,Owen Trask,Sent over the enablement material they asked for.
N-02747,ACC-1073,2024-09-03,Owen Trask,Interest in SSO for a team that is not on the contract yet.
N-02748,ACC-1073,2024-10-01,Owen Trask,"Short call. Reviewed open items, nothing escalated."
N-02749,ACC-1073,2024-10-17,Owen Trask,We got the integration working. Their team is back to normal.
N-02750,ACC-1073,2024-10-31,Owen Trask,Fix shipped. They tested it and closed the ticket themselves.
N-02751,ACC-1073,2024-11-29,Owen Trask,Their second division reached out directly about getting access.
N-02752,ACC-1073,2024-12-15,Owen Trask,Exec sponsor confirmed budget is protected for next year.
N-02753,ACC-1073,2025-01-09,Owen Trask,The the alerting rules issue is resolved. Confirmed with their admin.
N-02754,ACC-1073,2025-02-02,Owen Trask,Delivered onboarding for the new hires on their team.
N-02755,ACC-1073,2025-02-25,Owen Trask,QBR went well. They presented our numbers to their leadership.
N-02756,ACC-1073,2025-03-25,Owen Trask,Hector Whitfield was promoted and now owns a larger scope. Good for us.
N-02757,ACC-1073,2025-04-19,Owen Trask,Good session. Their exec attended and was engaged.
N-02758,ACC-1073,2025-05-01,Owen Trask,Escalation closed out. They appreciated the follow-through.
N-02759,ACC-1073,2025-05-28,Owen Trask,Their second division reached out directly about getting access.
N-02760,ACC-1073,2025-06-14,Owen Trask,Standing check-in held. Team is steady.
N-02761,ACC-1073,2025-07-12,Owen Trask,"Office hours session. 13 attendees, mostly questions about reporting."
N-02762,ACC-1073,2025-07-28,Owen Trask,Delivered onboarding for the new hires on their team.
N-02763,ACC-1073,2025-08-13,Owen Trask,Monthly check-in. Nothing new to report.
N-02764,ACC-1073,2025-09-09,Owen Trask,"Short call. Reviewed open items, nothing escalated."
N-02765,ACC-1073,2025-09-22,Owen Trask,Sent over the enablement material they asked for.
N-02766,ACC-1073,2025-10-12,Owen Trask,Asked about the higher tier. Sending over details.
N-02767,ACC-1073,2025-10-29,Owen Trask,Asked about the higher tier. Sending over details.
N-02768,ACC-1073,2025-11-15,Owen Trask,"Office hours session. 6 attendees, mostly questions about reporting."
N-02769,ACC-1073,2025-12-02,Owen Trask,Reviewed the year. They are happy with where adoption landed.
N-02770,ACC-1073,2025-12-31,Owen Trask,"Short call. Reviewed open items, nothing escalated."
N-02771,ACC-1073,2026-01-14,Owen Trask,"Office hours session. 12 attendees, mostly questions about reporting."
N-02772,ACC-1073,2026-01-26,Owen Trask,Good session. Their exec attended and was engaged.
N-02773,ACC-1073,2026-02-20,Owen Trask,Walked their analysts through role permissions. Good engagement.
N-02774,ACC-1073,2026-03-11,Owen Trask,Interest in the Salesforce sync for a team that is not on the contract yet.
N-02775,ACC-1073,2026-03-30,Owen Trask,Standing check-in held. Team is steady.
N-02776,ACC-1073,2026-04-23,Owen Trask,Strong QBR. They want to talk about expanding to a second department.
N-02777,ACC-1073,2026-05-22,Owen Trask,Root cause shared with them. They were satisfied with the explanation.
N-02778,ACC-1073,2026-06-07,Owen Trask,"Office hours session. 3 attendees, mostly questions about reporting."
N-02779,ACC-1073,2026-06-24,Owen Trask,"Short call. Reviewed open items, nothing escalated."
N-02780,ACC-1073,2026-07-07,Owen Trask,Exec sponsor confirmed budget is protected for next year.
N-02781,ACC-1073,2026-08-01,Owen Trask,Escalation closed out. They appreciated the follow-through.
N-02782,ACC-1073,2026-08-30,Owen Trask,Business review complete. Hector Whitfield called out time savings on their team.
N-02783,ACC-1074,2024-02-01,Nuala Byrne,QBR went well. They presented our numbers to their leadership.
N-02784,ACC-1074,2024-02-26,Nuala Byrne,The the API issue is resolved. Confirmed with their admin.
N-02785,ACC-1074,2024-03-14,Nuala Byrne,The dashboards issue is resolved. Confirmed with their admin.
N-02786,ACC-1074,2024-03-27,Nuala Byrne,Layoffs on their side. Seat count is going to come down at renewal.
N-02787,ACC-1074,2024-04-19,Nuala Byrne,Fix shipped. They tested it and closed the ticket themselves.
N-02788,ACC-1074,2024-05-12,Nuala Byrne,Told me the spend is being questioned above Owen Whitfield's level.
N-02789,ACC-1074,2024-05-27,Nuala Byrne,Strong QBR. They want to talk about expanding to a second department.
N-02790,ACC-1074,2024-06-20,Nuala Byrne,They included us in their annual planning conversation.
N-02791,ACC-1074,2024-07-09,Nuala Byrne,They asked whether we can do a shorter term or a smaller seat count.
N-02792,ACC-1074,2024-08-08,Nuala Byrne,Root cause shared with them. They were satisfied with the explanation.
N-02793,ACC-1074,2024-09-06,Nuala Byrne,Fix shipped. They tested it and closed the ticket themselves.
N-02794,ACC-1074,2024-09-23,Nuala Byrne,Escalation closed out. They appreciated the follow-through.
N-02795,ACC-1074,2024-10-09,Nuala Byrne,Fix shipped. They tested it and closed the ticket themselves.
N-02796,ACC-1074,2024-10-23,Nuala Byrne,Strong QBR. They want to talk about expanding to a second department.
N-02797,ACC-1074,2024-11-16,Nuala Byrne,They flagged that procurement now requires justification for anything over the threshold.
N-02798,ACC-1074,2024-12-01,Nuala Byrne,We got the integration working. Their team is back to normal.
N-02799,ACC-1074,2024-12-28,Nuala Byrne,"Office hours session. 7 attendees, mostly questions about reporting."
N-02800,ACC-1074,2025-01-13,Nuala Byrne,Talked through a multi-year option. They want pricing.
N-02801,ACC-1074,2025-01-25,Nuala Byrne,Interest in the reporting module for a team that is not on the contract yet.
N-02802,ACC-1074,2025-02-24,Nuala Byrne,Told me the spend is being questioned above Owen Whitfield's level.
N-02803,ACC-1074,2025-03-14,Nuala Byrne,They flagged that procurement now requires justification for anything over the threshold.
N-02804,ACC-1074,2025-04-06,Nuala Byrne,They asked whether we can do a shorter term or a smaller seat count.
N-02805,ACC-1074,2025-05-06,Nuala Byrne,The the Salesforce sync issue is resolved. Confirmed with their admin.
N-02806,ACC-1074,2025-06-01,Nuala Byrne,Owen Whitfield was promoted and now owns a larger scope. Good for us.
N-02807,ACC-1074,2025-06-17,Nuala Byrne,Walked their analysts through the alerting rules. Good engagement.
N-02808,ACC-1074,2025-07-02,Nuala Byrne,Touched base. They are heads down on their own roadmap right now.
N-02809,ACC-1074,2025-07-27,Nuala Byrne,Owen Whitfield was promoted and now owns a larger scope. Good for us.
N-02810,ACC-1074,2025-08-13,Nuala Byrne,Talked through a multi-year option. They want pricing.
N-02811,ACC-1074,2025-08-26,Nuala Byrne,Their procurement team has entered the conversation for the first time.
N-02812,ACC-1074,2025-09-08,Nuala Byrne,They included us in their annual planning conversation.
N-02813,ACC-1074,2025-09-30,Nuala Byrne,Interest in SSO for a team that is not on the contract yet.
N-02814,ACC-1074,2025-10-28,Nuala Byrne,"Their CFO asked for a cost per user breakdown. Sent it, waiting."
N-02815,ACC-1074,2025-11-15,Nuala Byrne,Strong QBR. They want to talk about expanding to a second department.
N-02816,ACC-1074,2025-12-02,Nuala Byrne,Escalation closed out. They appreciated the follow-through.
N-02817,ACC-1074,2025-12-19,Nuala Byrne,We got the integration working. Their team is back to normal.
N-02818,ACC-1074,2026-01-05,Nuala Byrne,Escalation closed out. They appreciated the follow-through.
N-02819,ACC-1074,2026-01-22,Nuala Byrne,Escalation closed out. They appreciated the follow-through.
N-02820,ACC-1074,2026-02-21,Nuala Byrne,Finance is reviewing every software line item this cycle.
N-02821,ACC-1074,2026-03-19,Nuala Byrne,Company-wide cost reduction effort. We are on the list being evaluated.
N-02822,ACC-1074,2026-04-01,Nuala Byrne,Delivered onboarding for the new hires on their team.
N-02823,ACC-1074,2026-04-14,Nuala Byrne,Layoffs on their side. Seat count is going to come down at renewal.
N-02824,ACC-1074,2026-04-28,Nuala Byrne,Fix shipped. They tested it and closed the ticket themselves.
N-02825,ACC-1074,2026-05-19,Nuala Byrne,Root cause shared with them. They were satisfied with the explanation.
N-02826,ACC-1074,2026-06-01,Nuala Byrne,Root cause shared with them. They were satisfied with the explanation.
N-02827,ACC-1074,2026-06-14,Nuala Byrne,Brief call with the admin. No issues raised.
N-02828,ACC-1074,2026-07-09,Nuala Byrne,Sent over the enablement material they asked for.
N-02829,ACC-1074,2026-08-08,Nuala Byrne,Walked their analysts through the API. Good engagement.
N-02830,ACC-1074,2026-09-02,Nuala Byrne,The the bulk import issue is resolved. Confirmed with their admin.
N-02831,ACC-1075,2025-01-04,Brittney Cole,"Short call. Reviewed open items, nothing escalated."
N-02832,ACC-1075,2025-01-19,Brittney Cole,Strong QBR. They want to talk about expanding to a second department.
N-02833,ACC-1075,2025-02-05,Brittney Cole,We got the integration working. Their team is back to normal.
N-02834,ACC-1075,2025-02-18,Brittney Cole,Fix shipped. They tested it and closed the ticket themselves.
N-02835,ACC-1075,2025-03-07,Brittney Cole,Touched base. They are heads down on their own roadmap right now.
N-02836,ACC-1075,2025-03-29,Brittney Cole,Standing check-in held. Team is steady.
N-02837,ACC-1075,2025-04-25,Brittney Cole,Junko Ramirez was promoted and now owns a larger scope. Good for us.
N-02838,ACC-1075,2025-05-12,Brittney Cole,Walked their analysts through the Salesforce sync. Good engagement.
N-02839,ACC-1075,2025-06-01,Brittney Cole,"Short call. Reviewed open items, nothing escalated."
N-02840,ACC-1075,2025-06-24,Brittney Cole,Business review complete. Junko Ramirez called out time savings on their team.
N-02841,ACC-1075,2025-07-20,Brittney Cole,Quick sync with Junko Ramirez. Business as usual.
N-02842,ACC-1075,2025-08-18,Brittney Cole,"Office hours session. 10 attendees, mostly questions about reporting."
N-02843,ACC-1075,2025-09-17,Brittney Cole,We got the integration working. Their team is back to normal.
N-02844,ACC-1075,2025-10-12,Brittney Cole,QBR went well. They presented our numbers to their leadership.
N-02845,ACC-1075,2025-11-03,Brittney Cole,Strong QBR. They want to talk about expanding to a second department.
N-02846,ACC-1075,2025-11-17,Brittney Cole,Business review complete. Junko Ramirez called out time savings on their team.
N-02847,ACC-1075,2025-11-29,Brittney Cole,Standing check-in held. Team is steady.
N-02848,ACC-1075,2025-12-13,Brittney Cole,They asked what it would take to add 12 more seats.
N-02849,ACC-1075,2026-01-07,Brittney Cole,Business review complete. Junko Ramirez called out time savings on their team.
N-02850,ACC-1075,2026-01-27,Brittney Cole,They asked what it would take to add 3 more seats.
N-02851,ACC-1075,2026-02-25,Brittney Cole,Escalation closed out. They appreciated the follow-through.
N-02852,ACC-1075,2026-03-23,Brittney Cole,Interest in the alerting rules for a team that is not on the contract yet.
N-02853,ACC-1075,2026-04-06,Brittney Cole,QBR went well. They presented our numbers to their leadership.
N-02854,ACC-1075,2026-05-06,Brittney Cole,Quick sync with Junko Ramirez. Business as usual.
N-02855,ACC-1075,2026-05-23,Brittney Cole,Monthly check-in. Nothing new to report.
N-02856,ACC-1075,2026-06-18,Brittney Cole,Exec sponsor confirmed budget is protected for next year.
N-02857,ACC-1075,2026-07-11,Brittney Cole,They asked what it would take to add 5 more seats.
N-02858,ACC-1075,2026-07-30,Brittney Cole,Asked about the higher tier. Sending over details.
N-02859,ACC-1075,2026-08-23,Brittney Cole,Interest in role permissions for a team that is not on the contract yet.
N-02860,ACC-1075,2026-09-07,Brittney Cole,Delivered onboarding for the new hires on their team.
N-02861,ACC-1076,2024-05-15,Brittney Cole,Exec sponsor confirmed budget is protected for next year.
N-02862,ACC-1076,2024-06-06,Brittney Cole,"Short call. Reviewed open items, nothing escalated."
N-02863,ACC-1076,2024-07-01,Brittney Cole,Fix shipped. They tested it and closed the ticket themselves.
N-02864,ACC-1076,2024-07-23,Brittney Cole,Escalation closed out. They appreciated the follow-through.
N-02865,ACC-1076,2024-08-08,Brittney Cole,They skipped the business review entirely this cycle.
N-02866,ACC-1076,2024-09-06,Brittney Cole,The the Salesforce sync issue is resolved. Confirmed with their admin.
N-02867,ACC-1076,2024-10-01,Brittney Cole,Ran a refresher session on role permissions for 14 of their people.
N-02868,ACC-1076,2024-10-18,Brittney Cole,The the bulk import issue is resolved. Confirmed with their admin.
N-02869,ACC-1076,2024-11-17,Brittney Cole,New leadership reviewed the stack and kept us. Told me directly.
N-02870,ACC-1076,2024-12-04,Brittney Cole,Grant Vasquez was promoted and now owns a larger scope. Good for us.
N-02871,ACC-1076,2024-12-22,Brittney Cole,"Office hours session. 13 attendees, mostly questions about reporting."
N-02872,ACC-1076,2025-01-03,Brittney Cole,Good session. Their exec attended and was engaged.
N-02873,ACC-1076,2025-02-02,Brittney Cole,Quick sync with Grant Vasquez. Business as usual.
N-02874,ACC-1076,2025-02-21,Brittney Cole,Good session. Their exec attended and was engaged.
N-02875,ACC-1076,2025-03-16,Brittney Cole,Exec sponsor confirmed budget is protected for next year.
N-02876,ACC-1076,2025-04-02,Brittney Cole,Lost our exec sponsor. Grant Vasquez was the reason this renewed last year.
N-02877,ACC-1076,2025-04-25,Brittney Cole,New leadership reviewed the stack and kept us. Told me directly.
N-02878,ACC-1076,2025-05-24,Brittney Cole,Escalation closed out. They appreciated the follow-through.
N-02879,ACC-1076,2025-06-09,Brittney Cole,The the alerting rules issue is resolved. Confirmed with their admin.
N-02880,ACC-1076,2025-07-04,Brittney Cole,"Short call. Reviewed open items, nothing escalated."
N-02881,ACC-1076,2025-07-23,Brittney Cole,Good session. Their exec attended and was engaged.
N-02882,ACC-1076,2025-08-12,Brittney Cole,Grant Vasquez was promoted and now owns a larger scope. Good for us.
N-02883,ACC-1076,2025-08-30,Brittney Cole,Monthly check-in. Nothing new to report.
N-02884,ACC-1076,2025-09-15,Brittney Cole,QBR went well. They presented our numbers to their leadership.
N-02885,ACC-1076,2025-09-27,Brittney Cole,Their CIO joined the call and reiterated this is a strategic system for them.
N-02886,ACC-1076,2025-10-21,Brittney Cole,The workaround we gave them for the alerting rules stopped working.
N-02887,ACC-1076,2025-11-11,Brittney Cole,They included us in their annual planning conversation.
N-02888,ACC-1076,2025-11-27,Brittney Cole,"Grant Vasquez confirmed she is taking a role elsewhere. Asked her who to talk to, she was vague."
N-02889,ACC-1076,2025-12-17,Brittney Cole,Mentioned an RFP is going out before renewal.
N-02890,ACC-1076,2026-01-01,Brittney Cole,Came up that Helmsman has been in talking to their leadership.
N-02891,ACC-1076,2026-01-25,Brittney Cole,Four unanswered emails. Going to try their admin.
N-02892,ACC-1076,2026-02-09,Brittney Cole,Grant Vasquez asked me directly whether this is ever going to be fixed.
N-02893,ACC-1077,2023-02-18,Caick Moreira,Walked their analysts through the alerting rules. Good engagement.
N-02894,ACC-1077,2023-03-17,Caick Moreira,Quick sync with Rosa Chen. Business as usual.
N-02895,ACC-1077,2023-04-02,Caick Moreira,Escalation closed out. They appreciated the follow-through.
N-02896,ACC-1077,2023-04-14,Caick Moreira,Delivered onboarding for the new hires on their team.
N-02897,ACC-1077,2023-04-26,Caick Moreira,Good session. Their exec attended and was engaged.
N-02898,ACC-1077,2023-05-09,Caick Moreira,Their second division reached out directly about getting access.
N-02899,ACC-1077,2023-05-30,Caick Moreira,Business review complete. Rosa Chen called out time savings on their team.
N-02900,ACC-1077,2023-06-22,Caick Moreira,Talked through a multi-year option. They want pricing.
N-02901,ACC-1077,2023-07-15,Caick Moreira,QBR went well. They presented our numbers to their leadership.
N-02902,ACC-1077,2023-08-04,Caick Moreira,New leadership reviewed the stack and kept us. Told me directly.
N-02903,ACC-1077,2023-09-03,Caick Moreira,Interest in dashboards for a team that is not on the contract yet.
N-02904,ACC-1077,2023-09-27,Caick Moreira,Delivered onboarding for the new hires on their team.
N-02905,ACC-1077,2023-10-21,Caick Moreira,Asked about the higher tier. Sending over details.
N-02906,ACC-1077,2023-11-04,Caick Moreira,They included us in their annual planning conversation.
N-02907,ACC-1077,2023-11-17,Caick Moreira,Sent over the enablement material they asked for.
N-02908,ACC-1077,2023-12-12,Caick Moreira,Ran a refresher session on role permissions for 8 of their people.
N-02909,ACC-1077,2023-12-26,Caick Moreira,New leadership reviewed the stack and kept us. Told me directly.
N-02910,ACC-1077,2024-01-18,Caick Moreira,New leadership reviewed the stack and kept us. Told me directly.
N-02911,ACC-1077,2024-02-16,Caick Moreira,Good session. Their exec attended and was engaged.
N-02912,ACC-1077,2024-03-15,Caick Moreira,Their second division reached out directly about getting access.
N-02913,ACC-1077,2024-04-09,Caick Moreira,Quick sync with Rosa Chen. Business as usual.
N-02914,ACC-1077,2024-04-22,Caick Moreira,Good session. Their exec attended and was engaged.
N-02915,ACC-1077,2024-05-10,Caick Moreira,Fix shipped. They tested it and closed the ticket themselves.
N-02916,ACC-1077,2024-06-03,Caick Moreira,Monthly check-in. Nothing new to report.
N-02917,ACC-1077,2024-06-29,Caick Moreira,Sent over the enablement material they asked for.
N-02918,ACC-1077,2024-07-18,Caick Moreira,Good session. Their exec attended and was engaged.
N-02919,ACC-1077,2024-08-02,Caick Moreira,New leadership reviewed the stack and kept us. Told me directly.
N-02920,ACC-1077,2024-08-31,Caick Moreira,Standing check-in held. Team is steady.
N-02921,ACC-1077,2024-09-24,Caick Moreira,Fix shipped. They tested it and closed the ticket themselves.
N-02922,ACC-1077,2024-10-10,Caick Moreira,Delivered onboarding for the new hires on their team.
N-02923,ACC-1077,2024-11-09,Caick Moreira,Their second division reached out directly about getting access.
N-02924,ACC-1077,2024-12-08,Caick Moreira,Interest in the mobile app for a team that is not on the contract yet.
N-02925,ACC-1077,2025-01-06,Caick Moreira,Monthly check-in. Nothing new to report.
N-02926,ACC-1077,2025-01-18,Caick Moreira,Their second division reached out directly about getting access.
N-02927,ACC-1077,2025-02-17,Caick Moreira,Interest in the reporting module for a team that is not on the contract yet.
N-02928,ACC-1077,2025-03-08,Caick Moreira,Reviewed the year. They are happy with where adoption landed.
N-02929,ACC-1077,2025-03-25,Caick Moreira,Brief call with the admin. No issues raised.
N-02930,ACC-1077,2025-04-16,Caick Moreira,Monthly check-in. Nothing new to report.
N-02931,ACC-1077,2025-05-13,Caick Moreira,Ran a refresher session on the mobile app for 2 of their people.
N-02932,ACC-1077,2025-06-01,Caick Moreira,Rosa Chen was promoted and now owns a larger scope. Good for us.
N-02933,ACC-1077,2025-06-23,Caick Moreira,Root cause shared with them. They were satisfied with the explanation.
N-02934,ACC-1077,2025-07-21,Caick Moreira,"Office hours session. 6 attendees, mostly questions about reporting."
N-02935,ACC-1077,2025-08-07,Caick Moreira,Strong QBR. They want to talk about expanding to a second department.
N-02936,ACC-1077,2025-08-19,Caick Moreira,Their second division reached out directly about getting access.
N-02937,ACC-1077,2025-09-17,Caick Moreira,Delivered onboarding for the new hires on their team.
N-02938,ACC-1077,2025-10-14,Caick Moreira,Standing check-in held. Team is steady.
N-02939,ACC-1077,2025-10-27,Caick Moreira,Root cause shared with them. They were satisfied with the explanation.
N-02940,ACC-1077,2025-11-15,Caick Moreira,Sent over the enablement material they asked for.
N-02941,ACC-1077,2025-12-08,Caick Moreira,QBR went well. They presented our numbers to their leadership.
N-02942,ACC-1077,2025-12-31,Caick Moreira,Strong QBR. They want to talk about expanding to a second department.
N-02943,ACC-1077,2026-01-26,Caick Moreira,Root cause shared with them. They were satisfied with the explanation.
N-02944,ACC-1077,2026-02-10,Caick Moreira,Brief call with the admin. No issues raised.
N-02945,ACC-1077,2026-02-23,Caick Moreira,Rosa Chen was promoted and now owns a larger scope. Good for us.
N-02946,ACC-1077,2026-03-16,Caick Moreira,QBR went well. They presented our numbers to their leadership.
N-02947,ACC-1077,2026-04-14,Caick Moreira,Standing check-in held. Team is steady.
N-02948,ACC-1077,2026-05-08,Caick Moreira,Ran a refresher session on the alerting rules for 7 of their people.
N-02949,ACC-1077,2026-06-06,Caick Moreira,Escalation closed out. They appreciated the follow-through.
N-02950,ACC-1077,2026-07-05,Caick Moreira,Talked through a multi-year option. They want pricing.
N-02951,ACC-1077,2026-07-27,Caick Moreira,Talked through a multi-year option. They want pricing.
N-02952,ACC-1077,2026-08-14,Caick Moreira,Reviewed the year. They are happy with where adoption landed.
N-02953,ACC-1077,2026-09-01,Caick Moreira,Talked through a multi-year option. They want pricing.
N-02954,ACC-1078,2024-07-01,Leila Haddad,Exec sponsor confirmed budget is protected for next year.
N-02955,ACC-1078,2024-07-14,Leila Haddad,New leadership reviewed the stack and kept us. Told me directly.
N-02956,ACC-1078,2024-08-04,Leila Haddad,Fix shipped. They tested it and closed the ticket themselves.
N-02957,ACC-1078,2024-08-19,Leila Haddad,Sent the usage summary. No acknowledgement.
N-02958,ACC-1078,2024-09-10,Leila Haddad,Budget freeze announced internally. Renewals are being looked at individually.
N-02959,ACC-1078,2024-10-04,Leila Haddad,"Their CFO asked for a cost per user breakdown. Sent it, waiting."
N-02960,ACC-1078,2024-10-23,Leila Haddad,"Short call. Reviewed open items, nothing escalated."
N-02961,ACC-1078,2024-11-12,Leila Haddad,Third reschedule on the QBR. No new date proposed.
N-02962,ACC-1078,2024-12-08,Leila Haddad,The the bulk import issue is resolved. Confirmed with their admin.
N-02963,ACC-1078,2024-12-28,Leila Haddad,Their second division reached out directly about getting access.
N-02964,ACC-1078,2025-01-16,Leila Haddad,They asked what it would take to add 2 more seats.
N-02965,ACC-1078,2025-02-01,Leila Haddad,Root cause shared with them. They were satisfied with the explanation.
N-02966,ACC-1078,2025-02-24,Leila Haddad,They asked what it would take to add 10 more seats.
N-02967,ACC-1078,2025-03-20,Leila Haddad,They want us to match a workflow that our product does not support.
N-02968,ACC-1078,2025-04-13,Leila Haddad,Sync failures every week. Their admin is the one absorbing the pain.
N-02969,ACC-1078,2025-05-11,Leila Haddad,We got the integration working. Their team is back to normal.
N-02970,ACC-1078,2025-06-09,Leila Haddad,Fix shipped. They tested it and closed the ticket themselves.
N-02971,ACC-1078,2025-06-26,Leila Haddad,Have not been able to get anyone on a call since the summer.
N-02972,ACC-1078,2025-07-12,Leila Haddad,Told me the spend is being questioned above Devon Vasquez's level.
N-02973,ACC-1078,2025-08-07,Leila Haddad,Root cause shared with them. They were satisfied with the explanation.
N-02974,ACC-1078,2025-09-06,Leila Haddad,We got the integration working. Their team is back to normal.
N-02975,ACC-1078,2025-10-05,Leila Haddad,We got the integration working. Their team is back to normal.
N-02976,ACC-1078,2025-10-27,Leila Haddad,Layoffs on their side. Seat count is going to come down at renewal.
N-02977,ACC-1078,2025-11-17,Leila Haddad,Strong QBR. They want to talk about expanding to a second department.
N-02978,ACC-1078,2025-12-01,Leila Haddad,Configuration drifted and nobody on their side owns it now.
N-02979,ACC-1078,2025-12-25,Leila Haddad,Walked their analysts through the mobile app. Good engagement.
N-02980,ACC-1078,2026-01-18,Leila Haddad,SSO is slow at their data volume and they have said so repeatedly.
N-02981,ACC-1078,2026-02-14,Leila Haddad,We got the integration working. Their team is back to normal.
N-02982,ACC-1078,2026-03-11,Leila Haddad,"Their CFO asked for a cost per user breakdown. Sent it, waiting."
N-02983,ACC-1078,2026-03-23,Leila Haddad,Fix shipped. They tested it and closed the ticket themselves.
N-02984,ACC-1078,2026-04-08,Leila Haddad,Sync failures every week. Their admin is the one absorbing the pain.
N-02985,ACC-1078,2026-05-01,Leila Haddad,"Short call. Reviewed open items, nothing escalated."
N-02986,ACC-1078,2026-05-28,Leila Haddad,Touched base. They are heads down on their own roadmap right now.
N-02987,ACC-1078,2026-06-20,Leila Haddad,They asked whether we can do a shorter term or a smaller seat count.
N-02988,ACC-1078,2026-07-20,Leila Haddad,QBR went well. They presented our numbers to their leadership.
N-02989,ACC-1078,2026-08-12,Leila Haddad,Devon Vasquez stopped replying after the last pricing conversation.
N-02990,ACC-1078,2026-09-03,Leila Haddad,The role permissions issue is resolved. Confirmed with their admin.
N-02991,ACC-1079,2024-07-06,Leila Haddad,Standing check-in held. Team is steady.
N-02992,ACC-1079,2024-08-02,Leila Haddad,Requested a feature comparison against Lattitude. Sent one.
N-02993,ACC-1079,2024-08-28,Leila Haddad,Budget freeze announced internally. Renewals are being looked at individually.
N-02994,ACC-1079,2024-09-11,Leila Haddad,The data retention issue is resolved. Confirmed with their admin.
N-02995,ACC-1079,2024-09-28,Leila Haddad,Requested a feature comparison against a spreadsheet-based process. Sent one.
N-02996,ACC-1079,2024-10-16,Leila Haddad,Root cause shared with them. They were satisfied with the explanation.
N-02997,ACC-1079,2024-11-01,Leila Haddad,They are running a formal evaluation and we are one of three.
N-02998,ACC-1079,2024-11-30,Leila Haddad,"Office hours session. 11 attendees, mostly questions about reporting."
N-02999,ACC-1079,2024-12-30,Leila Haddad,Their second division reached out directly about getting access.
N-03000,ACC-1079,2025-01-16,Leila Haddad,Asked me how we compare to Lattitude. First time that has come up.
N-03001,ACC-1079,2025-02-02,Leila Haddad,They asked whether we can do a shorter term or a smaller seat count.
N-03002,ACC-1079,2025-02-20,Leila Haddad,Their procurement team has entered the conversation for the first time.
N-03003,ACC-1079,2025-03-10,Leila Haddad,Standing check-in held. Team is steady.
N-03004,ACC-1079,2025-04-06,Leila Haddad,Touched base. They are heads down on their own roadmap right now.
N-03005,ACC-1079,2025-04-30,Leila Haddad,Heard secondhand that an in-house build gave them aggressive pricing.
N-03006,ACC-1079,2025-05-14,Leila Haddad,They flagged that procurement now requires justification for anything over the threshold.
N-03007,ACC-1079,2025-06-07,Leila Haddad,Delivered onboarding for the new hires on their team.
N-03008,ACC-1079,2025-06-23,Leila Haddad,Their second division reached out directly about getting access.
N-03009,ACC-1079,2025-07-18,Leila Haddad,"Short call. Reviewed open items, nothing escalated."
N-03010,ACC-1079,2025-08-14,Leila Haddad,They mentioned they are piloting Nimbus Track with one team.
N-03011,ACC-1079,2025-08-27,Leila Haddad,Told me the spend is being questioned above Reid Lindqvist's level.
N-03012,ACC-1079,2025-09-24,Leila Haddad,Escalation closed out. They appreciated the follow-through.
N-03013,ACC-1079,2025-10-21,Leila Haddad,Quick sync with Reid Lindqvist. Business as usual.
N-03014,ACC-1079,2025-11-15,Leila Haddad,Reid Lindqvist was promoted and now owns a larger scope. Good for us.
N-03015,ACC-1079,2025-12-01,Leila Haddad,Interest in the reporting module for a team that is not on the contract yet.
N-03016,ACC-1079,2025-12-25,Leila Haddad,Requested a feature comparison against Parallax. Sent one.
N-03017,ACC-1079,2026-01-08,Leila Haddad,They are running a formal evaluation and we are one of three.
N-03018,ACC-1079,2026-02-07,Leila Haddad,Layoffs on their side. Seat count is going to come down at renewal.
N-03019,ACC-1079,2026-02-27,Leila Haddad,Touched base. They are heads down on their own roadmap right now.
N-03020,ACC-1079,2026-03-21,Leila Haddad,Escalation closed out. They appreciated the follow-through.
N-03021,ACC-1079,2026-04-15,Leila Haddad,"Their CFO asked for a cost per user breakdown. Sent it, waiting."
N-03022,ACC-1079,2026-05-09,Leila Haddad,"Their CFO asked for a cost per user breakdown. Sent it, waiting."
N-03023,ACC-1079,2026-05-30,Leila Haddad,QBR went well. They presented our numbers to their leadership.
N-03024,ACC-1079,2026-06-25,Leila Haddad,Delivered onboarding for the new hires on their team.
N-03025,ACC-1079,2026-07-16,Leila Haddad,Fix shipped. They tested it and closed the ticket themselves.
N-03026,ACC-1079,2026-08-11,Leila Haddad,Standing check-in held. Team is steady.
N-03027,ACC-1079,2026-09-06,Leila Haddad,They asked what it would take to add 6 more seats.
N-03028,ACC-1080,2025-10-25,Nuala Byrne,Walked their analysts through role permissions. Good engagement.
N-03029,ACC-1080,2025-11-20,Nuala Byrne,New leadership reviewed the stack and kept us. Told me directly.
N-03030,ACC-1080,2025-12-12,Nuala Byrne,We got the integration working. Their team is back to normal.
N-03031,ACC-1080,2026-01-05,Nuala Byrne,Root cause shared with them. They were satisfied with the explanation.
N-03032,ACC-1080,2026-01-31,Nuala Byrne,Raj Mbeki has moved to a different company. No replacement named yet.
N-03033,ACC-1080,2026-03-02,Nuala Byrne,They asked what it would take to add 4 more seats.
N-03034,ACC-1080,2026-03-14,Nuala Byrne,Our sponsor Raj Mbeki was reorged out of the function. Starting over on relationship mapping.
N-03035,ACC-1080,2026-04-11,Nuala Byrne,Our sponsor Raj Mbeki was reorged out of the function. Starting over on relationship mapping.
N-03036,ACC-1080,2026-05-03,Nuala Byrne,"Their new director does not know who we are. Sent an intro note, no reply yet."
N-03037,ACC-1081,2023-07-06,Caick Moreira,Promised a fix date last month and we missed it. Had to tell them today.
N-03038,ACC-1081,2023-07-31,Caick Moreira,QBR went well. They presented our numbers to their leadership.
N-03039,ACC-1081,2023-08-24,Caick Moreira,Delivered onboarding for the new hires on their team.
N-03040,ACC-1081,2023-09-07,Caick Moreira,Talked through a multi-year option. They want pricing.
N-03041,ACC-1081,2023-09-25,Caick Moreira,Promised a fix date last month and we missed it. Had to tell them today.
N-03042,ACC-1081,2023-10-14,Caick Moreira,Brief call with the admin. No issues raised.
N-03043,ACC-1081,2023-11-02,Caick Moreira,Root cause shared with them. They were satisfied with the explanation.
N-03044,ACC-1081,2023-11-20,Caick Moreira,Ran a refresher session on the reporting module for 10 of their people.
N-03045,ACC-1081,2023-12-19,Caick Moreira,Escalation on dashboards is not moving. They asked for a timeline and I do not have one.
N-03046,ACC-1081,2024-01-18,Caick Moreira,Escalation on data retention is not moving. They asked for a timeline and I do not have one.
N-03047,ACC-1081,2024-02-17,Caick Moreira,Escalation closed out. They appreciated the follow-through.
N-03048,ACC-1081,2024-03-08,Caick Moreira,Nora Whitfield asked me directly whether this is ever going to be fixed.
N-03049,ACC-1081,2024-03-29,Caick Moreira,Fix shipped. They tested it and closed the ticket themselves.
N-03050,ACC-1081,2024-04-25,Caick Moreira,The workaround we gave them for the Salesforce sync stopped working.
N-03051,ACC-1081,2024-05-14,Caick Moreira,Good session. Their exec attended and was engaged.
N-03052,ACC-1081,2024-06-08,Caick Moreira,Support ticket has been open since before the last QBR. No engineering ETA.
N-03053,ACC-1081,2024-06-27,Caick Moreira,New leadership reviewed the stack and kept us. Told me directly.
N-03054,ACC-1081,2024-07-17,Caick Moreira,Interest in SSO for a team that is not on the contract yet.
N-03055,ACC-1081,2024-08-05,Caick Moreira,Outage during their peak week. They want a written explanation.
N-03056,ACC-1081,2024-08-30,Caick Moreira,Brief call with the admin. No issues raised.
N-03057,ACC-1081,2024-09-24,Caick Moreira,Root cause shared with them. They were satisfied with the explanation.
N-03058,ACC-1081,2024-10-22,Caick Moreira,They included us in their annual planning conversation.
N-03059,ACC-1081,2024-11-11,Caick Moreira,Third follow-up from them on the same defect. Getting hard to defend.
N-03060,ACC-1081,2024-12-06,Caick Moreira,Promised a fix date last month and we missed it. Had to tell them today.
N-03061,ACC-1081,2024-12-26,Caick Moreira,Outage during their peak week. They want a written explanation.
N-03062,ACC-1081,2025-01-10,Caick Moreira,The role permissions issue is resolved. Confirmed with their admin.
N-03063,ACC-1081,2025-02-09,Caick Moreira,Reopened the issue with the alerting rules. Their patience is visibly thin.
N-03064,ACC-1081,2025-02-23,Caick Moreira,Business review complete. Nora Whitfield called out time savings on their team.
N-03065,ACC-1081,2025-03-25,Caick Moreira,Their CIO joined the call and reiterated this is a strategic system for them.
N-03066,ACC-1081,2025-04-10,Caick Moreira,We got the integration working. Their team is back to normal.
N-03067,ACC-1081,2025-05-08,Caick Moreira,Fix shipped. They tested it and closed the ticket themselves.
N-03068,ACC-1081,2025-06-07,Caick Moreira,Reopened the issue with the alerting rules. Their patience is visibly thin.
N-03069,ACC-1081,2025-07-03,Caick Moreira,Outage during their peak week. They want a written explanation.
N-03070,ACC-1081,2025-07-23,Caick Moreira,Nora Whitfield asked me directly whether this is ever going to be fixed.
N-03071,ACC-1081,2025-08-10,Caick Moreira,Root cause shared with them. They were satisfied with the explanation.
N-03072,ACC-1081,2025-08-28,Caick Moreira,Root cause shared with them. They were satisfied with the explanation.
N-03073,ACC-1081,2025-09-10,Caick Moreira,New leadership reviewed the stack and kept us. Told me directly.
N-03074,ACC-1081,2025-10-09,Caick Moreira,Promised a fix date last month and we missed it. Had to tell them today.
N-03075,ACC-1081,2025-11-06,Caick Moreira,Still waiting on the fix for role permissions. This has been open for weeks.
N-03076,ACC-1081,2025-11-22,Caick Moreira,Escalation on the API is not moving. They asked for a timeline and I do not have one.
N-03077,ACC-1081,2025-12-04,Caick Moreira,Standing check-in held. Team is steady.
N-03078,ACC-1081,2026-01-02,Caick Moreira,The the reporting module issue is resolved. Confirmed with their admin.
N-03079,ACC-1081,2026-01-29,Caick Moreira,Nora Whitfield asked me directly whether this is ever going to be fixed.
N-03080,ACC-1081,2026-02-24,Caick Moreira,Fix shipped. They tested it and closed the ticket themselves.
N-03081,ACC-1081,2026-03-15,Caick Moreira,Support ticket has been open since before the last QBR. No engineering ETA.
N-03082,ACC-1081,2026-04-06,Caick Moreira,Reopened the issue with the alerting rules. Their patience is visibly thin.
N-03083,ACC-1081,2026-05-01,Caick Moreira,Delivered onboarding for the new hires on their team.
N-03084,ACC-1081,2026-05-27,Caick Moreira,Outage during their peak week. They want a written explanation.
N-03085,ACC-1081,2026-06-13,Caick Moreira,Ran a refresher session on the mobile app for 7 of their people.
N-03086,ACC-1081,2026-06-26,Caick Moreira,They asked what it would take to add 12 more seats.
N-03087,ACC-1081,2026-07-10,Caick Moreira,Fix shipped. They tested it and closed the ticket themselves.
N-03088,ACC-1081,2026-07-23,Caick Moreira,Nora Whitfield was promoted and now owns a larger scope. Good for us.
N-03089,ACC-1081,2026-08-06,Caick Moreira,Brief call with the admin. No issues raised.
N-03090,ACC-1081,2026-08-28,Caick Moreira,Root cause shared with them. They were satisfied with the explanation.
N-03091,ACC-1082,2025-11-06,Brittney Cole,Their CIO joined the call and reiterated this is a strategic system for them.
N-03092,ACC-1082,2025-11-27,Brittney Cole,Escalation closed out. They appreciated the follow-through.
N-03093,ACC-1082,2025-12-18,Brittney Cole,Layoffs on their side. Seat count is going to come down at renewal.
N-03094,ACC-1082,2026-01-06,Brittney Cole,Their second division reached out directly about getting access.
N-03095,ACC-1082,2026-01-31,Brittney Cole,"Raj Kaminski confirmed she is taking a role elsewhere. Asked her who to talk to, she was vague."
N-03096,ACC-1083,2023-12-06,Leila Haddad,Reviewed the year. They are happy with where adoption landed.
N-03097,ACC-1083,2023-12-22,Leila Haddad,Root cause shared with them. They were satisfied with the explanation.
N-03098,ACC-1083,2024-01-09,Leila Haddad,The the alerting rules issue is resolved. Confirmed with their admin.
N-03099,ACC-1083,2024-01-30,Leila Haddad,Delivered onboarding for the new hires on their team.
N-03100,ACC-1083,2024-02-23,Leila Haddad,Standing check-in held. Team is steady.
N-03101,ACC-1083,2024-03-13,Leila Haddad,"Short call. Reviewed open items, nothing escalated."
N-03102,ACC-1083,2024-04-06,Leila Haddad,Interest in the mobile app for a team that is not on the contract yet.
N-03103,ACC-1083,2024-05-06,Leila Haddad,Brief call with the admin. No issues raised.
N-03104,ACC-1083,2024-05-21,Leila Haddad,QBR went well. They presented our numbers to their leadership.
N-03105,ACC-1083,2024-06-18,Leila Haddad,Their CIO joined the call and reiterated this is a strategic system for them.
N-03106,ACC-1083,2024-07-09,Leila Haddad,They asked what it would take to add 5 more seats.
N-03107,ACC-1083,2024-08-05,Leila Haddad,Fix shipped. They tested it and closed the ticket themselves.
N-03108,ACC-1083,2024-08-26,Leila Haddad,Ran a refresher session on role permissions for 12 of their people.
N-03109,ACC-1083,2024-09-18,Leila Haddad,New leadership reviewed the stack and kept us. Told me directly.
N-03110,ACC-1083,2024-10-17,Leila Haddad,Their second division reached out directly about getting access.
N-03111,ACC-1083,2024-11-10,Leila Haddad,Monthly check-in. Nothing new to report.
N-03112,ACC-1083,2024-12-04,Leila Haddad,Quick sync with Mei Stroud. Business as usual.
N-03113,ACC-1083,2024-12-23,Leila Haddad,Usage is flat. 8 weekly active users against a much larger contract.
N-03114,ACC-1083,2025-01-21,Leila Haddad,Their team never completed rollout to the second region. 13 users total.
N-03115,ACC-1083,2025-02-02,Leila Haddad,They are paying for far more than they use and finance has started to notice.
N-03116,ACC-1083,2025-02-23,Leila Haddad,Usage is flat. 2 weekly active users against a much larger contract.
N-03117,ACC-1083,2025-03-12,Leila Haddad,Usage is flat. 8 weekly active users against a much larger contract.
N-03118,ACC-1083,2025-04-04,Leila Haddad,They asked what it would take to add 8 more seats.
N-03119,ACC-1083,2025-04-23,Leila Haddad,Fix shipped. They tested it and closed the ticket themselves.
N-03120,ACC-1083,2025-05-16,Leila Haddad,They included us in their annual planning conversation.
N-03121,ACC-1083,2025-06-02,Leila Haddad,Their second division reached out directly about getting access.
N-03122,ACC-1083,2025-06-15,Leila Haddad,Only 7 of their licensed seats logged in last month.
N-03123,ACC-1083,2025-06-29,Leila Haddad,Strong QBR. They want to talk about expanding to a second department.
N-03124,ACC-1083,2025-07-26,Leila Haddad,They are paying for far more than they use and finance has started to notice.
N-03125,ACC-1083,2025-08-14,Leila Haddad,Escalation closed out. They appreciated the follow-through.
N-03126,ACC-1083,2025-08-28,Leila Haddad,Mei Stroud was promoted and now owns a larger scope. Good for us.
N-03127,ACC-1083,2025-09-12,Leila Haddad,Login activity dropped off after the project lead changed. 7 active this month.
N-03128,ACC-1083,2025-09-30,Leila Haddad,Admin told me most of the team still does this work in spreadsheets.
N-03129,ACC-1083,2025-10-21,Leila Haddad,Nobody outside the original two users has touched the API since onboarding.
N-03130,ACC-1083,2025-11-08,Leila Haddad,Login activity dropped off after the project lead changed. 3 active this month.
N-03131,ACC-1083,2025-12-07,Leila Haddad,Escalation closed out. They appreciated the follow-through.
N-03132,ACC-1083,2025-12-29,Leila Haddad,Admin told me most of the team still does this work in spreadsheets.
N-03133,ACC-1083,2026-01-27,Leila Haddad,"Short call. Reviewed open items, nothing escalated."
N-03134,ACC-1083,2026-02-11,Leila Haddad,Login activity dropped off after the project lead changed. 6 active this month.
N-03135,ACC-1083,2026-02-27,Leila Haddad,"Short call. Reviewed open items, nothing escalated."
N-03136,ACC-1083,2026-03-29,Leila Haddad,The dashboards issue is resolved. Confirmed with their admin.
N-03137,ACC-1083,2026-04-16,Leila Haddad,Only 2 of their licensed seats logged in last month.
N-03138,ACC-1083,2026-05-03,Leila Haddad,Strong QBR. They want to talk about expanding to a second department.
N-03139,ACC-1083,2026-05-20,Leila Haddad,Usage is flat. 2 weekly active users against a much larger contract.
N-03140,ACC-1083,2026-06-13,Leila Haddad,Escalation closed out. They appreciated the follow-through.
N-03141,ACC-1083,2026-07-13,Leila Haddad,We got the integration working. Their team is back to normal.
N-03142,ACC-1083,2026-08-10,Leila Haddad,They bought for the whole department but adoption never left the pilot team.
N-03143,ACC-1083,2026-09-01,Leila Haddad,Delivered onboarding for the new hires on their team.
N-03144,ACC-1084,2024-05-01,Brittney Cole,Root cause shared with them. They were satisfied with the explanation.
N-03145,ACC-1084,2024-05-19,Brittney Cole,Business review complete. Raj Hollis called out time savings on their team.
N-03146,ACC-1084,2024-06-06,Brittney Cole,Walked their analysts through the alerting rules. Good engagement.
N-03147,ACC-1084,2024-06-21,Brittney Cole,Delivered onboarding for the new hires on their team.
N-03148,ACC-1084,2024-07-12,Brittney Cole,Walked their analysts through the alerting rules. Good engagement.
N-03149,ACC-1084,2024-08-02,Brittney Cole,Good session. Their exec attended and was engaged.
N-03150,ACC-1084,2024-08-14,Brittney Cole,New leadership reviewed the stack and kept us. Told me directly.
N-03151,ACC-1084,2024-09-03,Brittney Cole,Brief call with the admin. No issues raised.
N-03152,ACC-1084,2024-09-29,Brittney Cole,Interest in data retention for a team that is not on the contract yet.
N-03153,ACC-1084,2024-10-22,Brittney Cole,Interest in role permissions for a team that is not on the contract yet.
N-03154,ACC-1084,2024-11-05,Brittney Cole,"Office hours session. 7 attendees, mostly questions about reporting."
N-03155,ACC-1084,2024-12-05,Brittney Cole,Reviewed the year. They are happy with where adoption landed.
N-03156,ACC-1084,2024-12-24,Brittney Cole,Their CIO joined the call and reiterated this is a strategic system for them.
N-03157,ACC-1084,2025-01-08,Brittney Cole,Business review complete. Raj Hollis called out time savings on their team.
N-03158,ACC-1084,2025-01-31,Brittney Cole,Talked through a multi-year option. They want pricing.
N-03159,ACC-1084,2025-02-22,Brittney Cole,Business review complete. Raj Hollis called out time savings on their team.
N-03160,ACC-1084,2025-03-24,Brittney Cole,Business review complete. Raj Hollis called out time savings on their team.
N-03161,ACC-1084,2025-04-17,Brittney Cole,Raj Hollis was promoted and now owns a larger scope. Good for us.
N-03162,ACC-1084,2025-05-14,Brittney Cole,We got the integration working. Their team is back to normal.
N-03163,ACC-1084,2025-06-12,Brittney Cole,Strong QBR. They want to talk about expanding to a second department.
N-03164,ACC-1084,2025-07-11,Brittney Cole,We got the integration working. Their team is back to normal.
N-03165,ACC-1084,2025-08-05,Brittney Cole,Asked about the higher tier. Sending over details.
N-03166,ACC-1084,2025-09-01,Brittney Cole,Sent over the enablement material they asked for.
N-03167,ACC-1084,2025-09-24,Brittney Cole,Root cause shared with them. They were satisfied with the explanation.
N-03168,ACC-1084,2025-10-22,Brittney Cole,We got the integration working. Their team is back to normal.
N-03169,ACC-1084,2025-11-03,Brittney Cole,"Office hours session. 2 attendees, mostly questions about reporting."
N-03170,ACC-1084,2025-11-30,Brittney Cole,Monthly check-in. Nothing new to report.
N-03171,ACC-1084,2025-12-25,Brittney Cole,Their CIO joined the call and reiterated this is a strategic system for them.
N-03172,ACC-1084,2026-01-14,Brittney Cole,Quick sync with Raj Hollis. Business as usual.
N-03173,ACC-1084,2026-02-01,Brittney Cole,Reviewed the year. They are happy with where adoption landed.
N-03174,ACC-1084,2026-02-21,Brittney Cole,Root cause shared with them. They were satisfied with the explanation.
N-03175,ACC-1084,2026-03-14,Brittney Cole,Interest in data retention for a team that is not on the contract yet.
N-03176,ACC-1084,2026-04-09,Brittney Cole,New leadership reviewed the stack and kept us. Told me directly.
N-03177,ACC-1084,2026-05-03,Brittney Cole,Good session. Their exec attended and was engaged.
N-03178,ACC-1084,2026-05-28,Brittney Cole,Talked through a multi-year option. They want pricing.
N-03179,ACC-1084,2026-06-22,Brittney Cole,The the alerting rules issue is resolved. Confirmed with their admin.
N-03180,ACC-1084,2026-07-10,Brittney Cole,Their CIO joined the call and reiterated this is a strategic system for them.
N-03181,ACC-1084,2026-07-25,Brittney Cole,Their CIO joined the call and reiterated this is a strategic system for them.
N-03182,ACC-1084,2026-08-13,Brittney Cole,Good session. Their exec attended and was engaged.
N-03183,ACC-1084,2026-09-01,Brittney Cole,Business review complete. Raj Hollis called out time savings on their team.
N-03184,ACC-1085,2023-04-16,Leila Haddad,Lost our exec sponsor. Leila Kaminski was the reason this renewed last year.
N-03185,ACC-1085,2023-04-29,Leila Haddad,Asked about the higher tier. Sending over details.
N-03186,ACC-1085,2023-05-19,Leila Haddad,We got the integration working. Their team is back to normal.
N-03187,ACC-1085,2023-06-18,Leila Haddad,The dashboards issue is resolved. Confirmed with their admin.
N-03188,ACC-1085,2023-07-05,Leila Haddad,Root cause shared with them. They were satisfied with the explanation.
N-03189,ACC-1085,2023-07-29,Leila Haddad,The the bulk import issue is resolved. Confirmed with their admin.
N-03190,ACC-1085,2023-08-14,Leila Haddad,Support ticket has been open since before the last QBR. No engineering ETA.
N-03191,ACC-1085,2023-09-03,Leila Haddad,Walked their analysts through the API. Good engagement.
N-03192,ACC-1085,2023-09-16,Leila Haddad,The data retention issue is resolved. Confirmed with their admin.
N-03193,ACC-1085,2023-10-04,Leila Haddad,Touched base. They are heads down on their own roadmap right now.
N-03194,ACC-1085,2023-10-18,Leila Haddad,Fix shipped. They tested it and closed the ticket themselves.
N-03195,ACC-1085,2023-11-08,Leila Haddad,Walked their analysts through the reporting module. Good engagement.
N-03196,ACC-1085,2023-12-06,Leila Haddad,QBR went well. They presented our numbers to their leadership.
N-03197,ACC-1085,2024-01-01,Leila Haddad,"Office hours session. 5 attendees, mostly questions about reporting."
N-03198,ACC-1085,2024-01-26,Leila Haddad,Their second division reached out directly about getting access.
N-03199,ACC-1085,2024-02-09,Leila Haddad,Still waiting on the fix for dashboards. This has been open for weeks.
N-03200,ACC-1085,2024-02-24,Leila Haddad,They included us in their annual planning conversation.
N-03201,ACC-1085,2024-03-11,Leila Haddad,They mentioned they are piloting Corveo with one team.
N-03202,ACC-1085,2024-04-02,Leila Haddad,Leila Kaminski asked me directly whether this is ever going to be fixed.
N-03203,ACC-1085,2024-04-16,Leila Haddad,Strong QBR. They want to talk about expanding to a second department.
N-03204,ACC-1085,2024-05-13,Leila Haddad,Quick sync with Leila Kaminski. Business as usual.
N-03205,ACC-1085,2024-05-27,Leila Haddad,New leadership reviewed the stack and kept us. Told me directly.
N-03206,ACC-1085,2024-06-19,Leila Haddad,New leadership reviewed the stack and kept us. Told me directly.
N-03207,ACC-1085,2024-07-12,Leila Haddad,Our sponsor Leila Kaminski was reorged out of the function. Starting over on relationship mapping.
N-03208,ACC-1085,2024-08-05,Leila Haddad,Mentioned an RFP is going out before renewal.
N-03209,ACC-1085,2024-08-31,Leila Haddad,Fix shipped. They tested it and closed the ticket themselves.
N-03210,ACC-1085,2024-09-23,Leila Haddad,We got the integration working. Their team is back to normal.
N-03211,ACC-1085,2024-10-06,Leila Haddad,Found out Leila Kaminski put in notice. Trying to get introduced to whoever picks this up.
N-03212,ACC-1085,2024-10-30,Leila Haddad,Interest in the reporting module for a team that is not on the contract yet.
N-03213,ACC-1085,2024-11-27,Leila Haddad,Monthly check-in. Nothing new to report.
N-03214,ACC-1085,2024-12-10,Leila Haddad,"Short call. Reviewed open items, nothing escalated."
N-03215,ACC-1085,2024-12-22,Leila Haddad,Root cause shared with them. They were satisfied with the explanation.
N-03216,ACC-1085,2025-01-08,Leila Haddad,Promised a fix date last month and we missed it. Had to tell them today.
N-03217,ACC-1085,2025-02-06,Leila Haddad,Promised a fix date last month and we missed it. Had to tell them today.
N-03218,ACC-1085,2025-02-22,Leila Haddad,New leadership reviewed the stack and kept us. Told me directly.
N-03219,ACC-1085,2025-03-14,Leila Haddad,Lost our exec sponsor. Leila Kaminski was the reason this renewed last year.
N-03220,ACC-1085,2025-03-29,Leila Haddad,Escalation on the mobile app is not moving. They asked for a timeline and I do not have one.
N-03221,ACC-1085,2025-04-10,Leila Haddad,Business review complete. Leila Kaminski called out time savings on their team.
N-03222,ACC-1085,2025-04-27,Leila Haddad,Ran a refresher session on dashboards for 3 of their people.
N-03223,ACC-1085,2025-05-20,Leila Haddad,Standing check-in held. Team is steady.
N-03224,ACC-1085,2025-06-01,Leila Haddad,"Heads up, Leila Kaminski is leaving at the end of the month. She was our main advocate here."
N-03225,ACC-1085,2025-06-16,Leila Haddad,Escalation closed out. They appreciated the follow-through.
N-03226,ACC-1085,2025-07-08,Leila Haddad,Root cause shared with them. They were satisfied with the explanation.
N-03227,ACC-1085,2025-08-04,Leila Haddad,Business review complete. Leila Kaminski called out time savings on their team.
N-03228,ACC-1085,2025-09-01,Leila Haddad,Ran a refresher session on the bulk import for 14 of their people.
N-03229,ACC-1085,2025-09-24,Leila Haddad,The the Salesforce sync issue is resolved. Confirmed with their admin.
N-03230,ACC-1085,2025-10-24,Leila Haddad,Quick sync with Leila Kaminski. Business as usual.
N-03231,ACC-1085,2025-11-17,Leila Haddad,Escalation closed out. They appreciated the follow-through.
N-03232,ACC-1085,2025-12-10,Leila Haddad,Standing check-in held. Team is steady.
N-03233,ACC-1085,2025-12-22,Leila Haddad,Asked about the higher tier. Sending over details.
N-03234,ACC-1085,2026-01-07,Leila Haddad,They asked what it would take to add 13 more seats.
N-03235,ACC-1085,2026-01-20,Leila Haddad,Delivered onboarding for the new hires on their team.
N-03236,ACC-1085,2026-02-15,Leila Haddad,Escalation closed out. They appreciated the follow-through.
N-03237,ACC-1085,2026-03-01,Leila Haddad,Their CIO joined the call and reiterated this is a strategic system for them.
N-03238,ACC-1085,2026-03-14,Leila Haddad,Still waiting on the fix for the bulk import. This has been open for weeks.
N-03239,ACC-1085,2026-04-07,Leila Haddad,Root cause shared with them. They were satisfied with the explanation.
N-03240,ACC-1085,2026-04-28,Leila Haddad,Walked their analysts through the alerting rules. Good engagement.
N-03241,ACC-1085,2026-05-15,Leila Haddad,Support ticket has been open since before the last QBR. No engineering ETA.
N-03242,ACC-1085,2026-06-12,Leila Haddad,Support ticket has been open since before the last QBR. No engineering ETA.
N-03243,ACC-1085,2026-06-28,Leila Haddad,Business review complete. Leila Kaminski called out time savings on their team.
N-03244,ACC-1085,2026-07-20,Leila Haddad,Good session. Their exec attended and was engaged.
N-03245,ACC-1085,2026-08-16,Leila Haddad,Walked their analysts through the mobile app. Good engagement.
N-03246,ACC-1085,2026-08-29,Leila Haddad,Delivered onboarding for the new hires on their team.
N-03247,ACC-1086,2024-01-09,Leila Haddad,Good session. Their exec attended and was engaged.
N-03248,ACC-1086,2024-01-28,Leila Haddad,Quick sync with Dmitri Ramirez. Business as usual.
N-03249,ACC-1086,2024-02-11,Leila Haddad,"Short call. Reviewed open items, nothing escalated."
N-03250,ACC-1086,2024-02-27,Leila Haddad,Touched base. They are heads down on their own roadmap right now.
N-03251,ACC-1086,2024-03-27,Leila Haddad,Ran a refresher session on the bulk import for 11 of their people.
N-03252,ACC-1086,2024-04-13,Leila Haddad,Asked about the higher tier. Sending over details.
N-03253,ACC-1086,2024-05-07,Leila Haddad,Walked their analysts through the bulk import. Good engagement.
N-03254,ACC-1086,2024-05-26,Leila Haddad,Their CIO joined the call and reiterated this is a strategic system for them.
N-03255,ACC-1086,2024-06-18,Leila Haddad,Ran a refresher session on the API for 12 of their people.
N-03256,ACC-1086,2024-07-18,Leila Haddad,Dmitri Ramirez was promoted and now owns a larger scope. Good for us.
N-03257,ACC-1086,2024-08-06,Leila Haddad,They asked what it would take to add 2 more seats.
N-03258,ACC-1086,2024-08-18,Leila Haddad,They included us in their annual planning conversation.
N-03259,ACC-1086,2024-09-03,Leila Haddad,Reviewed the year. They are happy with where adoption landed.
N-03260,ACC-1086,2024-10-01,Leila Haddad,Good session. Their exec attended and was engaged.
N-03261,ACC-1086,2024-10-27,Leila Haddad,Dmitri Ramirez was promoted and now owns a larger scope. Good for us.
N-03262,ACC-1086,2024-11-19,Leila Haddad,Delivered onboarding for the new hires on their team.
N-03263,ACC-1086,2024-12-15,Leila Haddad,Their CIO joined the call and reiterated this is a strategic system for them.
N-03264,ACC-1086,2025-01-05,Leila Haddad,Business review complete. Dmitri Ramirez called out time savings on their team.
N-03265,ACC-1086,2025-01-20,Leila Haddad,Business review complete. Dmitri Ramirez called out time savings on their team.
N-03266,ACC-1086,2025-02-15,Leila Haddad,Their second division reached out directly about getting access.
N-03267,ACC-1086,2025-03-10,Leila Haddad,Their second division reached out directly about getting access.
N-03268,ACC-1086,2025-04-09,Leila Haddad,Brief call with the admin. No issues raised.
N-03269,ACC-1086,2025-04-22,Leila Haddad,Brief call with the admin. No issues raised.
N-03270,ACC-1086,2025-05-11,Leila Haddad,"Short call. Reviewed open items, nothing escalated."
N-03271,ACC-1086,2025-06-06,Leila Haddad,We got the integration working. Their team is back to normal.
N-03272,ACC-1086,2025-06-25,Leila Haddad,"Office hours session. 7 attendees, mostly questions about reporting."
N-03273,ACC-1086,2025-07-25,Leila Haddad,"Office hours session. 7 attendees, mostly questions about reporting."
N-03274,ACC-1086,2025-08-19,Leila Haddad,They asked what it would take to add 4 more seats.
N-03275,ACC-1086,2025-09-09,Leila Haddad,Monthly check-in. Nothing new to report.
N-03276,ACC-1086,2025-09-28,Leila Haddad,New leadership reviewed the stack and kept us. Told me directly.
N-03277,ACC-1086,2025-10-12,Leila Haddad,Reviewed the year. They are happy with where adoption landed.
N-03278,ACC-1086,2025-11-09,Leila Haddad,Asked about the higher tier. Sending over details.
N-03279,ACC-1086,2025-12-08,Leila Haddad,"Short call. Reviewed open items, nothing escalated."
N-03280,ACC-1086,2025-12-30,Leila Haddad,Business review complete. Dmitri Ramirez called out time savings on their team.
N-03281,ACC-1086,2026-01-14,Leila Haddad,The the mobile app issue is resolved. Confirmed with their admin.
N-03282,ACC-1086,2026-02-08,Leila Haddad,"Office hours session. 7 attendees, mostly questions about reporting."
N-03283,ACC-1086,2026-02-22,Leila Haddad,Interest in the mobile app for a team that is not on the contract yet.
N-03284,ACC-1086,2026-03-13,Leila Haddad,"Office hours session. 7 attendees, mostly questions about reporting."
N-03285,ACC-1086,2026-04-06,Leila Haddad,Talked through a multi-year option. They want pricing.
N-03286,ACC-1086,2026-05-06,Leila Haddad,Walked their analysts through the mobile app. Good engagement.
N-03287,ACC-1086,2026-05-18,Leila Haddad,Fix shipped. They tested it and closed the ticket themselves.
N-03288,ACC-1086,2026-06-17,Leila Haddad,Exec sponsor confirmed budget is protected for next year.
N-03289,ACC-1086,2026-07-09,Leila Haddad,Ran a refresher session on SSO for 14 of their people.
N-03290,ACC-1086,2026-08-04,Leila Haddad,We got the integration working. Their team is back to normal.
N-03291,ACC-1086,2026-08-26,Leila Haddad,Exec sponsor confirmed budget is protected for next year.
N-03292,ACC-1087,2025-11-25,Caick Moreira,Escalation closed out. They appreciated the follow-through.
N-03293,ACC-1087,2025-12-13,Caick Moreira,Their team never completed rollout to the second region. 7 users total.
N-03294,ACC-1087,2026-01-09,Caick Moreira,Walked their analysts through the alerting rules. Good engagement.
N-03295,ACC-1087,2026-01-22,Caick Moreira,Root cause shared with them. They were satisfied with the explanation.
N-03296,ACC-1087,2026-02-17,Caick Moreira,Delivered onboarding for the new hires on their team.
N-03297,ACC-1087,2026-03-05,Caick Moreira,Escalation closed out. They appreciated the follow-through.
N-03298,ACC-1087,2026-03-29,Caick Moreira,They asked what it would take to add 8 more seats.
N-03299,ACC-1087,2026-04-17,Caick Moreira,Exec sponsor confirmed budget is protected for next year.
N-03300,ACC-1087,2026-05-01,Caick Moreira,Ran a refresher session on the alerting rules for 6 of their people.
N-03301,ACC-1087,2026-05-29,Caick Moreira,Escalation closed out. They appreciated the follow-through.
N-03302,ACC-1087,2026-06-16,Caick Moreira,Exec sponsor confirmed budget is protected for next year.
N-03303,ACC-1087,2026-07-15,Caick Moreira,The role permissions issue is resolved. Confirmed with their admin.
N-03304,ACC-1087,2026-08-06,Caick Moreira,Reviewed the year. They are happy with where adoption landed.
N-03305,ACC-1087,2026-08-29,Caick Moreira,The the bulk import issue is resolved. Confirmed with their admin.
N-03306,ACC-1088,2026-02-22,Nuala Byrne,QBR went well. They presented our numbers to their leadership.
N-03307,ACC-1088,2026-03-16,Nuala Byrne,Migration off their legacy system stalled. We are stuck waiting.
N-03308,ACC-1088,2026-03-29,Nuala Byrne,Root cause shared with them. They were satisfied with the explanation.
N-03309,ACC-1088,2026-04-12,Nuala Byrne,Their IT team is blocking the SSO change we need for rollout.
N-03310,ACC-1088,2026-05-06,Nuala Byrne,Brief call with the admin. No issues raised.
N-03311,ACC-1088,2026-06-03,Nuala Byrne,Root cause shared with them. They were satisfied with the explanation.
N-03312,ACC-1088,2026-06-29,Nuala Byrne,Ran a refresher session on the API for 8 of their people.
N-03313,ACC-1088,2026-07-27,Nuala Byrne,They asked what it would take to add 10 more seats.
N-03314,ACC-1088,2026-08-16,Nuala Byrne,They do not have the internal engineering capacity to finish the integration.
N-03315,ACC-1089,2025-01-02,Brittney Cole,The the mobile app issue is resolved. Confirmed with their admin.
N-03316,ACC-1089,2025-01-26,Brittney Cole,They asked what it would take to add 11 more seats.
N-03317,ACC-1089,2025-02-22,Brittney Cole,Good session. Their exec attended and was engaged.
N-03318,ACC-1089,2025-03-19,Brittney Cole,Alice Okafor stopped replying after the last pricing conversation.
N-03319,ACC-1089,2025-04-06,Brittney Cole,Root cause shared with them. They were satisfied with the explanation.
N-03320,ACC-1089,2025-05-01,Brittney Cole,They included us in their annual planning conversation.
N-03321,ACC-1089,2025-05-20,Brittney Cole,Alice Okafor was promoted and now owns a larger scope. Good for us.
N-03322,ACC-1089,2025-06-13,Brittney Cole,We got the integration working. Their team is back to normal.
N-03323,ACC-1089,2025-06-27,Brittney Cole,Reviewed the year. They are happy with where adoption landed.
N-03324,ACC-1089,2025-07-15,Brittney Cole,Third reschedule on the QBR. No new date proposed.
N-03325,ACC-1089,2025-08-02,Brittney Cole,They do not have the internal engineering capacity to finish the integration.
N-03326,ACC-1089,2025-09-01,Brittney Cole,Strong QBR. They want to talk about expanding to a second department.
N-03327,ACC-1089,2025-09-14,Brittney Cole,Four unanswered emails. Going to try their admin.
N-03328,ACC-1089,2025-09-29,Brittney Cole,Root cause shared with them. They were satisfied with the explanation.
N-03329,ACC-1089,2025-10-28,Brittney Cole,Ran a refresher session on the bulk import for 10 of their people.
N-03330,ACC-1089,2025-11-14,Brittney Cole,Their second division reached out directly about getting access.
N-03331,ACC-1089,2025-12-12,Brittney Cole,They do not have the internal engineering capacity to finish the integration.
N-03332,ACC-1089,2025-12-30,Brittney Cole,Third reschedule on the QBR. No new date proposed.
N-03333,ACC-1089,2026-01-13,Brittney Cole,Sent the usage summary. No acknowledgement.
N-03334,ACC-1089,2026-02-03,Brittney Cole,Touched base. They are heads down on their own roadmap right now.
N-03335,ACC-1089,2026-02-18,Brittney Cole,We got the integration working. Their team is back to normal.
N-03336,ACC-1089,2026-03-17,Brittney Cole,the mobile app is slow at their data volume and they have said so repeatedly.
N-03337,ACC-1089,2026-04-10,Brittney Cole,QBR went well. They presented our numbers to their leadership.
N-03338,ACC-1089,2026-04-28,Brittney Cole,Their data retention integration broke again during their data load.
N-03339,ACC-1089,2026-05-21,Brittney Cole,They do not have the internal engineering capacity to finish the integration.
N-03340,ACC-1089,2026-06-16,Brittney Cole,Delivered onboarding for the new hires on their team.
N-03341,ACC-1089,2026-07-06,Brittney Cole,"Short call. Reviewed open items, nothing escalated."
N-03342,ACC-1089,2026-07-27,Brittney Cole,The the mobile app issue is resolved. Confirmed with their admin.
N-03343,ACC-1089,2026-08-26,Brittney Cole,Their the reporting module integration broke again during their data load.
N-03344,ACC-1090,2024-10-28,Brittney Cole,"Office hours session. 11 attendees, mostly questions about reporting."
N-03345,ACC-1090,2024-11-15,Brittney Cole,Talked through a multi-year option. They want pricing.
N-03346,ACC-1090,2024-12-04,Brittney Cole,New leadership reviewed the stack and kept us. Told me directly.
N-03347,ACC-1090,2024-12-18,Brittney Cole,Touched base. They are heads down on their own roadmap right now.
N-03348,ACC-1090,2025-01-01,Brittney Cole,Interest in role permissions for a team that is not on the contract yet.
N-03349,ACC-1090,2025-01-20,Brittney Cole,Quick sync with Leila Nwosu. Business as usual.
N-03350,ACC-1090,2025-02-05,Brittney Cole,Their second division reached out directly about getting access.
N-03351,ACC-1090,2025-03-05,Brittney Cole,Lost our exec sponsor. Leila Nwosu was the reason this renewed last year.
N-03352,ACC-1090,2025-03-22,Brittney Cole,Interest in the reporting module for a team that is not on the contract yet.
N-03353,ACC-1090,2025-04-04,Brittney Cole,Fix shipped. They tested it and closed the ticket themselves.
N-03354,ACC-1090,2025-04-17,Brittney Cole,"Heads up, Leila Nwosu is leaving at the end of the month. She was our main advocate here."
N-03355,ACC-1090,2025-04-29,Brittney Cole,Strong QBR. They want to talk about expanding to a second department.
N-03356,ACC-1090,2025-05-14,Brittney Cole,Fix shipped. They tested it and closed the ticket themselves.
N-03357,ACC-1090,2025-06-05,Brittney Cole,Fix shipped. They tested it and closed the ticket themselves.
N-03358,ACC-1090,2025-06-23,Brittney Cole,Monthly check-in. Nothing new to report.
N-03359,ACC-1090,2025-07-06,Brittney Cole,New leadership reviewed the stack and kept us. Told me directly.
N-03360,ACC-1090,2025-08-01,Brittney Cole,The the alerting rules issue is resolved. Confirmed with their admin.
N-03361,ACC-1090,2025-08-18,Brittney Cole,Walked their analysts through the API. Good engagement.
N-03362,ACC-1090,2025-09-16,Brittney Cole,Leila Nwosu was promoted and now owns a larger scope. Good for us.
N-03363,ACC-1090,2025-10-05,Brittney Cole,Budget freeze announced internally. Renewals are being looked at individually.
N-03364,ACC-1090,2025-10-19,Brittney Cole,Their second division reached out directly about getting access.
N-03365,ACC-1090,2025-10-31,Brittney Cole,Quick sync with Leila Nwosu. Business as usual.
N-03366,ACC-1090,2025-11-14,Brittney Cole,They included us in their annual planning conversation.
N-03367,ACC-1090,2025-12-10,Brittney Cole,Business review complete. Leila Nwosu called out time savings on their team.
N-03368,ACC-1090,2026-01-02,Brittney Cole,Delivered onboarding for the new hires on their team.
N-03369,ACC-1090,2026-01-29,Brittney Cole,Exec sponsor confirmed budget is protected for next year.
N-03370,ACC-1090,2026-02-27,Brittney Cole,Brief call with the admin. No issues raised.
N-03371,ACC-1090,2026-03-24,Brittney Cole,Leila Nwosu is on leave through Q4 and nobody was designated to cover the account.
N-03372,ACC-1090,2026-04-08,Brittney Cole,Leila Nwosu is on leave through Q4 and nobody was designated to cover the account.
N-03373,ACC-1090,2026-05-05,Brittney Cole,Login activity dropped off after the project lead changed. 5 active this month.
N-03374,ACC-1090,2026-05-30,Brittney Cole,Finance is reviewing every software line item this cycle.
N-03375,ACC-1091,2024-07-05,Nuala Byrne,We got the integration working. Their team is back to normal.
N-03376,ACC-1091,2024-08-02,Nuala Byrne,Asked about downgrade options unprompted.
N-03377,ACC-1091,2024-08-24,Nuala Byrne,Asked about downgrade options unprompted.
N-03378,ACC-1091,2024-09-12,Nuala Byrne,Quick sync with Ethan Ramirez. Business as usual.
N-03379,ACC-1091,2024-10-09,Nuala Byrne,Escalation closed out. They appreciated the follow-through.
N-03380,ACC-1091,2024-10-21,Nuala Byrne,Root cause shared with them. They were satisfied with the explanation.
N-03381,ACC-1091,2024-11-12,Nuala Byrne,They asked whether we can do a shorter term or a smaller seat count.
N-03382,ACC-1091,2024-12-06,Nuala Byrne,Sent over the enablement material they asked for.
N-03383,ACC-1091,2024-12-29,Nuala Byrne,Standing check-in held. Team is steady.
N-03384,ACC-1091,2025-01-13,Nuala Byrne,They asked what it would take to add 14 more seats.
N-03385,ACC-1091,2025-01-26,Nuala Byrne,They asked whether we can do a shorter term or a smaller seat count.
N-03386,ACC-1091,2025-02-12,Nuala Byrne,Talked through a multi-year option. They want pricing.
N-03387,ACC-1091,2025-03-03,Nuala Byrne,Ethan Ramirez was promoted and now owns a larger scope. Good for us.
N-03388,ACC-1091,2025-03-19,Nuala Byrne,Root cause shared with them. They were satisfied with the explanation.
N-03389,ACC-1091,2025-04-08,Nuala Byrne,Company-wide cost reduction effort. We are on the list being evaluated.
N-03390,ACC-1091,2025-04-25,Nuala Byrne,Company-wide cost reduction effort. We are on the list being evaluated.
N-03391,ACC-1091,2025-05-24,Nuala Byrne,Finance is reviewing every software line item this cycle.
N-03392,ACC-1091,2025-06-11,Nuala Byrne,They asked whether we can do a shorter term or a smaller seat count.
N-03393,ACC-1091,2025-07-06,Nuala Byrne,Told me the spend is being questioned above Ethan Ramirez's level.
N-03394,ACC-1091,2025-07-27,Nuala Byrne,Reviewed the year. They are happy with where adoption landed.
N-03395,ACC-1091,2025-08-20,Nuala Byrne,Reviewed the year. They are happy with where adoption landed.
N-03396,ACC-1091,2025-09-13,Nuala Byrne,Walked their analysts through dashboards. Good engagement.
N-03397,ACC-1091,2025-10-02,Nuala Byrne,They asked whether we can do a shorter term or a smaller seat count.
N-03398,ACC-1091,2025-10-31,Nuala Byrne,Ethan Ramirez was promoted and now owns a larger scope. Good for us.
N-03399,ACC-1091,2025-11-21,Nuala Byrne,Escalation closed out. They appreciated the follow-through.
N-03400,ACC-1091,2025-12-18,Nuala Byrne,They asked whether we can do a shorter term or a smaller seat count.
N-03401,ACC-1091,2025-12-30,Nuala Byrne,Talked through a multi-year option. They want pricing.
N-03402,ACC-1091,2026-01-20,Nuala Byrne,Layoffs on their side. Seat count is going to come down at renewal.
N-03403,ACC-1091,2026-02-08,Nuala Byrne,They included us in their annual planning conversation.
N-03404,ACC-1091,2026-03-01,Nuala Byrne,The the alerting rules issue is resolved. Confirmed with their admin.
N-03405,ACC-1091,2026-03-25,Nuala Byrne,Monthly check-in. Nothing new to report.
N-03406,ACC-1091,2026-04-11,Nuala Byrne,Sent over the enablement material they asked for.
N-03407,ACC-1091,2026-04-30,Nuala Byrne,Sent over the enablement material they asked for.
N-03408,ACC-1091,2026-05-23,Nuala Byrne,Quick sync with Ethan Ramirez. Business as usual.
N-03409,ACC-1091,2026-06-08,Nuala Byrne,Touched base. They are heads down on their own roadmap right now.
N-03410,ACC-1091,2026-06-20,Nuala Byrne,Fix shipped. They tested it and closed the ticket themselves.
N-03411,ACC-1091,2026-07-12,Nuala Byrne,We got the integration working. Their team is back to normal.
N-03412,ACC-1091,2026-08-08,Nuala Byrne,Business review complete. Ethan Ramirez called out time savings on their team.
N-03413,ACC-1091,2026-08-24,Nuala Byrne,Touched base. They are heads down on their own roadmap right now.
N-03414,ACC-1091,2026-09-10,Nuala Byrne,Sent over the enablement material they asked for.
N-03415,ACC-1092,2024-04-12,Owen Trask,Mei Lindqvist was promoted and now owns a larger scope. Good for us.
N-03416,ACC-1092,2024-05-04,Owen Trask,Reviewed the year. They are happy with where adoption landed.
N-03417,ACC-1092,2024-05-18,Owen Trask,QBR went well. They presented our numbers to their leadership.
N-03418,ACC-1092,2024-06-08,Owen Trask,Strong QBR. They want to talk about expanding to a second department.
N-03419,ACC-1092,2024-06-21,Owen Trask,Interest in SSO for a team that is not on the contract yet.
N-03420,ACC-1092,2024-07-06,Owen Trask,Delivered onboarding for the new hires on their team.
N-03421,ACC-1092,2024-07-21,Owen Trask,Ran a refresher session on the Salesforce sync for 7 of their people.
N-03422,ACC-1092,2024-08-15,Owen Trask,Fix shipped. They tested it and closed the ticket themselves.
N-03423,ACC-1092,2024-09-01,Owen Trask,Standing check-in held. Team is steady.
N-03424,ACC-1092,2024-09-29,Owen Trask,We got the integration working. Their team is back to normal.
N-03425,ACC-1092,2024-10-29,Owen Trask,"Short call. Reviewed open items, nothing escalated."
N-03426,ACC-1092,2024-11-23,Owen Trask,Sent over the enablement material they asked for.
N-03427,ACC-1092,2024-12-20,Owen Trask,Strong QBR. They want to talk about expanding to a second department.
N-03428,ACC-1092,2025-01-19,Owen Trask,"Office hours session. 12 attendees, mostly questions about reporting."
N-03429,ACC-1092,2025-02-03,Owen Trask,Walked their analysts through the alerting rules. Good engagement.
N-03430,ACC-1092,2025-03-03,Owen Trask,Good session. Their exec attended and was engaged.
N-03431,ACC-1092,2025-03-24,Owen Trask,Quick sync with Mei Lindqvist. Business as usual.
N-03432,ACC-1092,2025-04-17,Owen Trask,Brief call with the admin. No issues raised.
N-03433,ACC-1092,2025-05-06,Owen Trask,Org change on their side. Mei Lindqvist no longer owns this relationship.
N-03434,ACC-1092,2025-05-29,Owen Trask,Interest in the API for a team that is not on the contract yet.
N-03435,ACC-1092,2025-06-20,Owen Trask,Brief call with the admin. No issues raised.
N-03436,ACC-1092,2025-07-04,Owen Trask,Fix shipped. They tested it and closed the ticket themselves.
N-03437,ACC-1092,2025-07-27,Owen Trask,Monthly check-in. Nothing new to report.
N-03438,ACC-1092,2025-08-23,Owen Trask,Mei Lindqvist stopped replying after the last pricing conversation.
N-03439,ACC-1092,2025-09-22,Owen Trask,"Mei Lindqvist confirmed she is taking a role elsewhere. Asked her who to talk to, she was vague."
N-03440,ACC-1092,2025-10-14,Owen Trask,Interest in the alerting rules for a team that is not on the contract yet.
N-03441,ACC-1092,2025-11-08,Owen Trask,Third reschedule on the QBR. No new date proposed.
N-03442,ACC-1092,2025-11-24,Owen Trask,Meeting attendance has dropped to one junior person.
N-03443,ACC-1092,2025-12-12,Owen Trask,"Their new director does not know who we are. Sent an intro note, no reply yet."
N-03444,ACC-1092,2025-12-28,Owen Trask,"Their new director does not know who we are. Sent an intro note, no reply yet."
N-03445,ACC-1093,2026-02-22,Brittney Cole,Escalation closed out. They appreciated the follow-through.
N-03446,ACC-1093,2026-03-06,Brittney Cole,Fix shipped. They tested it and closed the ticket themselves.
N-03447,ACC-1093,2026-04-04,Brittney Cole,Walked their analysts through the reporting module. Good engagement.
N-03448,ACC-1093,2026-04-26,Brittney Cole,They asked what it would take to add 6 more seats.
N-03449,ACC-1093,2026-05-08,Brittney Cole,Walked their analysts through the Salesforce sync. Good engagement.
N-03450,ACC-1093,2026-05-31,Brittney Cole,Mentioned an RFP is going out before renewal.
N-03451,ACC-1093,2026-06-25,Brittney Cole,The the alerting rules issue is resolved. Confirmed with their admin.
N-03452,ACC-1093,2026-07-11,Brittney Cole,Escalation closed out. They appreciated the follow-through.
N-03453,ACC-1093,2026-07-31,Brittney Cole,Escalation closed out. They appreciated the follow-through.
N-03454,ACC-1093,2026-08-15,Brittney Cole,Walked their analysts through SSO. Good engagement.
N-03455,ACC-1094,2025-03-29,Brittney Cole,Their CIO joined the call and reiterated this is a strategic system for them.
N-03456,ACC-1094,2025-04-10,Brittney Cole,They skipped the business review entirely this cycle.
N-03457,ACC-1094,2025-04-22,Brittney Cole,Escalation closed out. They appreciated the follow-through.
N-03458,ACC-1094,2025-05-09,Brittney Cole,Junko Ramirez stopped replying after the last pricing conversation.
N-03459,ACC-1094,2025-05-24,Brittney Cole,"Short call. Reviewed open items, nothing escalated."
N-03460,ACC-1094,2025-06-13,Brittney Cole,Brief call with the admin. No issues raised.
N-03461,ACC-1094,2025-07-01,Brittney Cole,Monthly check-in. Nothing new to report.
N-03462,ACC-1094,2025-07-22,Brittney Cole,Asked about the higher tier. Sending over details.
N-03463,ACC-1094,2025-08-15,Brittney Cole,Standing check-in held. Team is steady.
N-03464,ACC-1094,2025-09-11,Brittney Cole,Migration off their legacy system stalled. We are stuck waiting.
N-03465,ACC-1094,2025-10-06,Brittney Cole,Sent over the enablement material they asked for.
N-03466,ACC-1094,2025-10-22,Brittney Cole,Their second division reached out directly about getting access.
N-03467,ACC-1094,2025-11-14,Brittney Cole,Sent over the enablement material they asked for.
N-03468,ACC-1094,2025-12-01,Brittney Cole,Escalation closed out. They appreciated the follow-through.
N-03469,ACC-1094,2025-12-22,Brittney Cole,"Office hours session. 13 attendees, mostly questions about reporting."
N-03470,ACC-1094,2026-01-09,Brittney Cole,No response in six weeks. Tried email and LinkedIn.
N-03471,ACC-1094,2026-01-24,Brittney Cole,The SSO issue is resolved. Confirmed with their admin.
N-03472,ACC-1094,2026-02-21,Brittney Cole,Configuration drifted and nobody on their side owns it now.
N-03473,ACC-1094,2026-03-13,Brittney Cole,Talked through a multi-year option. They want pricing.
N-03474,ACC-1094,2026-04-06,Brittney Cole,Quick sync with Junko Ramirez. Business as usual.
N-03475,ACC-1094,2026-04-25,Brittney Cole,Configuration drifted and nobody on their side owns it now.
N-03476,ACC-1094,2026-05-14,Brittney Cole,The data retention issue is resolved. Confirmed with their admin.
N-03477,ACC-1094,2026-05-30,Brittney Cole,Their CIO joined the call and reiterated this is a strategic system for them.
N-03478,ACC-1094,2026-06-23,Brittney Cole,The dashboards issue is resolved. Confirmed with their admin.
N-03479,ACC-1094,2026-07-17,Brittney Cole,Their CIO joined the call and reiterated this is a strategic system for them.
N-03480,ACC-1094,2026-08-03,Brittney Cole,Sent the usage summary. No acknowledgement.
N-03481,ACC-1094,2026-08-21,Brittney Cole,They skipped the business review entirely this cycle.
N-03482,ACC-1094,2026-09-12,Brittney Cole,Root cause shared with them. They were satisfied with the explanation.
N-03483,ACC-1095,2023-02-07,Leila Haddad,Ran a refresher session on the API for 3 of their people.
N-03484,ACC-1095,2023-02-27,Leila Haddad,Reviewed the year. They are happy with where adoption landed.
N-03485,ACC-1095,2023-03-14,Leila Haddad,Monthly check-in. Nothing new to report.
N-03486,ACC-1095,2023-04-01,Leila Haddad,Escalation closed out. They appreciated the follow-through.
N-03487,ACC-1095,2023-04-26,Leila Haddad,"Their CFO asked for a cost per user breakdown. Sent it, waiting."
N-03488,ACC-1095,2023-05-22,Leila Haddad,They asked what it would take to add 6 more seats.
N-03489,ACC-1095,2023-06-16,Leila Haddad,They flagged that procurement now requires justification for anything over the threshold.
N-03490,ACC-1095,2023-07-16,Leila Haddad,"Short call. Reviewed open items, nothing escalated."
N-03491,ACC-1095,2023-08-03,Leila Haddad,The the Salesforce sync issue is resolved. Confirmed with their admin.
N-03492,ACC-1095,2023-08-21,Leila Haddad,"Short call. Reviewed open items, nothing escalated."
N-03493,ACC-1095,2023-09-05,Leila Haddad,We got the integration working. Their team is back to normal.
N-03494,ACC-1095,2023-09-18,Leila Haddad,Root cause shared with them. They were satisfied with the explanation.
N-03495,ACC-1095,2023-10-05,Leila Haddad,Good session. Their exec attended and was engaged.
N-03496,ACC-1095,2023-10-27,Leila Haddad,Sent over the enablement material they asked for.
N-03497,ACC-1095,2023-11-16,Leila Haddad,Fix shipped. They tested it and closed the ticket themselves.
N-03498,ACC-1095,2023-12-08,Leila Haddad,They flagged that procurement now requires justification for anything over the threshold.
N-03499,ACC-1095,2023-12-22,Leila Haddad,Reviewed the year. They are happy with where adoption landed.
N-03500,ACC-1095,2024-01-08,Leila Haddad,Monthly check-in. Nothing new to report.
N-03501,ACC-1095,2024-01-28,Leila Haddad,Fix shipped. They tested it and closed the ticket themselves.
N-03502,ACC-1095,2024-02-12,Leila Haddad,The the reporting module issue is resolved. Confirmed with their admin.
N-03503,ACC-1095,2024-03-10,Leila Haddad,Escalation closed out. They appreciated the follow-through.
N-03504,ACC-1095,2024-03-31,Leila Haddad,Exec sponsor confirmed budget is protected for next year.
N-03505,ACC-1095,2024-04-13,Leila Haddad,Anya Ramirez was promoted and now owns a larger scope. Good for us.
N-03506,ACC-1095,2024-05-01,Leila Haddad,"Short call. Reviewed open items, nothing escalated."
N-03507,ACC-1095,2024-05-15,Leila Haddad,Root cause shared with them. They were satisfied with the explanation.
N-03508,ACC-1095,2024-06-10,Leila Haddad,They flagged that procurement now requires justification for anything over the threshold.
N-03509,ACC-1095,2024-07-01,Leila Haddad,Walked their analysts through SSO. Good engagement.
N-03510,ACC-1095,2024-07-18,Leila Haddad,Brief call with the admin. No issues raised.
N-03511,ACC-1095,2024-08-06,Leila Haddad,Company-wide cost reduction effort. We are on the list being evaluated.
N-03512,ACC-1095,2024-08-21,Leila Haddad,Escalation closed out. They appreciated the follow-through.
N-03513,ACC-1095,2024-09-11,Leila Haddad,Business review complete. Anya Ramirez called out time savings on their team.
N-03514,ACC-1095,2024-10-01,Leila Haddad,Finance is reviewing every software line item this cycle.
N-03515,ACC-1095,2024-10-24,Leila Haddad,Brief call with the admin. No issues raised.
N-03516,ACC-1095,2024-11-18,Leila Haddad,Root cause shared with them. They were satisfied with the explanation.
N-03517,ACC-1095,2024-12-15,Leila Haddad,Their CIO joined the call and reiterated this is a strategic system for them.
N-03518,ACC-1095,2025-01-06,Leila Haddad,Strong QBR. They want to talk about expanding to a second department.
N-03519,ACC-1095,2025-02-03,Leila Haddad,The the reporting module issue is resolved. Confirmed with their admin.
N-03520,ACC-1095,2025-02-21,Leila Haddad,Business review complete. Anya Ramirez called out time savings on their team.
N-03521,ACC-1095,2025-03-10,Leila Haddad,Company-wide cost reduction effort. We are on the list being evaluated.
N-03522,ACC-1095,2025-04-04,Leila Haddad,They included us in their annual planning conversation.
N-03523,ACC-1095,2025-04-28,Leila Haddad,They flagged that procurement now requires justification for anything over the threshold.
N-03524,ACC-1095,2025-05-16,Leila Haddad,Root cause shared with them. They were satisfied with the explanation.
N-03525,ACC-1095,2025-06-05,Leila Haddad,QBR went well. They presented our numbers to their leadership.
N-03526,ACC-1095,2025-06-22,Leila Haddad,We got the integration working. Their team is back to normal.
N-03527,ACC-1095,2025-07-13,Leila Haddad,Delivered onboarding for the new hires on their team.
N-03528,ACC-1095,2025-08-05,Leila Haddad,Company-wide cost reduction effort. We are on the list being evaluated.
N-03529,ACC-1095,2025-08-30,Leila Haddad,Business review complete. Anya Ramirez called out time savings on their team.
N-03530,ACC-1095,2025-09-28,Leila Haddad,Their procurement team has entered the conversation for the first time.
N-03531,ACC-1095,2025-10-24,Leila Haddad,Finance is reviewing every software line item this cycle.
N-03532,ACC-1095,2025-11-22,Leila Haddad,They included us in their annual planning conversation.
N-03533,ACC-1095,2025-12-04,Leila Haddad,Layoffs on their side. Seat count is going to come down at renewal.
N-03534,ACC-1095,2025-12-22,Leila Haddad,We got the integration working. Their team is back to normal.
N-03535,ACC-1095,2026-01-11,Leila Haddad,Anya Ramirez was promoted and now owns a larger scope. Good for us.
N-03536,ACC-1095,2026-02-10,Leila Haddad,Sent over the enablement material they asked for.
N-03537,ACC-1095,2026-03-03,Leila Haddad,Their second division reached out directly about getting access.
N-03538,ACC-1095,2026-04-02,Leila Haddad,They asked what it would take to add 9 more seats.
N-03539,ACC-1095,2026-04-14,Leila Haddad,Asked about the higher tier. Sending over details.
N-03540,ACC-1095,2026-05-10,Leila Haddad,Fix shipped. They tested it and closed the ticket themselves.
N-03541,ACC-1095,2026-06-01,Leila Haddad,Their second division reached out directly about getting access.
N-03542,ACC-1095,2026-06-23,Leila Haddad,Finance is reviewing every software line item this cycle.
N-03543,ACC-1095,2026-07-14,Leila Haddad,Fix shipped. They tested it and closed the ticket themselves.
N-03544,ACC-1095,2026-08-01,Leila Haddad,We got the integration working. Their team is back to normal.
N-03545,ACC-1095,2026-08-23,Leila Haddad,Escalation closed out. They appreciated the follow-through.
N-03546,ACC-1096,2023-05-17,Brittney Cole,Escalation closed out. They appreciated the follow-through.
N-03547,ACC-1096,2023-05-31,Brittney Cole,Ingrid Doyle was promoted and now owns a larger scope. Good for us.
N-03548,ACC-1096,2023-06-21,Brittney Cole,QBR went well. They presented our numbers to their leadership.
N-03549,ACC-1096,2023-07-18,Brittney Cole,We got the integration working. Their team is back to normal.
N-03550,ACC-1096,2023-08-01,Brittney Cole,Sent over the enablement material they asked for.
N-03551,ACC-1096,2023-08-26,Brittney Cole,We got the integration working. Their team is back to normal.
N-03552,ACC-1096,2023-09-18,Brittney Cole,Only 9 of their licensed seats logged in last month.
N-03553,ACC-1096,2023-10-17,Brittney Cole,Standing check-in held. Team is steady.
N-03554,ACC-1096,2023-11-07,Brittney Cole,Business review complete. Ingrid Doyle called out time savings on their team.
N-03555,ACC-1096,2023-12-05,Brittney Cole,"Office hours session. 4 attendees, mostly questions about reporting."
N-03556,ACC-1096,2023-12-18,Brittney Cole,Walked their analysts through dashboards. Good engagement.
N-03557,ACC-1096,2024-01-07,Brittney Cole,Interest in the API for a team that is not on the contract yet.
N-03558,ACC-1096,2024-01-21,Brittney Cole,Fix shipped. They tested it and closed the ticket themselves.
N-03559,ACC-1096,2024-02-15,Brittney Cole,Their team never completed rollout to the second region. 9 users total.
N-03560,ACC-1096,2024-03-07,Brittney Cole,Asked about downgrade options unprompted.
N-03561,ACC-1096,2024-04-01,Brittney Cole,Their second division reached out directly about getting access.
N-03562,ACC-1096,2024-04-30,Brittney Cole,Talked through a multi-year option. They want pricing.
N-03563,ACC-1096,2024-05-20,Brittney Cole,Good session. Their exec attended and was engaged.
N-03564,ACC-1096,2024-06-12,Brittney Cole,Talked through a multi-year option. They want pricing.
N-03565,ACC-1096,2024-07-06,Brittney Cole,QBR went well. They presented our numbers to their leadership.
N-03566,ACC-1096,2024-08-02,Brittney Cole,Good session. Their exec attended and was engaged.
N-03567,ACC-1096,2024-08-23,Brittney Cole,Asked about downgrade options unprompted.
N-03568,ACC-1096,2024-09-22,Brittney Cole,Only 14 of their licensed seats logged in last month.
N-03569,ACC-1096,2024-10-17,Brittney Cole,Ingrid Doyle was promoted and now owns a larger scope. Good for us.
N-03570,ACC-1096,2024-11-06,Brittney Cole,Reviewed the year. They are happy with where adoption landed.
N-03571,ACC-1096,2024-11-23,Brittney Cole,"Office hours session. 12 attendees, mostly questions about reporting."
N-03572,ACC-1096,2024-12-05,Brittney Cole,We got the integration working. Their team is back to normal.
N-03573,ACC-1096,2024-12-19,Brittney Cole,Admin told me most of the team still does this work in spreadsheets.
N-03574,ACC-1096,2025-01-02,Brittney Cole,New leadership reviewed the stack and kept us. Told me directly.
N-03575,ACC-1096,2025-01-16,Brittney Cole,Good session. Their exec attended and was engaged.
N-03576,ACC-1096,2025-02-05,Brittney Cole,Escalation closed out. They appreciated the follow-through.
N-03577,ACC-1096,2025-02-19,Brittney Cole,Asked about the higher tier. Sending over details.
N-03578,ACC-1096,2025-03-17,Brittney Cole,We got the integration working. Their team is back to normal.
N-03579,ACC-1096,2025-04-09,Brittney Cole,Good session. Their exec attended and was engaged.
N-03580,ACC-1096,2025-04-23,Brittney Cole,"Ran the numbers before the call. 13 active users, down from last quarter."
N-03581,ACC-1096,2025-05-10,Brittney Cole,We got the integration working. Their team is back to normal.
N-03582,ACC-1096,2025-05-30,Brittney Cole,New leadership reviewed the stack and kept us. Told me directly.
N-03583,ACC-1096,2025-06-13,Brittney Cole,They flagged that procurement now requires justification for anything over the threshold.
N-03584,ACC-1096,2025-07-07,Brittney Cole,Reviewed the year. They are happy with where adoption landed.
N-03585,ACC-1096,2025-08-06,Brittney Cole,Root cause shared with them. They were satisfied with the explanation.
N-03586,ACC-1096,2025-09-01,Brittney Cole,"Their CFO asked for a cost per user breakdown. Sent it, waiting."
N-03587,ACC-1096,2025-09-21,Brittney Cole,They bought for the whole department but adoption never left the pilot team.
N-03588,ACC-1096,2025-10-10,Brittney Cole,Exec sponsor confirmed budget is protected for next year.
N-03589,ACC-1096,2025-11-06,Brittney Cole,Fix shipped. They tested it and closed the ticket themselves.
N-03590,ACC-1096,2025-11-24,Brittney Cole,Their procurement team has entered the conversation for the first time.
N-03591,ACC-1096,2025-12-19,Brittney Cole,Touched base. They are heads down on their own roadmap right now.
N-03592,ACC-1096,2026-01-17,Brittney Cole,The the alerting rules issue is resolved. Confirmed with their admin.
N-03593,ACC-1096,2026-02-08,Brittney Cole,Their CIO joined the call and reiterated this is a strategic system for them.
N-03594,ACC-1096,2026-03-09,Brittney Cole,Their CIO joined the call and reiterated this is a strategic system for them.
N-03595,ACC-1096,2026-03-26,Brittney Cole,Usage is flat. 10 weekly active users against a much larger contract.
N-03596,ACC-1096,2026-04-25,Brittney Cole,Only 3 of their licensed seats logged in last month.
N-03597,ACC-1096,2026-05-15,Brittney Cole,Fix shipped. They tested it and closed the ticket themselves.
N-03598,ACC-1096,2026-05-30,Brittney Cole,Exec sponsor confirmed budget is protected for next year.
N-03599,ACC-1096,2026-06-14,Brittney Cole,"Their CFO asked for a cost per user breakdown. Sent it, waiting."
N-03600,ACC-1096,2026-06-28,Brittney Cole,They asked what it would take to add 3 more seats.
N-03601,ACC-1096,2026-07-20,Brittney Cole,Ran a refresher session on the mobile app for 5 of their people.
N-03602,ACC-1096,2026-08-02,Brittney Cole,They asked whether we can do a shorter term or a smaller seat count.
N-03603,ACC-1096,2026-08-31,Brittney Cole,Only 11 of their licensed seats logged in last month.
N-03604,ACC-1097,2024-08-13,Nuala Byrne,We got the integration working. Their team is back to normal.
N-03605,ACC-1097,2024-09-03,Nuala Byrne,They do not have the internal engineering capacity to finish the integration.
N-03606,ACC-1097,2024-09-23,Nuala Byrne,"Short call. Reviewed open items, nothing escalated."
N-03607,ACC-1097,2024-10-08,Nuala Byrne,Meeting attendance has dropped to one junior person.
N-03608,ACC-1097,2024-10-20,Nuala Byrne,Configuration drifted and nobody on their side owns it now.
N-03609,ACC-1097,2024-11-09,Nuala Byrne,Data quality issues on their side keep surfacing as complaints about us.
N-03610,ACC-1097,2024-12-04,Nuala Byrne,Delivered onboarding for the new hires on their team.
N-03611,ACC-1097,2024-12-28,Nuala Byrne,The workaround we gave them for SSO stopped working.
N-03612,ACC-1097,2025-01-25,Nuala Byrne,Reviewed the year. They are happy with where adoption landed.
N-03613,ACC-1097,2025-02-17,Nuala Byrne,Walked their analysts through SSO. Good engagement.
N-03614,ACC-1097,2025-03-05,Nuala Byrne,They asked what it would take to add 4 more seats.
N-03615,ACC-1097,2025-03-17,Nuala Byrne,Migration off their legacy system stalled. We are stuck waiting.
N-03616,ACC-1097,2025-04-13,Nuala Byrne,Business review complete. Rosa Stroud called out time savings on their team.
N-03617,ACC-1097,2025-05-06,Nuala Byrne,Third follow-up from them on the same defect. Getting hard to defend.
N-03618,ACC-1097,2025-06-03,Nuala Byrne,The the alerting rules issue is resolved. Confirmed with their admin.
N-03619,ACC-1097,2025-06-15,Nuala Byrne,Touched base. They are heads down on their own roadmap right now.
N-03620,ACC-1097,2025-07-02,Nuala Byrne,Talked through a multi-year option. They want pricing.
N-03621,ACC-1097,2025-07-28,Nuala Byrne,Asked about the higher tier. Sending over details.
N-03622,ACC-1097,2025-08-27,Nuala Byrne,Four unanswered emails. Going to try their admin.
N-03623,ACC-1097,2025-09-16,Nuala Byrne,"Short call. Reviewed open items, nothing escalated."
N-03624,ACC-1097,2025-10-02,Nuala Byrne,Exec sponsor confirmed budget is protected for next year.
N-03625,ACC-1097,2025-10-27,Nuala Byrne,New leadership reviewed the stack and kept us. Told me directly.
N-03626,ACC-1097,2025-11-20,Nuala Byrne,"Short call. Reviewed open items, nothing escalated."
N-03627,ACC-1097,2025-12-02,Nuala Byrne,Brief call with the admin. No issues raised.
N-03628,ACC-1097,2025-12-14,Nuala Byrne,Asked about the higher tier. Sending over details.
N-03629,ACC-1097,2026-01-13,Nuala Byrne,Sent over the enablement material they asked for.
N-03630,ACC-1097,2026-01-28,Nuala Byrne,Escalation closed out. They appreciated the follow-through.
N-03631,ACC-1097,2026-02-14,Nuala Byrne,They included us in their annual planning conversation.
N-03632,ACC-1097,2026-03-01,Nuala Byrne,Their CIO joined the call and reiterated this is a strategic system for them.
N-03633,ACC-1097,2026-03-27,Nuala Byrne,Went quiet after the escalation. Not sure who owns us there now.
N-03634,ACC-1097,2026-04-21,Nuala Byrne,Their the bulk import integration broke again during their data load.
N-03635,ACC-1097,2026-05-15,Nuala Byrne,Their IT team is blocking the SSO change we need for rollout.
N-03636,ACC-1097,2026-06-09,Nuala Byrne,Reviewed the year. They are happy with where adoption landed.
N-03637,ACC-1098,2023-02-11,Owen Trask,Monthly check-in. Nothing new to report.
N-03638,ACC-1098,2023-03-06,Owen Trask,Asked about the higher tier. Sending over details.
N-03639,ACC-1098,2023-03-27,Owen Trask,Their second division reached out directly about getting access.
N-03640,ACC-1098,2023-04-08,Owen Trask,Talked through a multi-year option. They want pricing.
N-03641,ACC-1098,2023-05-05,Owen Trask,Escalation closed out. They appreciated the follow-through.
N-03642,ACC-1098,2023-05-27,Owen Trask,Heard secondhand that Nimbus Track gave them aggressive pricing.
N-03643,ACC-1098,2023-06-18,Owen Trask,Escalation closed out. They appreciated the follow-through.
N-03644,ACC-1098,2023-07-15,Owen Trask,We got the integration working. Their team is back to normal.
N-03645,ACC-1098,2023-07-29,Owen Trask,Good session. Their exec attended and was engaged.
N-03646,ACC-1098,2023-08-24,Owen Trask,Brief call with the admin. No issues raised.
N-03647,ACC-1098,2023-09-20,Owen Trask,Business review complete. Yusuf Petrov called out time savings on their team.
N-03648,ACC-1098,2023-10-13,Owen Trask,Touched base. They are heads down on their own roadmap right now.
N-03649,ACC-1098,2023-11-06,Owen Trask,Exec sponsor confirmed budget is protected for next year.
N-03650,ACC-1098,2023-11-19,Owen Trask,Walked their analysts through the reporting module. Good engagement.
N-03651,ACC-1098,2023-12-13,Owen Trask,Monthly check-in. Nothing new to report.
N-03652,ACC-1098,2023-12-29,Owen Trask,They bought for the whole department but adoption never left the pilot team.
N-03653,ACC-1098,2024-01-27,Owen Trask,Walked their analysts through the Salesforce sync. Good engagement.
N-03654,ACC-1098,2024-02-21,Owen Trask,New leadership reviewed the stack and kept us. Told me directly.
N-03655,ACC-1098,2024-03-05,Owen Trask,Root cause shared with them. They were satisfied with the explanation.
N-03656,ACC-1098,2024-03-23,Owen Trask,Good session. Their exec attended and was engaged.
N-03657,ACC-1098,2024-04-11,Owen Trask,Walked their analysts through role permissions. Good engagement.
N-03658,ACC-1098,2024-05-08,Owen Trask,"Seat utilization is under a third. Raised it, they acknowledged and moved on."
N-03659,ACC-1098,2024-05-20,Owen Trask,Yusuf Petrov was promoted and now owns a larger scope. Good for us.
N-03660,ACC-1098,2024-06-14,Owen Trask,Reviewed the year. They are happy with where adoption landed.
N-03661,ACC-1098,2024-06-27,Owen Trask,Fix shipped. They tested it and closed the ticket themselves.
N-03662,ACC-1098,2024-07-27,Owen Trask,Mentioned an RFP is going out before renewal.
N-03663,ACC-1098,2024-08-12,Owen Trask,QBR went well. They presented our numbers to their leadership.
N-03664,ACC-1098,2024-09-03,Owen Trask,Fix shipped. They tested it and closed the ticket themselves.
N-03665,ACC-1098,2024-09-30,Owen Trask,Good session. Their exec attended and was engaged.
N-03666,ACC-1098,2024-10-24,Owen Trask,Business review complete. Yusuf Petrov called out time savings on their team.
N-03667,ACC-1098,2024-11-21,Owen Trask,We got the integration working. Their team is back to normal.
N-03668,ACC-1098,2024-12-03,Owen Trask,QBR went well. They presented our numbers to their leadership.
N-03669,ACC-1098,2024-12-17,Owen Trask,Strong QBR. They want to talk about expanding to a second department.
N-03670,ACC-1098,2025-01-06,Owen Trask,Good session. Their exec attended and was engaged.
N-03671,ACC-1098,2025-01-21,Owen Trask,Good session. Their exec attended and was engaged.
N-03672,ACC-1098,2025-02-09,Owen Trask,Escalation closed out. They appreciated the follow-through.
N-03673,ACC-1098,2025-03-07,Owen Trask,Talked through a multi-year option. They want pricing.
N-03674,ACC-1098,2025-03-30,Owen Trask,Root cause shared with them. They were satisfied with the explanation.
N-03675,ACC-1098,2025-04-20,Owen Trask,Asked about the higher tier. Sending over details.
N-03676,ACC-1098,2025-05-12,Owen Trask,Yusuf Petrov was promoted and now owns a larger scope. Good for us.
N-03677,ACC-1098,2025-06-01,Owen Trask,"Short call. Reviewed open items, nothing escalated."
N-03678,ACC-1098,2025-06-16,Owen Trask,Good session. Their exec attended and was engaged.
N-03679,ACC-1098,2025-06-29,Owen Trask,Monthly check-in. Nothing new to report.
N-03680,ACC-1098,2025-07-25,Owen Trask,Good session. Their exec attended and was engaged.
N-03681,ACC-1098,2025-08-08,Owen Trask,Escalation closed out. They appreciated the follow-through.
N-03682,ACC-1098,2025-08-31,Owen Trask,Asked about the higher tier. Sending over details.
N-03683,ACC-1098,2025-09-15,Owen Trask,Reviewed the year. They are happy with where adoption landed.
N-03684,ACC-1098,2025-10-14,Owen Trask,Their team never completed rollout to the second region. 12 users total.
N-03685,ACC-1098,2025-11-05,Owen Trask,Mentioned an RFP is going out before renewal.
N-03686,ACC-1098,2025-12-04,Owen Trask,Their team never completed rollout to the second region. 7 users total.
N-03687,ACC-1098,2026-01-01,Owen Trask,They want us to match a workflow that our product does not support.
N-03688,ACC-1099,2024-07-03,Owen Trask,Delivered onboarding for the new hires on their team.
N-03689,ACC-1099,2024-07-24,Owen Trask,Support ticket has been open since before the last QBR. No engineering ETA.
N-03690,ACC-1099,2024-08-08,Owen Trask,Went quiet after the escalation. Not sure who owns us there now.
N-03691,ACC-1099,2024-08-23,Owen Trask,They included us in their annual planning conversation.
N-03692,ACC-1099,2024-09-10,Owen Trask,We got the integration working. Their team is back to normal.
N-03693,ACC-1099,2024-09-22,Owen Trask,No response in six weeks. Tried email and LinkedIn.
N-03694,ACC-1099,2024-10-15,Owen Trask,The the Salesforce sync issue is resolved. Confirmed with their admin.
N-03695,ACC-1099,2024-10-28,Owen Trask,Escalation closed out. They appreciated the follow-through.
N-03696,ACC-1099,2024-11-22,Owen Trask,Root cause shared with them. They were satisfied with the explanation.
N-03697,ACC-1099,2024-12-07,Owen Trask,Brief call with the admin. No issues raised.
N-03698,ACC-1099,2024-12-26,Owen Trask,Exec sponsor confirmed budget is protected for next year.
N-03699,ACC-1099,2025-01-14,Owen Trask,We got the integration working. Their team is back to normal.
N-03700,ACC-1099,2025-02-06,Owen Trask,"Short call. Reviewed open items, nothing escalated."
N-03701,ACC-1099,2025-02-22,Owen Trask,The the bulk import issue is resolved. Confirmed with their admin.
N-03702,ACC-1099,2025-03-17,Owen Trask,Their CIO joined the call and reiterated this is a strategic system for them.
N-03703,ACC-1099,2025-03-30,Owen Trask,Business review complete. Dana Stroud called out time savings on their team.
N-03704,ACC-1099,2025-04-18,Owen Trask,Walked their analysts through data retention. Good engagement.
N-03705,ACC-1099,2025-05-14,Owen Trask,Escalation closed out. They appreciated the follow-through.
N-03706,ACC-1099,2025-05-26,Owen Trask,Fix shipped. They tested it and closed the ticket themselves.
N-03707,ACC-1099,2025-06-24,Owen Trask,Standing check-in held. Team is steady.
N-03708,ACC-1099,2025-07-19,Owen Trask,Went quiet after the escalation. Not sure who owns us there now.
N-03709,ACC-1099,2025-08-16,Owen Trask,Asked about the higher tier. Sending over details.
N-03710,ACC-1099,2025-09-01,Owen Trask,Ran a refresher session on SSO for 7 of their people.
N-03711,ACC-1099,2025-09-18,Owen Trask,The the alerting rules issue is resolved. Confirmed with their admin.
N-03712,ACC-1099,2025-10-04,Owen Trask,Reviewed the year. They are happy with where adoption landed.
N-03713,ACC-1099,2025-10-24,Owen Trask,Delivered onboarding for the new hires on their team.
N-03714,ACC-1099,2025-11-14,Owen Trask,The the API issue is resolved. Confirmed with their admin.
N-03715,ACC-1099,2025-12-08,Owen Trask,The SSO issue is resolved. Confirmed with their admin.
N-03716,ACC-1099,2025-12-26,Owen Trask,Their CIO joined the call and reiterated this is a strategic system for them.
N-03717,ACC-1099,2026-01-20,Owen Trask,They included us in their annual planning conversation.
N-03718,ACC-1099,2026-02-13,Owen Trask,The the alerting rules issue is resolved. Confirmed with their admin.
N-03719,ACC-1099,2026-03-03,Owen Trask,Third reschedule on the QBR. No new date proposed.
N-03720,ACC-1099,2026-03-29,Owen Trask,Dana Stroud asked me directly whether this is ever going to be fixed.
N-03721,ACC-1099,2026-04-26,Owen Trask,Reviewed the year. They are happy with where adoption landed.
N-03722,ACC-1099,2026-05-26,Owen Trask,They skipped the business review entirely this cycle.
N-03723,ACC-1099,2026-06-14,Owen Trask,Root cause shared with them. They were satisfied with the explanation.
N-03724,ACC-1099,2026-07-09,Owen Trask,Brief call with the admin. No issues raised.
N-03725,ACC-1099,2026-08-05,Owen Trask,Four unanswered emails. Going to try their admin.
N-03726,ACC-1099,2026-08-26,Owen Trask,Went quiet after the escalation. Not sure who owns us there now.
N-03727,ACC-1099,2026-09-12,Owen Trask,Reviewed the year. They are happy with where adoption landed.
N-03728,ACC-1100,2023-10-06,Brittney Cole,Business review complete. Simone Stroud called out time savings on their team.
N-03729,ACC-1100,2023-10-26,Brittney Cole,Their CIO joined the call and reiterated this is a strategic system for them.
N-03730,ACC-1100,2023-11-16,Brittney Cole,The the reporting module issue is resolved. Confirmed with their admin.
N-03731,ACC-1100,2023-12-15,Brittney Cole,Good session. Their exec attended and was engaged.
N-03732,ACC-1100,2024-01-13,Brittney Cole,Their second division reached out directly about getting access.
N-03733,ACC-1100,2024-01-30,Brittney Cole,Business review complete. Simone Stroud called out time savings on their team.
N-03734,ACC-1100,2024-02-23,Brittney Cole,Business review complete. Simone Stroud called out time savings on their team.
N-03735,ACC-1100,2024-03-11,Brittney Cole,Their CIO joined the call and reiterated this is a strategic system for them.
N-03736,ACC-1100,2024-03-31,Brittney Cole,Sent over the enablement material they asked for.
N-03737,ACC-1100,2024-04-23,Brittney Cole,They included us in their annual planning conversation.
N-03738,ACC-1100,2024-05-07,Brittney Cole,Reviewed the year. They are happy with where adoption landed.
N-03739,ACC-1100,2024-06-03,Brittney Cole,Reviewed the year. They are happy with where adoption landed.
N-03740,ACC-1100,2024-06-15,Brittney Cole,The the reporting module issue is resolved. Confirmed with their admin.
N-03741,ACC-1100,2024-06-29,Brittney Cole,Simone Stroud was promoted and now owns a larger scope. Good for us.
N-03742,ACC-1100,2024-07-21,Brittney Cole,Root cause shared with them. They were satisfied with the explanation.
N-03743,ACC-1100,2024-08-02,Brittney Cole,Good session. Their exec attended and was engaged.
N-03744,ACC-1100,2024-08-29,Brittney Cole,They asked what it would take to add 7 more seats.
N-03745,ACC-1100,2024-09-23,Brittney Cole,Standing check-in held. Team is steady.
N-03746,ACC-1100,2024-10-13,Brittney Cole,We got the integration working. Their team is back to normal.
N-03747,ACC-1100,2024-11-06,Brittney Cole,Sent over the enablement material they asked for.
N-03748,ACC-1100,2024-12-02,Brittney Cole,QBR went well. They presented our numbers to their leadership.
N-03749,ACC-1100,2024-12-28,Brittney Cole,They asked what it would take to add 6 more seats.
N-03750,ACC-1100,2025-01-16,Brittney Cole,Root cause shared with them. They were satisfied with the explanation.
N-03751,ACC-1100,2025-02-12,Brittney Cole,Quick sync with Simone Stroud. Business as usual.
N-03752,ACC-1100,2025-03-14,Brittney Cole,We got the integration working. Their team is back to normal.
N-03753,ACC-1100,2025-04-05,Brittney Cole,Touched base. They are heads down on their own roadmap right now.
N-03754,ACC-1100,2025-05-05,Brittney Cole,Interest in the alerting rules for a team that is not on the contract yet.
N-03755,ACC-1100,2025-05-28,Brittney Cole,Strong QBR. They want to talk about expanding to a second department.
N-03756,ACC-1100,2025-06-23,Brittney Cole,They included us in their annual planning conversation.
N-03757,ACC-1100,2025-07-08,Brittney Cole,"Short call. Reviewed open items, nothing escalated."
N-03758,ACC-1100,2025-08-03,Brittney Cole,Escalation closed out. They appreciated the follow-through.
N-03759,ACC-1100,2025-08-19,Brittney Cole,Interest in role permissions for a team that is not on the contract yet.
N-03760,ACC-1100,2025-09-18,Brittney Cole,They included us in their annual planning conversation.
N-03761,ACC-1100,2025-10-06,Brittney Cole,New leadership reviewed the stack and kept us. Told me directly.
N-03762,ACC-1100,2025-10-29,Brittney Cole,"Short call. Reviewed open items, nothing escalated."
N-03763,ACC-1100,2025-11-15,Brittney Cole,We got the integration working. Their team is back to normal.
N-03764,ACC-1100,2025-12-01,Brittney Cole,Exec sponsor confirmed budget is protected for next year.
N-03765,ACC-1100,2025-12-27,Brittney Cole,Their second division reached out directly about getting access.
N-03766,ACC-1100,2026-01-14,Brittney Cole,Interest in the bulk import for a team that is not on the contract yet.
N-03767,ACC-1100,2026-02-09,Brittney Cole,We got the integration working. Their team is back to normal.
N-03768,ACC-1100,2026-03-07,Brittney Cole,QBR went well. They presented our numbers to their leadership.
N-03769,ACC-1100,2026-04-01,Brittney Cole,The the alerting rules issue is resolved. Confirmed with their admin.
N-03770,ACC-1100,2026-04-18,Brittney Cole,Delivered onboarding for the new hires on their team.
N-03771,ACC-1100,2026-05-04,Brittney Cole,Simone Stroud was promoted and now owns a larger scope. Good for us.
N-03772,ACC-1100,2026-05-16,Brittney Cole,The data retention issue is resolved. Confirmed with their admin.
N-03773,ACC-1100,2026-06-04,Brittney Cole,"Short call. Reviewed open items, nothing escalated."
N-03774,ACC-1100,2026-06-26,Brittney Cole,Talked through a multi-year option. They want pricing.
N-03775,ACC-1100,2026-07-10,Brittney Cole,Business review complete. Simone Stroud called out time savings on their team.
N-03776,ACC-1100,2026-08-03,Brittney Cole,Strong QBR. They want to talk about expanding to a second department.
N-03777,ACC-1100,2026-08-30,Brittney Cole,Business review complete. Simone Stroud called out time savings on their team.
N-03778,ACC-1101,2025-08-05,Brittney Cole,Sent over the enablement material they asked for.
N-03779,ACC-1101,2025-08-31,Brittney Cole,Walked their analysts through the reporting module. Good engagement.
N-03780,ACC-1101,2025-09-29,Brittney Cole,New leadership reviewed the stack and kept us. Told me directly.
N-03781,ACC-1101,2025-10-11,Brittney Cole,Root cause shared with them. They were satisfied with the explanation.
N-03782,ACC-1101,2025-10-30,Brittney Cole,Monthly check-in. Nothing new to report.
N-03783,ACC-1101,2025-11-24,Brittney Cole,Carmen Chen was promoted and now owns a larger scope. Good for us.
N-03784,ACC-1101,2025-12-21,Brittney Cole,"Ran the numbers before the call. 14 active users, down from last quarter."
N-03785,ACC-1101,2026-01-07,Brittney Cole,Interest in the Salesforce sync for a team that is not on the contract yet.
N-03786,ACC-1101,2026-02-06,Brittney Cole,They asked what it would take to add 14 more seats.
N-03787,ACC-1101,2026-02-23,Brittney Cole,They asked what it would take to add 3 more seats.
N-03788,ACC-1101,2026-03-08,Brittney Cole,Admin told me most of the team still does this work in spreadsheets.
N-03789,ACC-1101,2026-03-20,Brittney Cole,Still waiting on the fix for the Salesforce sync. This has been open for weeks.
N-03790,ACC-1101,2026-04-10,Brittney Cole,Talked through a multi-year option. They want pricing.
N-03791,ACC-1101,2026-04-24,Brittney Cole,Nobody outside the original two users has touched SSO since onboarding.
N-03792,ACC-1101,2026-05-16,Brittney Cole,The SSO issue is resolved. Confirmed with their admin.
N-03793,ACC-1101,2026-06-15,Brittney Cole,Quick sync with Carmen Chen. Business as usual.
N-03794,ACC-1101,2026-07-14,Brittney Cole,Root cause shared with them. They were satisfied with the explanation.
N-03795,ACC-1101,2026-08-13,Brittney Cole,Interest in the alerting rules for a team that is not on the contract yet.
N-03796,ACC-1101,2026-09-06,Brittney Cole,They asked what it would take to add 7 more seats.
N-03797,ACC-1102,2022-12-20,Caick Moreira,Root cause shared with them. They were satisfied with the explanation.
N-03798,ACC-1102,2023-01-04,Caick Moreira,Touched base. They are heads down on their own roadmap right now.
N-03799,ACC-1102,2023-01-29,Caick Moreira,Interest in data retention for a team that is not on the contract yet.
N-03800,ACC-1102,2023-02-21,Caick Moreira,Only 4 of their licensed seats logged in last month.
N-03801,ACC-1102,2023-03-22,Caick Moreira,Delivered onboarding for the new hires on their team.
N-03802,ACC-1102,2023-04-03,Caick Moreira,"Office hours session. 4 attendees, mostly questions about reporting."
N-03803,ACC-1102,2023-05-03,Caick Moreira,Escalation closed out. They appreciated the follow-through.
N-03804,ACC-1102,2023-05-28,Caick Moreira,We got the integration working. Their team is back to normal.
N-03805,ACC-1102,2023-06-14,Caick Moreira,Talked through a multi-year option. They want pricing.
N-03806,ACC-1102,2023-06-29,Caick Moreira,Walked their analysts through the bulk import. Good engagement.
N-03807,ACC-1102,2023-07-24,Caick Moreira,"Seat utilization is under a third. Raised it, they acknowledged and moved on."
N-03808,ACC-1102,2023-08-12,Caick Moreira,Root cause shared with them. They were satisfied with the explanation.
N-03809,ACC-1102,2023-09-06,Caick Moreira,Walked their analysts through the bulk import. Good engagement.
N-03810,ACC-1102,2023-09-27,Caick Moreira,Their IT team is blocking the SSO change we need for rollout.
N-03811,ACC-1102,2023-10-14,Caick Moreira,Reviewed the year. They are happy with where adoption landed.
N-03812,ACC-1102,2023-11-04,Caick Moreira,Third reschedule on the QBR. No new date proposed.
N-03813,ACC-1102,2023-11-17,Caick Moreira,Root cause shared with them. They were satisfied with the explanation.
N-03814,ACC-1102,2023-12-08,Caick Moreira,Brief call with the admin. No issues raised.
N-03815,ACC-1102,2023-12-29,Caick Moreira,Nobody outside the original two users has touched the Salesforce sync since onboarding.
N-03816,ACC-1102,2024-01-25,Caick Moreira,"Office hours session. 4 attendees, mostly questions about reporting."
N-03817,ACC-1102,2024-02-17,Caick Moreira,Only 14 of their licensed seats logged in last month.
N-03818,ACC-1102,2024-03-07,Caick Moreira,Admin told me most of the team still does this work in spreadsheets.
N-03819,ACC-1102,2024-03-29,Caick Moreira,Usage is flat. 4 weekly active users against a much larger contract.
N-03820,ACC-1102,2024-04-15,Caick Moreira,Reviewed the year. They are happy with where adoption landed.
N-03821,ACC-1102,2024-04-27,Caick Moreira,They included us in their annual planning conversation.
N-03822,ACC-1102,2024-05-16,Caick Moreira,the Salesforce sync is slow at their data volume and they have said so repeatedly.
N-03823,ACC-1102,2024-06-06,Caick Moreira,Four unanswered emails. Going to try their admin.
N-03824,ACC-1102,2024-07-01,Caick Moreira,Their second division reached out directly about getting access.
N-03825,ACC-1102,2024-07-13,Caick Moreira,Fix shipped. They tested it and closed the ticket themselves.
N-03826,ACC-1102,2024-08-01,Caick Moreira,Fix shipped. They tested it and closed the ticket themselves.
N-03827,ACC-1102,2024-08-13,Caick Moreira,The dashboards issue is resolved. Confirmed with their admin.
N-03828,ACC-1102,2024-09-07,Caick Moreira,Sent the usage summary. No acknowledgement.
N-03829,ACC-1102,2024-10-05,Caick Moreira,Escalation closed out. They appreciated the follow-through.
N-03830,ACC-1102,2024-10-18,Caick Moreira,Fix shipped. They tested it and closed the ticket themselves.
N-03831,ACC-1102,2024-11-14,Caick Moreira,The the Salesforce sync issue is resolved. Confirmed with their admin.
N-03832,ACC-1102,2024-12-04,Caick Moreira,Fix shipped. They tested it and closed the ticket themselves.
N-03833,ACC-1102,2025-01-03,Caick Moreira,Escalation closed out. They appreciated the follow-through.
N-03834,ACC-1102,2025-01-26,Caick Moreira,Configuration drifted and nobody on their side owns it now.
N-03835,ACC-1102,2025-02-13,Caick Moreira,No response in six weeks. Tried email and LinkedIn.
N-03836,ACC-1102,2025-03-12,Caick Moreira,The the reporting module setup has never worked the way they expected.
N-03837,ACC-1102,2025-03-31,Caick Moreira,Fix shipped. They tested it and closed the ticket themselves.
N-03838,ACC-1102,2025-04-27,Caick Moreira,Root cause shared with them. They were satisfied with the explanation.
N-03839,ACC-1102,2025-05-23,Caick Moreira,"Ran the numbers before the call. 7 active users, down from last quarter."
N-03840,ACC-1102,2025-06-06,Caick Moreira,Fix shipped. They tested it and closed the ticket themselves.
N-03841,ACC-1102,2025-07-03,Caick Moreira,Strong QBR. They want to talk about expanding to a second department.
N-03842,ACC-1102,2025-08-02,Caick Moreira,The SSO issue is resolved. Confirmed with their admin.
N-03843,ACC-1102,2025-08-23,Caick Moreira,Monthly check-in. Nothing new to report.
N-03844,ACC-1102,2025-09-06,Caick Moreira,Login activity dropped off after the project lead changed. 14 active this month.
N-03845,ACC-1102,2025-10-04,Caick Moreira,"Ran the numbers before the call. 7 active users, down from last quarter."
N-03846,ACC-1102,2025-10-23,Caick Moreira,QBR went well. They presented our numbers to their leadership.
N-03847,ACC-1102,2025-11-19,Caick Moreira,They asked what it would take to add 14 more seats.
N-03848,ACC-1102,2025-12-08,Caick Moreira,They cancelled the check-in an hour before. No reason given.
N-03849,ACC-1102,2025-12-20,Caick Moreira,We got the integration working. Their team is back to normal.
N-03850,ACC-1102,2026-01-18,Caick Moreira,We got the integration working. Their team is back to normal.
N-03851,ACC-1102,2026-01-30,Caick Moreira,We got the integration working. Their team is back to normal.
N-03852,ACC-1102,2026-02-20,Caick Moreira,the alerting rules is slow at their data volume and they have said so repeatedly.
N-03853,ACC-1102,2026-03-15,Caick Moreira,Their second division reached out directly about getting access.
N-03854,ACC-1102,2026-04-02,Caick Moreira,Their CIO joined the call and reiterated this is a strategic system for them.
N-03855,ACC-1102,2026-04-16,Caick Moreira,They asked what it would take to add 11 more seats.
N-03856,ACC-1102,2026-05-02,Caick Moreira,New leadership reviewed the stack and kept us. Told me directly.
N-03857,ACC-1102,2026-05-20,Caick Moreira,Data quality issues on their side keep surfacing as complaints about us.
N-03858,ACC-1102,2026-06-17,Caick Moreira,They skipped the business review entirely this cycle.
N-03859,ACC-1102,2026-07-10,Caick Moreira,Touched base. They are heads down on their own roadmap right now.
N-03860,ACC-1102,2026-08-01,Caick Moreira,Erin Whitfield was promoted and now owns a larger scope. Good for us.
N-03861,ACC-1102,2026-08-29,Caick Moreira,They do not have the internal engineering capacity to finish the integration.
N-03862,ACC-1103,2023-01-16,Leila Haddad,Fix shipped. They tested it and closed the ticket themselves.
N-03863,ACC-1103,2023-02-10,Leila Haddad,Asked about the higher tier. Sending over details.
N-03864,ACC-1103,2023-03-01,Leila Haddad,Asked about the higher tier. Sending over details.
N-03865,ACC-1103,2023-03-31,Leila Haddad,They included us in their annual planning conversation.
N-03866,ACC-1103,2023-04-21,Leila Haddad,"Office hours session. 6 attendees, mostly questions about reporting."
N-03867,ACC-1103,2023-05-15,Leila Haddad,Their CIO joined the call and reiterated this is a strategic system for them.
N-03868,ACC-1103,2023-06-12,Leila Haddad,Talked through a multi-year option. They want pricing.
N-03869,ACC-1103,2023-07-09,Leila Haddad,"Short call. Reviewed open items, nothing escalated."
N-03870,ACC-1103,2023-07-22,Leila Haddad,They included us in their annual planning conversation.
N-03871,ACC-1103,2023-08-10,Leila Haddad,Standing check-in held. Team is steady.
N-03872,ACC-1103,2023-09-09,Leila Haddad,Brief call with the admin. No issues raised.
N-03873,ACC-1103,2023-10-07,Leila Haddad,Reviewed the year. They are happy with where adoption landed.
N-03874,ACC-1103,2023-11-03,Leila Haddad,Interest in the bulk import for a team that is not on the contract yet.
N-03875,ACC-1103,2023-11-27,Leila Haddad,Exec sponsor confirmed budget is protected for next year.
N-03876,ACC-1103,2023-12-14,Leila Haddad,Touched base. They are heads down on their own roadmap right now.
N-03877,ACC-1103,2023-12-30,Leila Haddad,Quick sync with Talia Doyle. Business as usual.
N-03878,ACC-1103,2024-01-22,Leila Haddad,Strong QBR. They want to talk about expanding to a second department.
N-03879,ACC-1103,2024-02-04,Leila Haddad,Good session. Their exec attended and was engaged.
N-03880,ACC-1103,2024-02-17,Leila Haddad,New leadership reviewed the stack and kept us. Told me directly.
N-03881,ACC-1103,2024-03-12,Leila Haddad,Sent over the enablement material they asked for.
N-03882,ACC-1103,2024-04-05,Leila Haddad,Ran a refresher session on dashboards for 5 of their people.
N-03883,ACC-1103,2024-05-03,Leila Haddad,The the reporting module issue is resolved. Confirmed with their admin.
N-03884,ACC-1103,2024-05-17,Leila Haddad,Business review complete. Talia Doyle called out time savings on their team.
N-03885,ACC-1103,2024-05-29,Leila Haddad,Escalation closed out. They appreciated the follow-through.
N-03886,ACC-1103,2024-06-28,Leila Haddad,Talked through a multi-year option. They want pricing.
N-03887,ACC-1103,2024-07-22,Leila Haddad,Exec sponsor confirmed budget is protected for next year.
N-03888,ACC-1103,2024-08-19,Leila Haddad,Interest in the mobile app for a team that is not on the contract yet.
N-03889,ACC-1103,2024-09-14,Leila Haddad,We got the integration working. Their team is back to normal.
N-03890,ACC-1103,2024-09-30,Leila Haddad,Delivered onboarding for the new hires on their team.
N-03891,ACC-1103,2024-10-24,Leila Haddad,They asked what it would take to add 3 more seats.
N-03892,ACC-1103,2024-11-16,Leila Haddad,The the API issue is resolved. Confirmed with their admin.
N-03893,ACC-1103,2024-12-03,Leila Haddad,Their CIO joined the call and reiterated this is a strategic system for them.
N-03894,ACC-1103,2024-12-27,Leila Haddad,Root cause shared with them. They were satisfied with the explanation.
N-03895,ACC-1103,2025-01-26,Leila Haddad,New leadership reviewed the stack and kept us. Told me directly.
N-03896,ACC-1103,2025-02-08,Leila Haddad,Interest in the API for a team that is not on the contract yet.
N-03897,ACC-1103,2025-02-24,Leila Haddad,They included us in their annual planning conversation.
N-03898,ACC-1103,2025-03-12,Leila Haddad,Walked their analysts through dashboards. Good engagement.
N-03899,ACC-1103,2025-04-10,Leila Haddad,Ran a refresher session on the Salesforce sync for 5 of their people.
N-03900,ACC-1103,2025-05-06,Leila Haddad,QBR went well. They presented our numbers to their leadership.
N-03901,ACC-1103,2025-06-04,Leila Haddad,"Office hours session. 14 attendees, mostly questions about reporting."
N-03902,ACC-1103,2025-06-19,Leila Haddad,Standing check-in held. Team is steady.
N-03903,ACC-1103,2025-07-01,Leila Haddad,Touched base. They are heads down on their own roadmap right now.
N-03904,ACC-1103,2025-07-31,Leila Haddad,Monthly check-in. Nothing new to report.
N-03905,ACC-1103,2025-08-16,Leila Haddad,We got the integration working. Their team is back to normal.
N-03906,ACC-1103,2025-09-03,Leila Haddad,Quick sync with Talia Doyle. Business as usual.
N-03907,ACC-1103,2025-09-17,Leila Haddad,Standing check-in held. Team is steady.
N-03908,ACC-1103,2025-10-02,Leila Haddad,QBR went well. They presented our numbers to their leadership.
N-03909,ACC-1103,2025-10-17,Leila Haddad,Their CIO joined the call and reiterated this is a strategic system for them.
N-03910,ACC-1103,2025-10-30,Leila Haddad,They asked what it would take to add 14 more seats.
N-03911,ACC-1103,2025-11-23,Leila Haddad,Good session. Their exec attended and was engaged.
N-03912,ACC-1103,2025-12-07,Leila Haddad,Touched base. They are heads down on their own roadmap right now.
N-03913,ACC-1103,2025-12-29,Leila Haddad,"Office hours session. 11 attendees, mostly questions about reporting."
N-03914,ACC-1103,2026-01-18,Leila Haddad,Talked through a multi-year option. They want pricing.
N-03915,ACC-1103,2026-02-13,Leila Haddad,New leadership reviewed the stack and kept us. Told me directly.
N-03916,ACC-1103,2026-03-04,Leila Haddad,Brief call with the admin. No issues raised.
N-03917,ACC-1103,2026-03-25,Leila Haddad,We got the integration working. Their team is back to normal.
N-03918,ACC-1103,2026-04-18,Leila Haddad,"Office hours session. 5 attendees, mostly questions about reporting."
N-03919,ACC-1103,2026-05-02,Leila Haddad,Their CIO joined the call and reiterated this is a strategic system for them.
N-03920,ACC-1103,2026-05-21,Leila Haddad,Monthly check-in. Nothing new to report.
N-03921,ACC-1103,2026-06-14,Leila Haddad,Reviewed the year. They are happy with where adoption landed.
N-03922,ACC-1103,2026-07-03,Leila Haddad,Talked through a multi-year option. They want pricing.
N-03923,ACC-1103,2026-07-29,Leila Haddad,Exec sponsor confirmed budget is protected for next year.
N-03924,ACC-1103,2026-08-27,Leila Haddad,Root cause shared with them. They were satisfied with the explanation.
N-03925,ACC-1104,2025-06-25,Brittney Cole,"Office hours session. 2 attendees, mostly questions about reporting."
N-03926,ACC-1104,2025-07-21,Brittney Cole,Monthly check-in. Nothing new to report.
N-03927,ACC-1104,2025-08-09,Brittney Cole,Good session. Their exec attended and was engaged.
N-03928,ACC-1104,2025-08-27,Brittney Cole,"Short call. Reviewed open items, nothing escalated."
N-03929,ACC-1104,2025-09-22,Brittney Cole,We got the integration working. Their team is back to normal.
N-03930,ACC-1104,2025-10-04,Brittney Cole,Touched base. They are heads down on their own roadmap right now.
N-03931,ACC-1104,2025-10-27,Brittney Cole,Exec sponsor confirmed budget is protected for next year.
N-03932,ACC-1104,2025-11-15,Brittney Cole,Root cause shared with them. They were satisfied with the explanation.
N-03933,ACC-1104,2025-12-10,Brittney Cole,Strong QBR. They want to talk about expanding to a second department.
N-03934,ACC-1104,2025-12-25,Brittney Cole,The the bulk import issue is resolved. Confirmed with their admin.
N-03935,ACC-1104,2026-01-13,Brittney Cole,Touched base. They are heads down on their own roadmap right now.
N-03936,ACC-1104,2026-02-06,Brittney Cole,"Office hours session. 9 attendees, mostly questions about reporting."
N-03937,ACC-1104,2026-03-04,Brittney Cole,Interest in role permissions for a team that is not on the contract yet.
N-03938,ACC-1104,2026-03-20,Brittney Cole,Interest in the alerting rules for a team that is not on the contract yet.
N-03939,ACC-1104,2026-04-17,Brittney Cole,Business review complete. Jonah Chen called out time savings on their team.
N-03940,ACC-1104,2026-05-11,Brittney Cole,The the API issue is resolved. Confirmed with their admin.
N-03941,ACC-1104,2026-05-31,Brittney Cole,"Short call. Reviewed open items, nothing escalated."
N-03942,ACC-1104,2026-06-25,Brittney Cole,Good session. Their exec attended and was engaged.
N-03943,ACC-1104,2026-07-17,Brittney Cole,Ran a refresher session on role permissions for 4 of their people.
N-03944,ACC-1104,2026-08-08,Brittney Cole,Root cause shared with them. They were satisfied with the explanation.
N-03945,ACC-1104,2026-08-28,Brittney Cole,Interest in the reporting module for a team that is not on the contract yet.
N-03946,ACC-1105,2023-09-14,Nuala Byrne,Fix shipped. They tested it and closed the ticket themselves.
N-03947,ACC-1105,2023-09-30,Nuala Byrne,Brief call with the admin. No issues raised.
N-03948,ACC-1105,2023-10-30,Nuala Byrne,Sent over the enablement material they asked for.
N-03949,ACC-1105,2023-11-16,Nuala Byrne,The the API issue is resolved. Confirmed with their admin.
N-03950,ACC-1105,2023-11-29,Nuala Byrne,They want us to match a workflow that our product does not support.
N-03951,ACC-1105,2023-12-29,Nuala Byrne,Good session. Their exec attended and was engaged.
N-03952,ACC-1105,2024-01-17,Nuala Byrne,Have not been able to get anyone on a call since the summer.
N-03953,ACC-1105,2024-01-30,Nuala Byrne,Root cause shared with them. They were satisfied with the explanation.
N-03954,ACC-1105,2024-02-17,Nuala Byrne,The dashboards issue is resolved. Confirmed with their admin.
N-03955,ACC-1105,2024-03-03,Nuala Byrne,Interest in the mobile app for a team that is not on the contract yet.
N-03956,ACC-1105,2024-03-28,Nuala Byrne,They cancelled the check-in an hour before. No reason given.
N-03957,ACC-1105,2024-04-13,Nuala Byrne,Fix shipped. They tested it and closed the ticket themselves.
N-03958,ACC-1105,2024-05-07,Nuala Byrne,We got the integration working. Their team is back to normal.
N-03959,ACC-1105,2024-05-23,Nuala Byrne,Data quality issues on their side keep surfacing as complaints about us.
N-03960,ACC-1105,2024-06-17,Nuala Byrne,Root cause shared with them. They were satisfied with the explanation.
N-03961,ACC-1105,2024-07-12,Nuala Byrne,They cancelled the check-in an hour before. No reason given.
N-03962,ACC-1105,2024-07-26,Nuala Byrne,Fix shipped. They tested it and closed the ticket themselves.
N-03963,ACC-1105,2024-08-24,Nuala Byrne,Migration off their legacy system stalled. We are stuck waiting.
N-03964,ACC-1105,2024-09-12,Nuala Byrne,New leadership reviewed the stack and kept us. Told me directly.
N-03965,ACC-1105,2024-10-04,Nuala Byrne,Their IT team is blocking the SSO change we need for rollout.
N-03966,ACC-1105,2024-11-01,Nuala Byrne,Meeting attendance has dropped to one junior person.
N-03967,ACC-1105,2024-11-16,Nuala Byrne,Have not been able to get anyone on a call since the summer.
N-03968,ACC-1105,2024-11-28,Nuala Byrne,Good session. Their exec attended and was engaged.
N-03969,ACC-1105,2024-12-20,Nuala Byrne,The SSO issue is resolved. Confirmed with their admin.
N-03970,ACC-1105,2025-01-16,Nuala Byrne,Quick sync with Tomas Stroud. Business as usual.
N-03971,ACC-1105,2025-02-01,Nuala Byrne,They want us to match a workflow that our product does not support.
N-03972,ACC-1105,2025-02-16,Nuala Byrne,Their second division reached out directly about getting access.
N-03973,ACC-1105,2025-03-06,Nuala Byrne,Their CIO joined the call and reiterated this is a strategic system for them.
N-03974,ACC-1105,2025-03-29,Nuala Byrne,Their second division reached out directly about getting access.
N-03975,ACC-1105,2025-04-28,Nuala Byrne,Migration off their legacy system stalled. We are stuck waiting.
N-03976,ACC-1105,2025-05-28,Nuala Byrne,Reviewed the year. They are happy with where adoption landed.
N-03977,ACC-1105,2025-06-11,Nuala Byrne,We got the integration working. Their team is back to normal.
N-03978,ACC-1105,2025-07-09,Nuala Byrne,Their second division reached out directly about getting access.
N-03979,ACC-1105,2025-07-26,Nuala Byrne,Fix shipped. They tested it and closed the ticket themselves.
N-03980,ACC-1105,2025-08-07,Nuala Byrne,Ran a refresher session on data retention for 4 of their people.
N-03981,ACC-1105,2025-08-27,Nuala Byrne,Exec sponsor confirmed budget is protected for next year.
N-03982,ACC-1105,2025-09-11,Nuala Byrne,Configuration drifted and nobody on their side owns it now.
N-03983,ACC-1105,2025-10-07,Nuala Byrne,Sync failures every week. Their admin is the one absorbing the pain.
N-03984,ACC-1105,2025-10-23,Nuala Byrne,They do not have the internal engineering capacity to finish the integration.
N-03985,ACC-1105,2025-11-18,Nuala Byrne,Sent over the enablement material they asked for.
N-03986,ACC-1105,2025-12-02,Nuala Byrne,Asked about the higher tier. Sending over details.
N-03987,ACC-1105,2025-12-26,Nuala Byrne,Escalation closed out. They appreciated the follow-through.
N-03988,ACC-1105,2026-01-07,Nuala Byrne,Data quality issues on their side keep surfacing as complaints about us.
N-03989,ACC-1105,2026-01-28,Nuala Byrne,Fix shipped. They tested it and closed the ticket themselves.
N-03990,ACC-1105,2026-02-15,Nuala Byrne,We got the integration working. Their team is back to normal.
N-03991,ACC-1105,2026-03-03,Nuala Byrne,They cancelled the check-in an hour before. No reason given.
N-03992,ACC-1105,2026-03-21,Nuala Byrne,Escalation closed out. They appreciated the follow-through.
N-03993,ACC-1105,2026-04-08,Nuala Byrne,Tomas Stroud was promoted and now owns a larger scope. Good for us.
N-03994,ACC-1105,2026-05-03,Nuala Byrne,We got the integration working. Their team is back to normal.
N-03995,ACC-1105,2026-06-01,Nuala Byrne,Quick sync with Tomas Stroud. Business as usual.
N-03996,ACC-1105,2026-06-24,Nuala Byrne,"Short call. Reviewed open items, nothing escalated."
N-03997,ACC-1105,2026-07-14,Nuala Byrne,Root cause shared with them. They were satisfied with the explanation.
N-03998,ACC-1105,2026-08-05,Nuala Byrne,The role permissions issue is resolved. Confirmed with their admin.
N-03999,ACC-1105,2026-08-21,Nuala Byrne,Fix shipped. They tested it and closed the ticket themselves.
N-04000,ACC-1105,2026-09-11,Nuala Byrne,Their the reporting module integration broke again during their data load.
N-04001,ACC-1106,2025-03-10,Caick Moreira,No response in six weeks. Tried email and LinkedIn.
N-04002,ACC-1106,2025-04-01,Caick Moreira,Fix shipped. They tested it and closed the ticket themselves.
N-04003,ACC-1106,2025-04-23,Caick Moreira,Their second division reached out directly about getting access.
N-04004,ACC-1106,2025-05-13,Caick Moreira,Escalation closed out. They appreciated the follow-through.
N-04005,ACC-1106,2025-06-04,Caick Moreira,They included us in their annual planning conversation.
N-04006,ACC-1106,2025-06-19,Caick Moreira,Strong QBR. They want to talk about expanding to a second department.
N-04007,ACC-1106,2025-07-15,Caick Moreira,"Office hours session. 3 attendees, mostly questions about reporting."
N-04008,ACC-1106,2025-08-10,Caick Moreira,Have not been able to get anyone on a call since the summer.
N-04009,ACC-1106,2025-09-08,Caick Moreira,Root cause shared with them. They were satisfied with the explanation.
N-04010,ACC-1106,2025-10-03,Caick Moreira,They cancelled the check-in an hour before. No reason given.
N-04011,ACC-1106,2025-10-26,Caick Moreira,Escalation closed out. They appreciated the follow-through.
N-04012,ACC-1106,2025-11-08,Caick Moreira,Exec sponsor confirmed budget is protected for next year.
N-04013,ACC-1106,2025-12-05,Caick Moreira,Monthly check-in. Nothing new to report.
N-04014,ACC-1106,2026-01-03,Caick Moreira,Dmitri Nakamura stopped replying after the last pricing conversation.
N-04015,ACC-1106,2026-01-29,Caick Moreira,The role permissions issue is resolved. Confirmed with their admin.
N-04016,ACC-1106,2026-02-27,Caick Moreira,Good session. Their exec attended and was engaged.
N-04017,ACC-1106,2026-03-14,Caick Moreira,Delivered onboarding for the new hires on their team.
N-04018,ACC-1106,2026-04-07,Caick Moreira,They asked what it would take to add 5 more seats.
N-04019,ACC-1106,2026-04-27,Caick Moreira,Quick sync with Dmitri Nakamura. Business as usual.
N-04020,ACC-1106,2026-05-24,Caick Moreira,No response in six weeks. Tried email and LinkedIn.
N-04021,ACC-1106,2026-06-20,Caick Moreira,Dmitri Nakamura was promoted and now owns a larger scope. Good for us.
N-04022,ACC-1106,2026-07-12,Caick Moreira,Delivered onboarding for the new hires on their team.
N-04023,ACC-1106,2026-08-04,Caick Moreira,Escalation closed out. They appreciated the follow-through.
N-04024,ACC-1106,2026-08-19,Caick Moreira,Sent over the enablement material they asked for.
N-04025,ACC-1106,2026-09-07,Caick Moreira,Third reschedule on the QBR. No new date proposed.
N-04026,ACC-1107,2024-12-06,Caick Moreira,Reviewed the year. They are happy with where adoption landed.
N-04027,ACC-1107,2024-12-21,Caick Moreira,"Short call. Reviewed open items, nothing escalated."
N-04028,ACC-1107,2025-01-15,Caick Moreira,Escalation closed out. They appreciated the follow-through.
N-04029,ACC-1107,2025-02-10,Caick Moreira,Their CIO joined the call and reiterated this is a strategic system for them.
N-04030,ACC-1107,2025-03-02,Caick Moreira,New leadership reviewed the stack and kept us. Told me directly.
N-04031,ACC-1107,2025-03-24,Caick Moreira,Root cause shared with them. They were satisfied with the explanation.
N-04032,ACC-1107,2025-04-23,Caick Moreira,Good session. Their exec attended and was engaged.
N-04033,ACC-1107,2025-05-12,Caick Moreira,Talked through a multi-year option. They want pricing.
N-04034,ACC-1107,2025-06-05,Caick Moreira,Business review complete. Ethan Vasquez called out time savings on their team.
N-04035,ACC-1107,2025-06-23,Caick Moreira,They asked what it would take to add 8 more seats.
N-04036,ACC-1107,2025-07-08,Caick Moreira,Fix shipped. They tested it and closed the ticket themselves.
N-04037,ACC-1107,2025-07-20,Caick Moreira,Ethan Vasquez was promoted and now owns a larger scope. Good for us.
N-04038,ACC-1107,2025-08-05,Caick Moreira,Root cause shared with them. They were satisfied with the explanation.
N-04039,ACC-1107,2025-08-24,Caick Moreira,Asked about the higher tier. Sending over details.
N-04040,ACC-1107,2025-09-15,Caick Moreira,Brief call with the admin. No issues raised.
N-04041,ACC-1107,2025-10-01,Caick Moreira,We got the integration working. Their team is back to normal.
N-04042,ACC-1107,2025-10-27,Caick Moreira,Escalation closed out. They appreciated the follow-through.
N-04043,ACC-1107,2025-11-22,Caick Moreira,Their CIO joined the call and reiterated this is a strategic system for them.
N-04044,ACC-1107,2025-12-11,Caick Moreira,They asked what it would take to add 14 more seats.
N-04045,ACC-1107,2026-01-02,Caick Moreira,Ethan Vasquez was promoted and now owns a larger scope. Good for us.
N-04046,ACC-1107,2026-01-25,Caick Moreira,Quick sync with Ethan Vasquez. Business as usual.
N-04047,ACC-1107,2026-02-09,Caick Moreira,Quick sync with Ethan Vasquez. Business as usual.
N-04048,ACC-1107,2026-03-04,Caick Moreira,Their second division reached out directly about getting access.
N-04049,ACC-1107,2026-04-02,Caick Moreira,Root cause shared with them. They were satisfied with the explanation.
N-04050,ACC-1107,2026-04-14,Caick Moreira,QBR went well. They presented our numbers to their leadership.
N-04051,ACC-1107,2026-04-30,Caick Moreira,Sent over the enablement material they asked for.
N-04052,ACC-1107,2026-05-24,Caick Moreira,Asked about the higher tier. Sending over details.
N-04053,ACC-1107,2026-06-05,Caick Moreira,Strong QBR. They want to talk about expanding to a second department.
N-04054,ACC-1107,2026-06-27,Caick Moreira,Interest in role permissions for a team that is not on the contract yet.
N-04055,ACC-1107,2026-07-24,Caick Moreira,New leadership reviewed the stack and kept us. Told me directly.
N-04056,ACC-1107,2026-08-09,Caick Moreira,Sent over the enablement material they asked for.
N-04057,ACC-1107,2026-09-03,Caick Moreira,Ethan Vasquez was promoted and now owns a larger scope. Good for us.
N-04058,ACC-1108,2023-09-09,Brittney Cole,Delivered onboarding for the new hires on their team.
N-04059,ACC-1108,2023-10-02,Brittney Cole,The the API issue is resolved. Confirmed with their admin.
N-04060,ACC-1108,2023-10-15,Brittney Cole,They asked what it would take to add 12 more seats.
N-04061,ACC-1108,2023-10-30,Brittney Cole,Have not been able to get anyone on a call since the summer.
N-04062,ACC-1108,2023-11-12,Brittney Cole,Exec sponsor confirmed budget is protected for next year.
N-04063,ACC-1108,2023-11-29,Brittney Cole,Grant Stroud was promoted and now owns a larger scope. Good for us.
N-04064,ACC-1108,2023-12-13,Brittney Cole,Sent over the enablement material they asked for.
N-04065,ACC-1108,2023-12-28,Brittney Cole,Budget freeze announced internally. Renewals are being looked at individually.
N-04066,ACC-1108,2024-01-14,Brittney Cole,"Heads up, Grant Stroud is leaving at the end of the month. She was our main advocate here."
N-04067,ACC-1108,2024-01-30,Brittney Cole,We got the integration working. Their team is back to normal.
N-04068,ACC-1108,2024-02-25,Brittney Cole,Strong QBR. They want to talk about expanding to a second department.
N-04069,ACC-1108,2024-03-25,Brittney Cole,Interest in the reporting module for a team that is not on the contract yet.
N-04070,ACC-1108,2024-04-12,Brittney Cole,No response in six weeks. Tried email and LinkedIn.
N-04071,ACC-1108,2024-05-11,Brittney Cole,They asked whether we can do a shorter term or a smaller seat count.
N-04072,ACC-1108,2024-06-08,Brittney Cole,Walked their analysts through role permissions. Good engagement.
N-04073,ACC-1108,2024-07-08,Brittney Cole,The dashboards issue is resolved. Confirmed with their admin.
N-04074,ACC-1108,2024-07-24,Brittney Cole,Strong QBR. They want to talk about expanding to a second department.
N-04075,ACC-1108,2024-08-11,Brittney Cole,Talked through a multi-year option. They want pricing.
N-04076,ACC-1108,2024-09-09,Brittney Cole,They asked what it would take to add 7 more seats.
N-04077,ACC-1108,2024-10-06,Brittney Cole,"Short call. Reviewed open items, nothing escalated."
N-04078,ACC-1108,2024-11-03,Brittney Cole,Interest in SSO for a team that is not on the contract yet.
N-04079,ACC-1108,2024-12-01,Brittney Cole,Login activity dropped off after the project lead changed. 12 active this month.
N-04080,ACC-1108,2024-12-15,Brittney Cole,Talked through a multi-year option. They want pricing.
N-04081,ACC-1108,2024-12-27,Brittney Cole,They asked what it would take to add 7 more seats.
N-04082,ACC-1108,2025-01-20,Brittney Cole,Asked about the higher tier. Sending over details.
N-04083,ACC-1108,2025-02-13,Brittney Cole,Asked about the higher tier. Sending over details.
N-04084,ACC-1108,2025-03-11,Brittney Cole,Ran a refresher session on dashboards for 4 of their people.
N-04085,ACC-1108,2025-04-09,Brittney Cole,Walked their analysts through the API. Good engagement.
N-04086,ACC-1108,2025-04-21,Brittney Cole,Went quiet after the escalation. Not sure who owns us there now.
N-04087,ACC-1108,2025-05-19,Brittney Cole,The the reporting module issue is resolved. Confirmed with their admin.
N-04088,ACC-1108,2025-06-16,Brittney Cole,We got the integration working. Their team is back to normal.
N-04089,ACC-1108,2025-07-03,Brittney Cole,Grant Stroud has moved to a different company. No replacement named yet.
N-04090,ACC-1108,2025-07-16,Brittney Cole,"Office hours session. 11 attendees, mostly questions about reporting."
N-04091,ACC-1108,2025-08-09,Brittney Cole,Walked their analysts through the API. Good engagement.
N-04092,ACC-1108,2025-08-22,Brittney Cole,Monthly check-in. Nothing new to report.
N-04093,ACC-1108,2025-09-04,Brittney Cole,Monthly check-in. Nothing new to report.
N-04094,ACC-1108,2025-09-27,Brittney Cole,Only 4 of their licensed seats logged in last month.
N-04095,ACC-1108,2025-10-20,Brittney Cole,Exec sponsor confirmed budget is protected for next year.
N-04096,ACC-1108,2025-11-06,Brittney Cole,They cancelled the check-in an hour before. No reason given.
N-04097,ACC-1108,2025-12-03,Brittney Cole,Talked through a multi-year option. They want pricing.
N-04098,ACC-1108,2025-12-25,Brittney Cole,We got the integration working. Their team is back to normal.
N-04099,ACC-1108,2026-01-11,Brittney Cole,Asked about the higher tier. Sending over details.
N-04100,ACC-1108,2026-02-01,Brittney Cole,They flagged that procurement now requires justification for anything over the threshold.
N-04101,ACC-1108,2026-02-22,Brittney Cole,They flagged that procurement now requires justification for anything over the threshold.
N-04102,ACC-1108,2026-03-13,Brittney Cole,Their second division reached out directly about getting access.
N-04103,ACC-1108,2026-03-28,Brittney Cole,They asked what it would take to add 9 more seats.
N-04104,ACC-1108,2026-04-11,Brittney Cole,Talked through a multi-year option. They want pricing.
N-04105,ACC-1108,2026-05-02,Brittney Cole,Lost our exec sponsor. Grant Stroud was the reason this renewed last year.
N-04106,ACC-1108,2026-06-01,Brittney Cole,Have not been able to get anyone on a call since the summer.
N-04107,ACC-1109,2024-05-02,Leila Haddad,Talked through a multi-year option. They want pricing.
N-04108,ACC-1109,2024-06-01,Leila Haddad,Exec sponsor confirmed budget is protected for next year.
N-04109,ACC-1109,2024-06-24,Leila Haddad,Business review complete. Carmen Whitfield called out time savings on their team.
N-04110,ACC-1109,2024-07-09,Leila Haddad,Brief call with the admin. No issues raised.
N-04111,ACC-1109,2024-07-23,Leila Haddad,Reviewed the year. They are happy with where adoption landed.
N-04112,ACC-1109,2024-08-21,Leila Haddad,Escalation closed out. They appreciated the follow-through.
N-04113,ACC-1109,2024-09-09,Leila Haddad,Exec sponsor confirmed budget is protected for next year.
N-04114,ACC-1109,2024-09-27,Leila Haddad,We got the integration working. Their team is back to normal.
N-04115,ACC-1109,2024-10-26,Leila Haddad,Quick sync with Carmen Whitfield. Business as usual.
N-04116,ACC-1109,2024-11-11,Leila Haddad,Interest in the mobile app for a team that is not on the contract yet.
N-04117,ACC-1109,2024-12-02,Leila Haddad,Sent over the enablement material they asked for.
N-04118,ACC-1109,2024-12-18,Leila Haddad,Reviewed the year. They are happy with where adoption landed.
N-04119,ACC-1109,2025-01-16,Leila Haddad,Reviewed the year. They are happy with where adoption landed.
N-04120,ACC-1109,2025-02-15,Leila Haddad,They asked what it would take to add 6 more seats.
N-04121,ACC-1109,2025-03-14,Leila Haddad,Ran a refresher session on role permissions for 3 of their people.
N-04122,ACC-1109,2025-04-09,Leila Haddad,Good session. Their exec attended and was engaged.
N-04123,ACC-1109,2025-04-25,Leila Haddad,"Office hours session. 11 attendees, mostly questions about reporting."
N-04124,ACC-1109,2025-05-23,Leila Haddad,Exec sponsor confirmed budget is protected for next year.
N-04125,ACC-1109,2025-06-13,Leila Haddad,They included us in their annual planning conversation.
N-04126,ACC-1109,2025-07-02,Leila Haddad,Standing check-in held. Team is steady.
N-04127,ACC-1109,2025-07-20,Leila Haddad,Brief call with the admin. No issues raised.
N-04128,ACC-1109,2025-08-06,Leila Haddad,QBR went well. They presented our numbers to their leadership.
N-04129,ACC-1109,2025-08-25,Leila Haddad,Monthly check-in. Nothing new to report.
N-04130,ACC-1109,2025-09-15,Leila Haddad,Asked about the higher tier. Sending over details.
N-04131,ACC-1109,2025-10-08,Leila Haddad,Touched base. They are heads down on their own roadmap right now.
N-04132,ACC-1109,2025-11-01,Leila Haddad,Delivered onboarding for the new hires on their team.
N-04133,ACC-1109,2025-11-26,Leila Haddad,Good session. Their exec attended and was engaged.
N-04134,ACC-1109,2025-12-11,Leila Haddad,Delivered onboarding for the new hires on their team.
N-04135,ACC-1109,2025-12-30,Leila Haddad,Interest in the API for a team that is not on the contract yet.
N-04136,ACC-1109,2026-01-24,Leila Haddad,Walked their analysts through the Salesforce sync. Good engagement.
N-04137,ACC-1109,2026-02-18,Leila Haddad,Monthly check-in. Nothing new to report.
N-04138,ACC-1109,2026-03-19,Leila Haddad,Asked about the higher tier. Sending over details.
N-04139,ACC-1109,2026-04-17,Leila Haddad,"Short call. Reviewed open items, nothing escalated."
N-04140,ACC-1109,2026-05-08,Leila Haddad,They included us in their annual planning conversation.
N-04141,ACC-1109,2026-05-31,Leila Haddad,Escalation closed out. They appreciated the follow-through.
N-04142,ACC-1109,2026-06-17,Leila Haddad,New leadership reviewed the stack and kept us. Told me directly.
N-04143,ACC-1109,2026-07-01,Leila Haddad,Root cause shared with them. They were satisfied with the explanation.
N-04144,ACC-1109,2026-07-14,Leila Haddad,Good session. Their exec attended and was engaged.
N-04145,ACC-1109,2026-08-11,Leila Haddad,Sent over the enablement material they asked for.
N-04146,ACC-1109,2026-09-06,Leila Haddad,Business review complete. Carmen Whitfield called out time savings on their team.
N-04147,ACC-1110,2023-12-17,Brittney Cole,"Ran the numbers before the call. 5 active users, down from last quarter."
N-04148,ACC-1110,2024-01-11,Brittney Cole,Business review complete. Hector Nakamura called out time savings on their team.
N-04149,ACC-1110,2024-02-04,Brittney Cole,Asked me how we compare to a spreadsheet-based process. First time that has come up.
N-04150,ACC-1110,2024-03-01,Brittney Cole,Fix shipped. They tested it and closed the ticket themselves.
N-04151,ACC-1110,2024-03-28,Brittney Cole,Escalation closed out. They appreciated the follow-through.
N-04152,ACC-1110,2024-04-09,Brittney Cole,Delivered onboarding for the new hires on their team.
N-04153,ACC-1110,2024-05-02,Brittney Cole,Interest in SSO for a team that is not on the contract yet.
N-04154,ACC-1110,2024-05-28,Brittney Cole,Monthly check-in. Nothing new to report.
N-04155,ACC-1110,2024-06-19,Brittney Cole,Interest in SSO for a team that is not on the contract yet.
N-04156,ACC-1110,2024-07-15,Brittney Cole,They bought for the whole department but adoption never left the pilot team.
N-04157,ACC-1110,2024-08-05,Brittney Cole,Brief call with the admin. No issues raised.
N-04158,ACC-1110,2024-08-27,Brittney Cole,Mentioned an RFP is going out before renewal.
N-04159,ACC-1110,2024-09-22,Brittney Cole,The the API issue is resolved. Confirmed with their admin.
N-04160,ACC-1110,2024-10-17,Brittney Cole,Touched base. They are heads down on their own roadmap right now.
N-04161,ACC-1110,2024-11-12,Brittney Cole,Heard secondhand that an in-house build gave them aggressive pricing.
N-04162,ACC-1110,2024-12-03,Brittney Cole,Escalation closed out. They appreciated the follow-through.
N-04163,ACC-1110,2024-12-22,Brittney Cole,They are paying for far more than they use and finance has started to notice.
N-04164,ACC-1110,2025-01-20,Brittney Cole,Their second division reached out directly about getting access.
N-04165,ACC-1110,2025-02-14,Brittney Cole,Root cause shared with them. They were satisfied with the explanation.
N-04166,ACC-1110,2025-03-16,Brittney Cole,"Office hours session. 9 attendees, mostly questions about reporting."
N-04167,ACC-1110,2025-04-10,Brittney Cole,Their new director used Lattitude at her last company and prefers it.
N-04168,ACC-1110,2025-04-23,Brittney Cole,They are paying for far more than they use and finance has started to notice.
N-04169,ACC-1110,2025-05-21,Brittney Cole,Interest in the bulk import for a team that is not on the contract yet.
N-04170,ACC-1110,2025-06-15,Brittney Cole,Root cause shared with them. They were satisfied with the explanation.
N-04171,ACC-1110,2025-06-27,Brittney Cole,Delivered onboarding for the new hires on their team.
N-04172,ACC-1110,2025-07-15,Brittney Cole,"Office hours session. 10 attendees, mostly questions about reporting."
N-04173,ACC-1110,2025-08-10,Brittney Cole,Requested a feature comparison against Orderly. Sent one.
N-04174,ACC-1110,2025-09-02,Brittney Cole,Escalation closed out. They appreciated the follow-through.
N-04175,ACC-1110,2025-10-02,Brittney Cole,QBR went well. They presented our numbers to their leadership.
N-04176,ACC-1110,2025-10-21,Brittney Cole,Their CIO joined the call and reiterated this is a strategic system for them.
N-04177,ACC-1110,2025-11-18,Brittney Cole,QBR went well. They presented our numbers to their leadership.
N-04178,ACC-1110,2025-12-05,Brittney Cole,Escalation closed out. They appreciated the follow-through.
N-04179,ACC-1110,2026-01-02,Brittney Cole,"Short call. Reviewed open items, nothing escalated."
N-04180,ACC-1110,2026-01-19,Brittney Cole,They are considering consolidating onto Parallax as part of a platform play.
N-04181,ACC-1110,2026-02-04,Brittney Cole,Only 12 of their licensed seats logged in last month.
N-04182,ACC-1110,2026-02-28,Brittney Cole,Interest in the alerting rules for a team that is not on the contract yet.
N-04183,ACC-1110,2026-03-29,Brittney Cole,"Ran the numbers before the call. 4 active users, down from last quarter."
N-04184,ACC-1110,2026-04-12,Brittney Cole,Strong QBR. They want to talk about expanding to a second department.
N-04185,ACC-1110,2026-04-30,Brittney Cole,QBR went well. They presented our numbers to their leadership.
N-04186,ACC-1110,2026-05-14,Brittney Cole,Business review complete. Hector Nakamura called out time savings on their team.
N-04187,ACC-1110,2026-06-05,Brittney Cole,The the Salesforce sync issue is resolved. Confirmed with their admin.
N-04188,ACC-1110,2026-06-25,Brittney Cole,They bought for the whole department but adoption never left the pilot team.
N-04189,ACC-1110,2026-07-07,Brittney Cole,Usage is flat. 13 weekly active users against a much larger contract.
N-04190,ACC-1110,2026-07-26,Brittney Cole,Reviewed the year. They are happy with where adoption landed.
N-04191,ACC-1110,2026-08-20,Brittney Cole,Asked about the higher tier. Sending over details.
N-04192,ACC-1111,2023-04-11,Leila Haddad,Quick sync with Junko Ramirez. Business as usual.
N-04193,ACC-1111,2023-04-25,Leila Haddad,Fix shipped. They tested it and closed the ticket themselves.
N-04194,ACC-1111,2023-05-09,Leila Haddad,Good session. Their exec attended and was engaged.
N-04195,ACC-1111,2023-06-06,Leila Haddad,Standing check-in held. Team is steady.
N-04196,ACC-1111,2023-07-01,Leila Haddad,Business review complete. Junko Ramirez called out time savings on their team.
N-04197,ACC-1111,2023-07-16,Leila Haddad,Their CIO joined the call and reiterated this is a strategic system for them.
N-04198,ACC-1111,2023-08-03,Leila Haddad,Asked about the higher tier. Sending over details.
N-04199,ACC-1111,2023-08-19,Leila Haddad,Their second division reached out directly about getting access.
N-04200,ACC-1111,2023-09-02,Leila Haddad,Monthly check-in. Nothing new to report.
N-04201,ACC-1111,2023-09-16,Leila Haddad,Exec sponsor confirmed budget is protected for next year.
N-04202,ACC-1111,2023-09-28,Leila Haddad,Fix shipped. They tested it and closed the ticket themselves.
N-04203,ACC-1111,2023-10-17,Leila Haddad,Good session. Their exec attended and was engaged.
N-04204,ACC-1111,2023-11-13,Leila Haddad,Exec sponsor confirmed budget is protected for next year.
N-04205,ACC-1111,2023-12-10,Leila Haddad,Fix shipped. They tested it and closed the ticket themselves.
N-04206,ACC-1111,2023-12-29,Leila Haddad,Interest in role permissions for a team that is not on the contract yet.
N-04207,ACC-1111,2024-01-16,Leila Haddad,Root cause shared with them. They were satisfied with the explanation.
N-04208,ACC-1111,2024-01-29,Leila Haddad,We got the integration working. Their team is back to normal.
N-04209,ACC-1111,2024-02-28,Leila Haddad,Ran a refresher session on role permissions for 9 of their people.
N-04210,ACC-1111,2024-03-11,Leila Haddad,New leadership reviewed the stack and kept us. Told me directly.
N-04211,ACC-1111,2024-04-04,Leila Haddad,Junko Ramirez was promoted and now owns a larger scope. Good for us.
N-04212,ACC-1111,2024-04-30,Leila Haddad,They asked what it would take to add 2 more seats.
N-04213,ACC-1111,2024-05-12,Leila Haddad,Touched base. They are heads down on their own roadmap right now.
N-04214,ACC-1111,2024-05-30,Leila Haddad,Walked their analysts through the reporting module. Good engagement.
N-04215,ACC-1111,2024-06-23,Leila Haddad,Exec sponsor confirmed budget is protected for next year.
N-04216,ACC-1111,2024-07-22,Leila Haddad,Junko Ramirez was promoted and now owns a larger scope. Good for us.
N-04217,ACC-1111,2024-08-13,Leila Haddad,Standing check-in held. Team is steady.
N-04218,ACC-1111,2024-09-10,Leila Haddad,Good session. Their exec attended and was engaged.
N-04219,ACC-1111,2024-10-02,Leila Haddad,Strong QBR. They want to talk about expanding to a second department.
N-04220,ACC-1111,2024-10-17,Leila Haddad,They asked what it would take to add 10 more seats.
N-04221,ACC-1111,2024-11-03,Leila Haddad,"Office hours session. 10 attendees, mostly questions about reporting."
N-04222,ACC-1111,2024-11-21,Leila Haddad,Interest in data retention for a team that is not on the contract yet.
N-04223,ACC-1111,2024-12-09,Leila Haddad,Sent over the enablement material they asked for.
N-04224,ACC-1111,2024-12-28,Leila Haddad,Talked through a multi-year option. They want pricing.
N-04225,ACC-1111,2025-01-17,Leila Haddad,We got the integration working. Their team is back to normal.
N-04226,ACC-1111,2025-02-05,Leila Haddad,Quick sync with Junko Ramirez. Business as usual.
N-04227,ACC-1111,2025-02-20,Leila Haddad,Business review complete. Junko Ramirez called out time savings on their team.
N-04228,ACC-1111,2025-03-05,Leila Haddad,Good session. Their exec attended and was engaged.
N-04229,ACC-1111,2025-03-20,Leila Haddad,Strong QBR. They want to talk about expanding to a second department.
N-04230,ACC-1111,2025-04-06,Leila Haddad,Escalation closed out. They appreciated the follow-through.
N-04231,ACC-1111,2025-04-20,Leila Haddad,They asked what it would take to add 8 more seats.
N-04232,ACC-1111,2025-05-02,Leila Haddad,They asked what it would take to add 11 more seats.
N-04233,ACC-1111,2025-05-19,Leila Haddad,The the mobile app issue is resolved. Confirmed with their admin.
N-04234,ACC-1111,2025-06-08,Leila Haddad,Strong QBR. They want to talk about expanding to a second department.
N-04235,ACC-1111,2025-06-27,Leila Haddad,Business review complete. Junko Ramirez called out time savings on their team.
N-04236,ACC-1111,2025-07-17,Leila Haddad,Walked their analysts through the mobile app. Good engagement.
N-04237,ACC-1111,2025-08-08,Leila Haddad,Reviewed the year. They are happy with where adoption landed.
N-04238,ACC-1111,2025-08-27,Leila Haddad,Monthly check-in. Nothing new to report.
N-04239,ACC-1111,2025-09-23,Leila Haddad,Sent over the enablement material they asked for.
N-04240,ACC-1111,2025-10-13,Leila Haddad,The the bulk import issue is resolved. Confirmed with their admin.
N-04241,ACC-1111,2025-11-10,Leila Haddad,QBR went well. They presented our numbers to their leadership.
N-04242,ACC-1111,2025-12-10,Leila Haddad,Brief call with the admin. No issues raised.
N-04243,ACC-1111,2026-01-02,Leila Haddad,Monthly check-in. Nothing new to report.
N-04244,ACC-1111,2026-01-22,Leila Haddad,Quick sync with Junko Ramirez. Business as usual.
N-04245,ACC-1111,2026-02-11,Leila Haddad,"Office hours session. 2 attendees, mostly questions about reporting."
N-04246,ACC-1111,2026-03-08,Leila Haddad,Asked about the higher tier. Sending over details.
N-04247,ACC-1111,2026-03-23,Leila Haddad,Sent over the enablement material they asked for.
N-04248,ACC-1111,2026-04-16,Leila Haddad,Strong QBR. They want to talk about expanding to a second department.
N-04249,ACC-1111,2026-05-13,Leila Haddad,Escalation closed out. They appreciated the follow-through.
N-04250,ACC-1111,2026-06-04,Leila Haddad,Monthly check-in. Nothing new to report.
N-04251,ACC-1111,2026-06-18,Leila Haddad,Interest in dashboards for a team that is not on the contract yet.
N-04252,ACC-1111,2026-07-18,Leila Haddad,Strong QBR. They want to talk about expanding to a second department.
N-04253,ACC-1111,2026-08-02,Leila Haddad,Fix shipped. They tested it and closed the ticket themselves.
N-04254,ACC-1111,2026-08-22,Leila Haddad,New leadership reviewed the stack and kept us. Told me directly.
N-04255,ACC-1111,2026-09-04,Leila Haddad,They asked what it would take to add 3 more seats.
N-04256,ACC-1112,2026-05-01,Nuala Byrne,Fix shipped. They tested it and closed the ticket themselves.
N-04257,ACC-1112,2026-05-31,Nuala Byrne,Escalation closed out. They appreciated the follow-through.
N-04258,ACC-1112,2026-06-23,Nuala Byrne,Soren Barros was promoted and now owns a larger scope. Good for us.
N-04259,ACC-1112,2026-07-22,Nuala Byrne,Their second division reached out directly about getting access.
N-04260,ACC-1112,2026-08-07,Nuala Byrne,Reviewed the year. They are happy with where adoption landed.
N-04261,ACC-1112,2026-08-29,Nuala Byrne,The the reporting module issue is resolved. Confirmed with their admin.
N-04262,ACC-1113,2026-01-21,Brittney Cole,"Short call. Reviewed open items, nothing escalated."
N-04263,ACC-1113,2026-02-14,Brittney Cole,Malik Ferreira has moved to a different company. No replacement named yet.
N-04264,ACC-1113,2026-03-05,Brittney Cole,Our sponsor Malik Ferreira was reorged out of the function. Starting over on relationship mapping.
N-04265,ACC-1113,2026-03-26,Brittney Cole,Root cause shared with them. They were satisfied with the explanation.
N-04266,ACC-1113,2026-04-22,Brittney Cole,Good session. Their exec attended and was engaged.
N-04267,ACC-1113,2026-05-05,Brittney Cole,Brief call with the admin. No issues raised.
N-04268,ACC-1113,2026-05-22,Brittney Cole,The the alerting rules issue is resolved. Confirmed with their admin.
N-04269,ACC-1113,2026-06-08,Brittney Cole,Their CIO joined the call and reiterated this is a strategic system for them.
N-04270,ACC-1113,2026-06-20,Brittney Cole,Our sponsor Malik Ferreira was reorged out of the function. Starting over on relationship mapping.
N-04271,ACC-1113,2026-07-20,Brittney Cole,"Short call. Reviewed open items, nothing escalated."
N-04272,ACC-1113,2026-08-17,Brittney Cole,Still waiting on the fix for the bulk import. This has been open for weeks.
N-04273,ACC-1114,2026-01-21,Caick Moreira,"Office hours session. 12 attendees, mostly questions about reporting."
N-04274,ACC-1114,2026-02-18,Caick Moreira,Their second division reached out directly about getting access.
N-04275,ACC-1114,2026-03-17,Caick Moreira,The dashboards issue is resolved. Confirmed with their admin.
N-04276,ACC-1114,2026-04-06,Caick Moreira,We got the integration working. Their team is back to normal.
N-04277,ACC-1114,2026-05-02,Caick Moreira,Fix shipped. They tested it and closed the ticket themselves.
N-04278,ACC-1114,2026-05-29,Caick Moreira,Escalation closed out. They appreciated the follow-through.
N-04279,ACC-1114,2026-06-24,Caick Moreira,Their second division reached out directly about getting access.
N-04280,ACC-1114,2026-07-22,Caick Moreira,"Short call. Reviewed open items, nothing escalated."
N-04281,ACC-1114,2026-08-21,Caick Moreira,Quick sync with Carmen Barros. Business as usual.
N-04282,ACC-1114,2026-09-06,Caick Moreira,Quick sync with Carmen Barros. Business as usual.
N-04283,ACC-1115,2025-10-05,Caick Moreira,Strong QBR. They want to talk about expanding to a second department.
N-04284,ACC-1115,2025-10-24,Caick Moreira,Their CIO joined the call and reiterated this is a strategic system for them.
N-04285,ACC-1115,2025-11-06,Caick Moreira,Walked their analysts through role permissions. Good engagement.
N-04286,ACC-1115,2025-11-28,Caick Moreira,Admin told me most of the team still does this work in spreadsheets.
N-04287,ACC-1115,2025-12-25,Caick Moreira,Walked their analysts through the Salesforce sync. Good engagement.
N-04288,ACC-1115,2026-01-24,Caick Moreira,Monthly check-in. Nothing new to report.
N-04289,ACC-1115,2026-02-18,Caick Moreira,"Ran the numbers before the call. 8 active users, down from last quarter."
N-04290,ACC-1115,2026-03-09,Caick Moreira,They do not have the internal engineering capacity to finish the integration.
N-04291,ACC-1115,2026-04-02,Caick Moreira,Their team never completed rollout to the second region. 9 users total.
N-04292,ACC-1115,2026-04-19,Caick Moreira,Usage is flat. 14 weekly active users against a much larger contract.
N-04293,ACC-1115,2026-05-08,Caick Moreira,Only 12 of their licensed seats logged in last month.
N-04294,ACC-1116,2023-01-08,Caick Moreira,They asked what it would take to add 5 more seats.
N-04295,ACC-1116,2023-01-27,Caick Moreira,Ran a refresher session on the alerting rules for 6 of their people.
N-04296,ACC-1116,2023-02-19,Caick Moreira,Quick sync with Talia Nwosu. Business as usual.
N-04297,ACC-1116,2023-03-03,Caick Moreira,"Office hours session. 10 attendees, mostly questions about reporting."
N-04298,ACC-1116,2023-03-26,Caick Moreira,The role permissions issue is resolved. Confirmed with their admin.
N-04299,ACC-1116,2023-04-19,Caick Moreira,We got the integration working. Their team is back to normal.
N-04300,ACC-1116,2023-05-12,Caick Moreira,Fix shipped. They tested it and closed the ticket themselves.
N-04301,ACC-1116,2023-06-10,Caick Moreira,Asked about the higher tier. Sending over details.
N-04302,ACC-1116,2023-06-22,Caick Moreira,Fix shipped. They tested it and closed the ticket themselves.
N-04303,ACC-1116,2023-07-17,Caick Moreira,Good session. Their exec attended and was engaged.
N-04304,ACC-1116,2023-08-02,Caick Moreira,Talia Nwosu was promoted and now owns a larger scope. Good for us.
N-04305,ACC-1116,2023-08-28,Caick Moreira,Exec sponsor confirmed budget is protected for next year.
N-04306,ACC-1116,2023-09-20,Caick Moreira,Ran a refresher session on data retention for 12 of their people.
N-04307,ACC-1116,2023-10-15,Caick Moreira,QBR went well. They presented our numbers to their leadership.
N-04308,ACC-1116,2023-10-27,Caick Moreira,Asked about the higher tier. Sending over details.
N-04309,ACC-1116,2023-11-22,Caick Moreira,Reviewed the year. They are happy with where adoption landed.
N-04310,ACC-1116,2023-12-13,Caick Moreira,New leadership reviewed the stack and kept us. Told me directly.
N-04311,ACC-1116,2024-01-11,Caick Moreira,Root cause shared with them. They were satisfied with the explanation.
N-04312,ACC-1116,2024-02-08,Caick Moreira,Business review complete. Talia Nwosu called out time savings on their team.
N-04313,ACC-1116,2024-02-24,Caick Moreira,Good session. Their exec attended and was engaged.
N-04314,ACC-1116,2024-03-21,Caick Moreira,Exec sponsor confirmed budget is protected for next year.
N-04315,ACC-1116,2024-04-10,Caick Moreira,They included us in their annual planning conversation.
N-04316,ACC-1116,2024-05-10,Caick Moreira,Escalation closed out. They appreciated the follow-through.
N-04317,ACC-1116,2024-06-02,Caick Moreira,They asked what it would take to add 2 more seats.
N-04318,ACC-1116,2024-06-15,Caick Moreira,Monthly check-in. Nothing new to report.
N-04319,ACC-1116,2024-07-09,Caick Moreira,Delivered onboarding for the new hires on their team.
N-04320,ACC-1116,2024-08-04,Caick Moreira,Fix shipped. They tested it and closed the ticket themselves.
N-04321,ACC-1116,2024-09-01,Caick Moreira,Talia Nwosu was promoted and now owns a larger scope. Good for us.
N-04322,ACC-1116,2024-09-25,Caick Moreira,Standing check-in held. Team is steady.
N-04323,ACC-1116,2024-10-07,Caick Moreira,Exec sponsor confirmed budget is protected for next year.
N-04324,ACC-1116,2024-11-02,Caick Moreira,Fix shipped. They tested it and closed the ticket themselves.
N-04325,ACC-1116,2024-11-28,Caick Moreira,New leadership reviewed the stack and kept us. Told me directly.
N-04326,ACC-1116,2024-12-21,Caick Moreira,Escalation closed out. They appreciated the follow-through.
N-04327,ACC-1116,2025-01-03,Caick Moreira,Their CIO joined the call and reiterated this is a strategic system for them.
N-04328,ACC-1116,2025-01-28,Caick Moreira,Escalation closed out. They appreciated the follow-through.
N-04329,ACC-1116,2025-02-20,Caick Moreira,Walked their analysts through role permissions. Good engagement.
N-04330,ACC-1116,2025-03-13,Caick Moreira,Interest in the alerting rules for a team that is not on the contract yet.
N-04331,ACC-1116,2025-04-11,Caick Moreira,Escalation closed out. They appreciated the follow-through.
N-04332,ACC-1116,2025-04-23,Caick Moreira,Their second division reached out directly about getting access.
N-04333,ACC-1116,2025-05-11,Caick Moreira,Reviewed the year. They are happy with where adoption landed.
N-04334,ACC-1116,2025-06-08,Caick Moreira,New leadership reviewed the stack and kept us. Told me directly.
N-04335,ACC-1116,2025-06-27,Caick Moreira,QBR went well. They presented our numbers to their leadership.
N-04336,ACC-1116,2025-07-15,Caick Moreira,Interest in the reporting module for a team that is not on the contract yet.
N-04337,ACC-1116,2025-08-03,Caick Moreira,New leadership reviewed the stack and kept us. Told me directly.
N-04338,ACC-1116,2025-08-20,Caick Moreira,Walked their analysts through the mobile app. Good engagement.
N-04339,ACC-1116,2025-09-17,Caick Moreira,Business review complete. Talia Nwosu called out time savings on their team.
N-04340,ACC-1116,2025-10-10,Caick Moreira,Sent over the enablement material they asked for.
N-04341,ACC-1116,2025-11-07,Caick Moreira,Walked their analysts through role permissions. Good engagement.
N-04342,ACC-1116,2025-11-28,Caick Moreira,Touched base. They are heads down on their own roadmap right now.
N-04343,ACC-1116,2025-12-22,Caick Moreira,Reviewed the year. They are happy with where adoption landed.
N-04344,ACC-1116,2026-01-05,Caick Moreira,Delivered onboarding for the new hires on their team.
N-04345,ACC-1116,2026-01-24,Caick Moreira,We got the integration working. Their team is back to normal.
N-04346,ACC-1116,2026-02-18,Caick Moreira,The the reporting module issue is resolved. Confirmed with their admin.
N-04347,ACC-1116,2026-03-11,Caick Moreira,New leadership reviewed the stack and kept us. Told me directly.
N-04348,ACC-1116,2026-04-03,Caick Moreira,Exec sponsor confirmed budget is protected for next year.
N-04349,ACC-1116,2026-04-22,Caick Moreira,QBR went well. They presented our numbers to their leadership.
N-04350,ACC-1116,2026-05-14,Caick Moreira,Interest in the API for a team that is not on the contract yet.
N-04351,ACC-1116,2026-05-28,Caick Moreira,Strong QBR. They want to talk about expanding to a second department.
N-04352,ACC-1116,2026-06-11,Caick Moreira,Their CIO joined the call and reiterated this is a strategic system for them.
N-04353,ACC-1116,2026-07-02,Caick Moreira,Their CIO joined the call and reiterated this is a strategic system for them.
N-04354,ACC-1116,2026-07-25,Caick Moreira,Strong QBR. They want to talk about expanding to a second department.
N-04355,ACC-1116,2026-08-24,Caick Moreira,Exec sponsor confirmed budget is protected for next year.
N-04356,ACC-1117,2025-07-10,Brittney Cole,They asked whether we can do a shorter term or a smaller seat count.
N-04357,ACC-1117,2025-07-27,Brittney Cole,They included us in their annual planning conversation.
N-04358,ACC-1117,2025-08-11,Brittney Cole,Root cause shared with them. They were satisfied with the explanation.
N-04359,ACC-1117,2025-08-25,Brittney Cole,Business review complete. Talia Saltzman called out time savings on their team.
N-04360,ACC-1117,2025-09-14,Brittney Cole,Budget freeze announced internally. Renewals are being looked at individually.
N-04361,ACC-1117,2025-10-11,Brittney Cole,Interest in dashboards for a team that is not on the contract yet.
N-04362,ACC-1117,2025-10-23,Brittney Cole,Fix shipped. They tested it and closed the ticket themselves.
N-04363,ACC-1117,2025-11-05,Brittney Cole,Asked about the higher tier. Sending over details.
N-04364,ACC-1117,2025-11-27,Brittney Cole,The the alerting rules issue is resolved. Confirmed with their admin.
N-04365,ACC-1117,2025-12-10,Brittney Cole,The SSO issue is resolved. Confirmed with their admin.
N-04366,ACC-1117,2025-12-29,Brittney Cole,Talia Saltzman was promoted and now owns a larger scope. Good for us.
N-04367,ACC-1117,2026-01-20,Brittney Cole,Exec sponsor confirmed budget is protected for next year.
N-04368,ACC-1117,2026-02-05,Brittney Cole,Our sponsor Talia Saltzman was reorged out of the function. Starting over on relationship mapping.
N-04369,ACC-1117,2026-03-05,Brittney Cole,Monthly check-in. Nothing new to report.
N-04370,ACC-1117,2026-03-29,Brittney Cole,Escalation closed out. They appreciated the follow-through.
N-04371,ACC-1117,2026-04-15,Brittney Cole,Finance is reviewing every software line item this cycle.
N-04372,ACC-1117,2026-05-13,Brittney Cole,Talia Saltzman has moved to a different company. No replacement named yet.
N-04373,ACC-1117,2026-06-07,Brittney Cole,The the API issue is resolved. Confirmed with their admin.
N-04374,ACC-1117,2026-06-20,Brittney Cole,Walked their analysts through data retention. Good engagement.
N-04375,ACC-1117,2026-07-10,Brittney Cole,"Short call. Reviewed open items, nothing escalated."
N-04376,ACC-1117,2026-08-01,Brittney Cole,"Short call. Reviewed open items, nothing escalated."
N-04377,ACC-1117,2026-08-23,Brittney Cole,Sent over the enablement material they asked for.
N-04378,ACC-1117,2026-09-05,Brittney Cole,Escalation closed out. They appreciated the follow-through.
N-04379,ACC-1118,2025-12-03,Caick Moreira,We got the integration working. Their team is back to normal.
N-04380,ACC-1118,2025-12-21,Caick Moreira,Root cause shared with them. They were satisfied with the explanation.
N-04381,ACC-1118,2026-01-14,Caick Moreira,They included us in their annual planning conversation.
N-04382,ACC-1118,2026-02-07,Caick Moreira,Reviewed the year. They are happy with where adoption landed.
N-04383,ACC-1118,2026-03-03,Caick Moreira,Reviewed the year. They are happy with where adoption landed.
N-04384,ACC-1118,2026-03-19,Caick Moreira,We got the integration working. Their team is back to normal.
N-04385,ACC-1118,2026-04-14,Caick Moreira,Monthly check-in. Nothing new to report.
N-04386,ACC-1118,2026-05-13,Caick Moreira,Quick sync with Wes Lindqvist. Business as usual.
N-04387,ACC-1118,2026-05-29,Caick Moreira,Asked about the higher tier. Sending over details.
N-04388,ACC-1118,2026-06-11,Caick Moreira,Reviewed the year. They are happy with where adoption landed.
N-04389,ACC-1118,2026-07-08,Caick Moreira,QBR went well. They presented our numbers to their leadership.
N-04390,ACC-1118,2026-08-04,Caick Moreira,Ran a refresher session on the mobile app for 4 of their people.
N-04391,ACC-1118,2026-08-24,Caick Moreira,Walked their analysts through the mobile app. Good engagement.
N-04392,ACC-1119,2023-02-16,Brittney Cole,They included us in their annual planning conversation.
N-04393,ACC-1119,2023-03-05,Brittney Cole,Our sponsor Raj Ramirez was reorged out of the function. Starting over on relationship mapping.
N-04394,ACC-1119,2023-03-28,Brittney Cole,Business review complete. Raj Ramirez called out time savings on their team.
N-04395,ACC-1119,2023-04-12,Brittney Cole,They asked what it would take to add 11 more seats.
N-04396,ACC-1119,2023-05-01,Brittney Cole,New VP came in over Raj Ramirez's team and is reviewing all vendor relationships.
N-04397,ACC-1119,2023-05-16,Brittney Cole,Org change on their side. Raj Ramirez no longer owns this relationship.
N-04398,ACC-1119,2023-06-04,Brittney Cole,QBR went well. They presented our numbers to their leadership.
N-04399,ACC-1119,2023-07-03,Brittney Cole,Walked their analysts through the Salesforce sync. Good engagement.
N-04400,ACC-1119,2023-08-02,Brittney Cole,Escalation closed out. They appreciated the follow-through.
N-04401,ACC-1119,2023-08-17,Brittney Cole,Ran a refresher session on the Salesforce sync for 11 of their people.
N-04402,ACC-1119,2023-09-16,Brittney Cole,Their CIO joined the call and reiterated this is a strategic system for them.
N-04403,ACC-1119,2023-10-16,Brittney Cole,"Office hours session. 10 attendees, mostly questions about reporting."
N-04404,ACC-1119,2023-11-10,Brittney Cole,Good session. Their exec attended and was engaged.
N-04405,ACC-1119,2023-12-03,Brittney Cole,Escalation closed out. They appreciated the follow-through.
N-04406,ACC-1119,2023-12-30,Brittney Cole,Escalation closed out. They appreciated the follow-through.
N-04407,ACC-1119,2024-01-21,Brittney Cole,Raj Ramirez has moved to a different company. No replacement named yet.
N-04408,ACC-1119,2024-02-19,Brittney Cole,QBR went well. They presented our numbers to their leadership.
N-04409,ACC-1119,2024-03-13,Brittney Cole,Lost our exec sponsor. Raj Ramirez was the reason this renewed last year.
N-04410,ACC-1119,2024-04-02,Brittney Cole,Their second division reached out directly about getting access.
N-04411,ACC-1119,2024-05-01,Brittney Cole,Good session. Their exec attended and was engaged.
N-04412,ACC-1119,2024-05-17,Brittney Cole,Heard secondhand that Nimbus Track gave them aggressive pricing.
N-04413,ACC-1119,2024-06-04,Brittney Cole,Good session. Their exec attended and was engaged.
N-04414,ACC-1119,2024-06-20,Brittney Cole,The dashboards issue is resolved. Confirmed with their admin.
N-04415,ACC-1119,2024-07-04,Brittney Cole,Their new director used Lattitude at her last company and prefers it.
N-04416,ACC-1119,2024-07-28,Brittney Cole,Heard secondhand that Helmsman gave them aggressive pricing.
N-04417,ACC-1119,2024-08-21,Brittney Cole,Talked through a multi-year option. They want pricing.
N-04418,ACC-1119,2024-09-04,Brittney Cole,They asked what it would take to add 5 more seats.
N-04419,ACC-1119,2024-09-23,Brittney Cole,Exec sponsor confirmed budget is protected for next year.
N-04420,ACC-1119,2024-10-19,Brittney Cole,"Heads up, Raj Ramirez is leaving at the end of the month. She was our main advocate here."
N-04421,ACC-1119,2024-11-09,Brittney Cole,Good session. Their exec attended and was engaged.
N-04422,ACC-1119,2024-12-04,Brittney Cole,New leadership reviewed the stack and kept us. Told me directly.
N-04423,ACC-1119,2024-12-28,Brittney Cole,Raj Ramirez has moved to a different company. No replacement named yet.
N-04424,ACC-1119,2025-01-13,Brittney Cole,Their second division reached out directly about getting access.
N-04425,ACC-1119,2025-02-09,Brittney Cole,Quick sync with Raj Ramirez. Business as usual.
N-04426,ACC-1119,2025-02-26,Brittney Cole,They are running a formal evaluation and we are one of three.
N-04427,ACC-1119,2025-03-19,Brittney Cole,Good session. Their exec attended and was engaged.
N-04428,ACC-1119,2025-04-14,Brittney Cole,Talked through a multi-year option. They want pricing.
N-04429,ACC-1119,2025-05-03,Brittney Cole,Reviewed the year. They are happy with where adoption landed.
N-04430,ACC-1119,2025-05-29,Brittney Cole,Sent over the enablement material they asked for.
N-04431,ACC-1119,2025-06-27,Brittney Cole,Lost our exec sponsor. Raj Ramirez was the reason this renewed last year.
N-04432,ACC-1119,2025-07-24,Brittney Cole,Interest in dashboards for a team that is not on the contract yet.
N-04433,ACC-1119,2025-08-11,Brittney Cole,The the mobile app issue is resolved. Confirmed with their admin.
N-04434,ACC-1119,2025-09-10,Brittney Cole,Ran a refresher session on role permissions for 12 of their people.
N-04435,ACC-1119,2025-10-04,Brittney Cole,Mentioned an RFP is going out before renewal.
N-04436,ACC-1119,2025-10-21,Brittney Cole,Their new director used Orderly at her last company and prefers it.
N-04437,ACC-1119,2025-11-10,Brittney Cole,Monthly check-in. Nothing new to report.
N-04438,ACC-1119,2025-11-25,Brittney Cole,Asked me how we compare to Corveo. First time that has come up.
N-04439,ACC-1119,2025-12-14,Brittney Cole,They asked what it would take to add 13 more seats.
N-04440,ACC-1119,2026-01-02,Brittney Cole,Their CIO joined the call and reiterated this is a strategic system for them.
N-04441,ACC-1119,2026-01-24,Brittney Cole,Root cause shared with them. They were satisfied with the explanation.
N-04442,ACC-1119,2026-02-10,Brittney Cole,"Their new director does not know who we are. Sent an intro note, no reply yet."
N-04443,ACC-1119,2026-03-07,Brittney Cole,Heard secondhand that a spreadsheet-based process gave them aggressive pricing.
N-04444,ACC-1119,2026-03-31,Brittney Cole,Their second division reached out directly about getting access.
N-04445,ACC-1119,2026-04-23,Brittney Cole,Walked their analysts through the Salesforce sync. Good engagement.
N-04446,ACC-1119,2026-05-07,Brittney Cole,Root cause shared with them. They were satisfied with the explanation.
N-04447,ACC-1119,2026-06-05,Brittney Cole,We got the integration working. Their team is back to normal.
N-04448,ACC-1119,2026-06-17,Brittney Cole,They asked what it would take to add 2 more seats.
N-04449,ACC-1119,2026-07-02,Brittney Cole,"Raj Ramirez confirmed she is taking a role elsewhere. Asked her who to talk to, she was vague."
N-04450,ACC-1119,2026-07-30,Brittney Cole,Delivered onboarding for the new hires on their team.
N-04451,ACC-1119,2026-08-16,Brittney Cole,New leadership reviewed the stack and kept us. Told me directly.
N-04452,ACC-1120,2026-04-05,Owen Trask,Root cause shared with them. They were satisfied with the explanation.
N-04453,ACC-1120,2026-04-24,Owen Trask,Their second division reached out directly about getting access.
N-04454,ACC-1120,2026-05-13,Owen Trask,The the API issue is resolved. Confirmed with their admin.
N-04455,ACC-1120,2026-05-30,Owen Trask,Talked through a multi-year option. They want pricing.
N-04456,ACC-1120,2026-06-22,Owen Trask,Exec sponsor confirmed budget is protected for next year.
N-04457,ACC-1120,2026-07-19,Owen Trask,Reopened the issue with the Salesforce sync. Their patience is visibly thin.
N-04458,ACC-1120,2026-08-06,Owen Trask,Asked about downgrade options unprompted.
N-04459,ACC-1120,2026-08-28,Owen Trask,Their second division reached out directly about getting access.
N-04460,ACC-1121,2025-11-05,Leila Haddad,Asked about the higher tier. Sending over details.
N-04461,ACC-1121,2025-12-03,Leila Haddad,Exec sponsor confirmed budget is protected for next year.
N-04462,ACC-1121,2025-12-27,Leila Haddad,Asked about the higher tier. Sending over details.
N-04463,ACC-1121,2026-01-14,Leila Haddad,Talked through a multi-year option. They want pricing.
N-04464,ACC-1121,2026-01-31,Leila Haddad,"Office hours session. 12 attendees, mostly questions about reporting."
N-04465,ACC-1121,2026-02-25,Leila Haddad,Good session. Their exec attended and was engaged.
N-04466,ACC-1121,2026-03-19,Leila Haddad,We got the integration working. Their team is back to normal.
N-04467,ACC-1121,2026-04-18,Leila Haddad,They asked what it would take to add 12 more seats.
N-04468,ACC-1121,2026-05-07,Leila Haddad,Talked through a multi-year option. They want pricing.
N-04469,ACC-1121,2026-05-23,Leila Haddad,Business review complete. Wes Nakamura called out time savings on their team.
N-04470,ACC-1121,2026-06-04,Leila Haddad,Good session. Their exec attended and was engaged.
N-04471,ACC-1121,2026-06-24,Leila Haddad,Quick sync with Wes Nakamura. Business as usual.
N-04472,ACC-1121,2026-07-23,Leila Haddad,"Short call. Reviewed open items, nothing escalated."
N-04473,ACC-1121,2026-08-21,Leila Haddad,Root cause shared with them. They were satisfied with the explanation.
N-04474,ACC-1121,2026-09-08,Leila Haddad,Their CIO joined the call and reiterated this is a strategic system for them.
N-04475,ACC-1122,2025-10-01,Leila Haddad,"Short call. Reviewed open items, nothing escalated."
N-04476,ACC-1122,2025-10-14,Leila Haddad,QBR went well. They presented our numbers to their leadership.
N-04477,ACC-1122,2025-11-07,Leila Haddad,Escalation closed out. They appreciated the follow-through.
N-04478,ACC-1122,2025-11-20,Leila Haddad,"Office hours session. 5 attendees, mostly questions about reporting."
N-04479,ACC-1122,2025-12-19,Leila Haddad,Reid Ramirez is on leave through Q4 and nobody was designated to cover the account.
N-04480,ACC-1122,2026-01-12,Leila Haddad,Reid Ramirez is on leave through Q4 and nobody was designated to cover the account.
N-04481,ACC-1122,2026-01-25,Leila Haddad,They skipped the business review entirely this cycle.
N-04482,ACC-1123,2024-11-07,Nuala Byrne,Brief call with the admin. No issues raised.
N-04483,ACC-1123,2024-11-21,Nuala Byrne,We got the integration working. Their team is back to normal.
N-04484,ACC-1123,2024-12-20,Nuala Byrne,They included us in their annual planning conversation.
N-04485,ACC-1123,2025-01-17,Nuala Byrne,Their second division reached out directly about getting access.
N-04486,ACC-1123,2025-02-04,Nuala Byrne,"Short call. Reviewed open items, nothing escalated."
N-04487,ACC-1123,2025-02-22,Nuala Byrne,Talked through a multi-year option. They want pricing.
N-04488,ACC-1123,2025-03-24,Nuala Byrne,QBR went well. They presented our numbers to their leadership.
N-04489,ACC-1123,2025-04-06,Nuala Byrne,They asked what it would take to add 9 more seats.
N-04490,ACC-1123,2025-04-28,Nuala Byrne,They asked what it would take to add 12 more seats.
N-04491,ACC-1123,2025-05-27,Nuala Byrne,Quick sync with Simone Vasquez. Business as usual.
N-04492,ACC-1123,2025-06-20,Nuala Byrne,Sent over the enablement material they asked for.
N-04493,ACC-1123,2025-07-17,Nuala Byrne,Good session. Their exec attended and was engaged.
N-04494,ACC-1123,2025-08-04,Nuala Byrne,"Office hours session. 9 attendees, mostly questions about reporting."
N-04495,ACC-1123,2025-08-16,Nuala Byrne,Root cause shared with them. They were satisfied with the explanation.
N-04496,ACC-1123,2025-08-30,Nuala Byrne,We got the integration working. Their team is back to normal.
N-04497,ACC-1123,2025-09-24,Nuala Byrne,They asked what it would take to add 5 more seats.
N-04498,ACC-1123,2025-10-23,Nuala Byrne,Reviewed the year. They are happy with where adoption landed.
N-04499,ACC-1123,2025-11-04,Nuala Byrne,They included us in their annual planning conversation.
N-04500,ACC-1123,2025-11-26,Nuala Byrne,The dashboards issue is resolved. Confirmed with their admin.
N-04501,ACC-1123,2025-12-12,Nuala Byrne,Their CIO joined the call and reiterated this is a strategic system for them.
N-04502,ACC-1123,2026-01-07,Nuala Byrne,Simone Vasquez was promoted and now owns a larger scope. Good for us.
N-04503,ACC-1123,2026-01-21,Nuala Byrne,Root cause shared with them. They were satisfied with the explanation.
N-04504,ACC-1123,2026-02-10,Nuala Byrne,QBR went well. They presented our numbers to their leadership.
N-04505,ACC-1123,2026-02-22,Nuala Byrne,Ran a refresher session on the mobile app for 8 of their people.
N-04506,ACC-1123,2026-03-06,Nuala Byrne,Business review complete. Simone Vasquez called out time savings on their team.
N-04507,ACC-1123,2026-03-19,Nuala Byrne,Business review complete. Simone Vasquez called out time savings on their team.
N-04508,ACC-1123,2026-04-12,Nuala Byrne,Ran a refresher session on the bulk import for 7 of their people.
N-04509,ACC-1123,2026-05-06,Nuala Byrne,Quick sync with Simone Vasquez. Business as usual.
N-04510,ACC-1123,2026-06-05,Nuala Byrne,Strong QBR. They want to talk about expanding to a second department.
N-04511,ACC-1123,2026-07-01,Nuala Byrne,Ran a refresher session on SSO for 12 of their people.
N-04512,ACC-1123,2026-07-24,Nuala Byrne,They included us in their annual planning conversation.
N-04513,ACC-1123,2026-08-09,Nuala Byrne,Root cause shared with them. They were satisfied with the explanation.
N-04514,ACC-1123,2026-09-02,Nuala Byrne,Ran a refresher session on the alerting rules for 3 of their people.
N-04515,ACC-1124,2024-07-09,Owen Trask,Sent over the enablement material they asked for.
N-04516,ACC-1124,2024-08-05,Owen Trask,Sent over the enablement material they asked for.
N-04517,ACC-1124,2024-08-27,Owen Trask,Business review complete. Soren Kaminski called out time savings on their team.
N-04518,ACC-1124,2024-09-25,Owen Trask,New VP came in over Soren Kaminski's team and is reviewing all vendor relationships.
N-04519,ACC-1124,2024-10-11,Owen Trask,Standing check-in held. Team is steady.
N-04520,ACC-1124,2024-11-03,Owen Trask,We got the integration working. Their team is back to normal.
N-04521,ACC-1124,2024-12-03,Owen Trask,Login activity dropped off after the project lead changed. 8 active this month.
N-04522,ACC-1124,2024-12-25,Owen Trask,Good session. Their exec attended and was engaged.
N-04523,ACC-1124,2025-01-16,Owen Trask,Promised a fix date last month and we missed it. Had to tell them today.
N-04524,ACC-1124,2025-01-31,Owen Trask,QBR went well. They presented our numbers to their leadership.
N-04525,ACC-1124,2025-02-25,Owen Trask,Quick sync with Soren Kaminski. Business as usual.
N-04526,ACC-1124,2025-03-22,Owen Trask,Strong QBR. They want to talk about expanding to a second department.
N-04527,ACC-1124,2025-04-09,Owen Trask,Good session. Their exec attended and was engaged.
N-04528,ACC-1124,2025-04-25,Owen Trask,Their second division reached out directly about getting access.
N-04529,ACC-1124,2025-05-21,Owen Trask,Talked through a multi-year option. They want pricing.
N-04530,ACC-1124,2025-06-13,Owen Trask,The the bulk import issue is resolved. Confirmed with their admin.
N-04531,ACC-1124,2025-07-09,Owen Trask,The workaround we gave them for the Salesforce sync stopped working.
N-04532,ACC-1124,2025-08-05,Owen Trask,"Short call. Reviewed open items, nothing escalated."
N-04533,ACC-1124,2025-08-28,Owen Trask,Good session. Their exec attended and was engaged.
N-04534,ACC-1124,2025-09-22,Owen Trask,QBR went well. They presented our numbers to their leadership.
N-04535,ACC-1124,2025-10-10,Owen Trask,Reviewed the year. They are happy with where adoption landed.
N-04536,ACC-1124,2025-11-01,Owen Trask,Walked their analysts through SSO. Good engagement.
N-04537,ACC-1124,2025-11-27,Owen Trask,Good session. Their exec attended and was engaged.
N-04538,ACC-1124,2025-12-12,Owen Trask,"Office hours session. 8 attendees, mostly questions about reporting."
N-04539,ACC-1124,2026-01-04,Owen Trask,Touched base. They are heads down on their own roadmap right now.
N-04540,ACC-1124,2026-01-22,Owen Trask,They asked what it would take to add 6 more seats.
N-04541,ACC-1124,2026-02-14,Owen Trask,Walked their analysts through the mobile app. Good engagement.
N-04542,ACC-1124,2026-03-08,Owen Trask,Reviewed the year. They are happy with where adoption landed.
N-04543,ACC-1124,2026-04-06,Owen Trask,Fix shipped. They tested it and closed the ticket themselves.
N-04544,ACC-1124,2026-05-03,Owen Trask,Requested a feature comparison against Lattitude. Sent one.
N-04545,ACC-1124,2026-05-26,Owen Trask,Good session. Their exec attended and was engaged.
N-04546,ACC-1124,2026-06-20,Owen Trask,Touched base. They are heads down on their own roadmap right now.
N-04547,ACC-1124,2026-07-04,Owen Trask,Outage during their peak week. They want a written explanation.
N-04548,ACC-1125,2022-11-15,Shairyar Khan,Standing check-in held. Team is steady.
N-04549,ACC-1125,2022-12-10,Shairyar Khan,Only 7 of their licensed seats logged in last month.
N-04550,ACC-1125,2023-01-02,Shairyar Khan,Their CIO joined the call and reiterated this is a strategic system for them.
N-04551,ACC-1125,2023-01-20,Shairyar Khan,Nobody outside the original two users has touched the reporting module since onboarding.
N-04552,ACC-1125,2023-02-07,Shairyar Khan,Fix shipped. They tested it and closed the ticket themselves.
N-04553,ACC-1125,2023-03-09,Shairyar Khan,"Ran the numbers before the call. 4 active users, down from last quarter."
N-04554,ACC-1125,2023-03-23,Shairyar Khan,They included us in their annual planning conversation.
N-04555,ACC-1125,2023-04-07,Shairyar Khan,Their second division reached out directly about getting access.
N-04556,ACC-1125,2023-04-27,Shairyar Khan,The dashboards issue is resolved. Confirmed with their admin.
N-04557,ACC-1125,2023-05-11,Shairyar Khan,Nobody outside the original two users has touched dashboards since onboarding.
N-04558,ACC-1125,2023-05-31,Shairyar Khan,Admin told me most of the team still does this work in spreadsheets.
N-04559,ACC-1125,2023-06-26,Shairyar Khan,Fix shipped. They tested it and closed the ticket themselves.
N-04560,ACC-1125,2023-07-21,Shairyar Khan,Login activity dropped off after the project lead changed. 9 active this month.
N-04561,ACC-1125,2023-08-16,Shairyar Khan,New leadership reviewed the stack and kept us. Told me directly.
N-04562,ACC-1125,2023-09-13,Shairyar Khan,Escalation closed out. They appreciated the follow-through.
N-04563,ACC-1125,2023-10-13,Shairyar Khan,Touched base. They are heads down on their own roadmap right now.
N-04564,ACC-1125,2023-11-03,Shairyar Khan,Escalation closed out. They appreciated the follow-through.
N-04565,ACC-1125,2023-11-27,Shairyar Khan,Standing check-in held. Team is steady.
N-04566,ACC-1125,2023-12-27,Shairyar Khan,Their CIO joined the call and reiterated this is a strategic system for them.
N-04567,ACC-1125,2024-01-12,Shairyar Khan,Delivered onboarding for the new hires on their team.
N-04568,ACC-1125,2024-02-08,Shairyar Khan,"Ran the numbers before the call. 5 active users, down from last quarter."
N-04569,ACC-1125,2024-03-06,Shairyar Khan,"Short call. Reviewed open items, nothing escalated."
N-04570,ACC-1125,2024-03-31,Shairyar Khan,They included us in their annual planning conversation.
N-04571,ACC-1125,2024-04-13,Shairyar Khan,Good session. Their exec attended and was engaged.
N-04572,ACC-1125,2024-05-09,Shairyar Khan,Escalation closed out. They appreciated the follow-through.
N-04573,ACC-1125,2024-06-07,Shairyar Khan,Escalation closed out. They appreciated the follow-through.
N-04574,ACC-1125,2024-06-23,Shairyar Khan,Their second division reached out directly about getting access.
N-04575,ACC-1125,2024-07-13,Shairyar Khan,"Ran the numbers before the call. 2 active users, down from last quarter."
N-04576,ACC-1125,2024-08-05,Shairyar Khan,Talked through a multi-year option. They want pricing.
N-04577,ACC-1125,2024-08-25,Shairyar Khan,Admin told me most of the team still does this work in spreadsheets.
N-04578,ACC-1125,2024-09-22,Shairyar Khan,The SSO issue is resolved. Confirmed with their admin.
N-04579,ACC-1125,2024-10-11,Shairyar Khan,Standing check-in held. Team is steady.
N-04580,ACC-1125,2024-11-02,Shairyar Khan,Delivered onboarding for the new hires on their team.
N-04581,ACC-1125,2024-11-15,Shairyar Khan,Delivered onboarding for the new hires on their team.
N-04582,ACC-1125,2024-12-12,Shairyar Khan,Delivered onboarding for the new hires on their team.
N-04583,ACC-1125,2024-12-25,Shairyar Khan,Fix shipped. They tested it and closed the ticket themselves.
N-04584,ACC-1125,2025-01-07,Shairyar Khan,New leadership reviewed the stack and kept us. Told me directly.
N-04585,ACC-1125,2025-01-20,Shairyar Khan,The the mobile app issue is resolved. Confirmed with their admin.
N-04586,ACC-1125,2025-02-10,Shairyar Khan,Good session. Their exec attended and was engaged.
N-04587,ACC-1125,2025-03-09,Shairyar Khan,"Seat utilization is under a third. Raised it, they acknowledged and moved on."
N-04588,ACC-1125,2025-03-30,Shairyar Khan,Only 12 of their licensed seats logged in last month.
N-04589,ACC-1125,2025-04-26,Shairyar Khan,Escalation closed out. They appreciated the follow-through.
N-04590,ACC-1125,2025-05-21,Shairyar Khan,They bought for the whole department but adoption never left the pilot team.
N-04591,ACC-1125,2025-06-20,Shairyar Khan,"Office hours session. 9 attendees, mostly questions about reporting."
N-04592,ACC-1125,2025-07-09,Shairyar Khan,Escalation closed out. They appreciated the follow-through.
N-04593,ACC-1125,2025-07-25,Shairyar Khan,The role permissions issue is resolved. Confirmed with their admin.
N-04594,ACC-1125,2025-08-19,Shairyar Khan,Delivered onboarding for the new hires on their team.
N-04595,ACC-1125,2025-09-13,Shairyar Khan,"Short call. Reviewed open items, nothing escalated."
N-04596,ACC-1125,2025-10-05,Shairyar Khan,We got the integration working. Their team is back to normal.
N-04597,ACC-1125,2025-10-24,Shairyar Khan,The the Salesforce sync issue is resolved. Confirmed with their admin.
N-04598,ACC-1125,2025-11-15,Shairyar Khan,"Seat utilization is under a third. Raised it, they acknowledged and moved on."
N-04599,ACC-1125,2025-11-28,Shairyar Khan,We got the integration working. Their team is back to normal.
N-04600,ACC-1125,2025-12-12,Shairyar Khan,We got the integration working. Their team is back to normal.
N-04601,ACC-1125,2025-12-29,Shairyar Khan,Sent over the enablement material they asked for.
N-04602,ACC-1125,2026-01-21,Shairyar Khan,They are paying for far more than they use and finance has started to notice.
N-04603,ACC-1125,2026-02-12,Shairyar Khan,We got the integration working. Their team is back to normal.
N-04604,ACC-1125,2026-02-27,Shairyar Khan,Fix shipped. They tested it and closed the ticket themselves.
N-04605,ACC-1125,2026-03-19,Shairyar Khan,Strong QBR. They want to talk about expanding to a second department.
N-04606,ACC-1125,2026-04-04,Shairyar Khan,The dashboards issue is resolved. Confirmed with their admin.
N-04607,ACC-1125,2026-05-02,Shairyar Khan,Usage is flat. 5 weekly active users against a much larger contract.
N-04608,ACC-1125,2026-05-20,Shairyar Khan,"Ran the numbers before the call. 5 active users, down from last quarter."
N-04609,ACC-1125,2026-06-08,Shairyar Khan,"Seat utilization is under a third. Raised it, they acknowledged and moved on."
N-04610,ACC-1125,2026-06-21,Shairyar Khan,Usage is flat. 5 weekly active users against a much larger contract.
N-04611,ACC-1125,2026-07-17,Shairyar Khan,Fix shipped. They tested it and closed the ticket themselves.
N-04612,ACC-1125,2026-08-06,Shairyar Khan,Fix shipped. They tested it and closed the ticket themselves.
N-04613,ACC-1125,2026-09-04,Shairyar Khan,Delivered onboarding for the new hires on their team.
N-04614,ACC-1126,2025-07-28,Nuala Byrne,QBR went well. They presented our numbers to their leadership.
N-04615,ACC-1126,2025-08-24,Nuala Byrne,Root cause shared with them. They were satisfied with the explanation.
N-04616,ACC-1126,2025-09-07,Nuala Byrne,Escalation closed out. They appreciated the follow-through.
N-04617,ACC-1126,2025-10-06,Nuala Byrne,They are considering consolidating onto Nimbus Track as part of a platform play.
N-04618,ACC-1126,2025-11-02,Nuala Byrne,They are running a formal evaluation and we are one of three.
N-04619,ACC-1126,2025-11-23,Nuala Byrne,Walked their analysts through the mobile app. Good engagement.
N-04620,ACC-1126,2025-12-05,Nuala Byrne,Talked through a multi-year option. They want pricing.
N-04621,ACC-1126,2025-12-29,Nuala Byrne,They are considering consolidating onto Orderly as part of a platform play.
N-04622,ACC-1126,2026-01-15,Nuala Byrne,"Office hours session. 12 attendees, mostly questions about reporting."
N-04623,ACC-1126,2026-02-08,Nuala Byrne,Monthly check-in. Nothing new to report.
N-04624,ACC-1126,2026-02-23,Nuala Byrne,Requested a feature comparison against Lattitude. Sent one.
N-04625,ACC-1126,2026-03-09,Nuala Byrne,Standing check-in held. Team is steady.
N-04626,ACC-1126,2026-03-22,Nuala Byrne,Their second division reached out directly about getting access.
N-04627,ACC-1126,2026-04-14,Nuala Byrne,Root cause shared with them. They were satisfied with the explanation.
N-04628,ACC-1126,2026-05-11,Nuala Byrne,Root cause shared with them. They were satisfied with the explanation.
N-04629,ACC-1126,2026-06-04,Nuala Byrne,Monthly check-in. Nothing new to report.
N-04630,ACC-1126,2026-06-28,Nuala Byrne,We got the integration working. Their team is back to normal.
N-04631,ACC-1126,2026-07-20,Nuala Byrne,Root cause shared with them. They were satisfied with the explanation.
N-04632,ACC-1126,2026-08-05,Nuala Byrne,Their new director used Orderly at her last company and prefers it.
N-04633,ACC-1126,2026-09-04,Nuala Byrne,Good session. Their exec attended and was engaged.
N-04634,ACC-1127,2023-01-20,Owen Trask,Root cause shared with them. They were satisfied with the explanation.
N-04635,ACC-1127,2023-02-12,Owen Trask,The the Salesforce sync issue is resolved. Confirmed with their admin.
N-04636,ACC-1127,2023-03-12,Owen Trask,Their second division reached out directly about getting access.
N-04637,ACC-1127,2023-04-03,Owen Trask,Dana Okafor was promoted and now owns a larger scope. Good for us.
N-04638,ACC-1127,2023-05-03,Owen Trask,Walked their analysts through the reporting module. Good engagement.
N-04639,ACC-1127,2023-05-21,Owen Trask,Found out Dana Okafor put in notice. Trying to get introduced to whoever picks this up.
N-04640,ACC-1127,2023-06-06,Owen Trask,Their CIO joined the call and reiterated this is a strategic system for them.
N-04641,ACC-1127,2023-06-24,Owen Trask,"Heads up, Dana Okafor is leaving at the end of the month. She was our main advocate here."
N-04642,ACC-1127,2023-07-23,Owen Trask,Escalation closed out. They appreciated the follow-through.
N-04643,ACC-1127,2023-08-20,Owen Trask,Talked through a multi-year option. They want pricing.
N-04644,ACC-1127,2023-09-11,Owen Trask,"Heads up, Dana Okafor is leaving at the end of the month. She was our main advocate here."
N-04645,ACC-1127,2023-10-01,Owen Trask,Reviewed the year. They are happy with where adoption landed.
N-04646,ACC-1127,2023-10-30,Owen Trask,Found out Dana Okafor put in notice. Trying to get introduced to whoever picks this up.
N-04647,ACC-1127,2023-11-18,Owen Trask,Fix shipped. They tested it and closed the ticket themselves.
N-04648,ACC-1127,2023-12-02,Owen Trask,Talked through a multi-year option. They want pricing.
N-04649,ACC-1127,2023-12-22,Owen Trask,Talked through a multi-year option. They want pricing.
N-04650,ACC-1127,2024-01-18,Owen Trask,Asked about the higher tier. Sending over details.
N-04651,ACC-1127,2024-02-05,Owen Trask,Found out Dana Okafor put in notice. Trying to get introduced to whoever picks this up.
N-04652,ACC-1127,2024-02-27,Owen Trask,Lost our exec sponsor. Dana Okafor was the reason this renewed last year.
N-04653,ACC-1127,2024-03-20,Owen Trask,Root cause shared with them. They were satisfied with the explanation.
N-04654,ACC-1127,2024-04-02,Owen Trask,Fix shipped. They tested it and closed the ticket themselves.
N-04655,ACC-1127,2024-04-25,Owen Trask,Interest in the bulk import for a team that is not on the contract yet.
N-04656,ACC-1127,2024-05-25,Owen Trask,"Their new director does not know who we are. Sent an intro note, no reply yet."
N-04657,ACC-1127,2024-06-16,Owen Trask,Business review complete. Dana Okafor called out time savings on their team.
N-04658,ACC-1127,2024-07-01,Owen Trask,"Heads up, Dana Okafor is leaving at the end of the month. She was our main advocate here."
N-04659,ACC-1127,2024-07-31,Owen Trask,Strong QBR. They want to talk about expanding to a second department.
N-04660,ACC-1127,2024-08-15,Owen Trask,New leadership reviewed the stack and kept us. Told me directly.
N-04661,ACC-1127,2024-08-30,Owen Trask,"Dana Okafor confirmed she is taking a role elsewhere. Asked her who to talk to, she was vague."
N-04662,ACC-1127,2024-09-21,Owen Trask,Lost our exec sponsor. Dana Okafor was the reason this renewed last year.
N-04663,ACC-1127,2024-10-13,Owen Trask,Fix shipped. They tested it and closed the ticket themselves.
N-04664,ACC-1127,2024-11-06,Owen Trask,Dana Okafor is on leave through Q4 and nobody was designated to cover the account.
N-04665,ACC-1127,2024-11-23,Owen Trask,Strong QBR. They want to talk about expanding to a second department.
N-04666,ACC-1127,2024-12-10,Owen Trask,Strong QBR. They want to talk about expanding to a second department.
N-04667,ACC-1127,2024-12-27,Owen Trask,"Dana Okafor confirmed she is taking a role elsewhere. Asked her who to talk to, she was vague."
N-04668,ACC-1127,2025-01-10,Owen Trask,Escalation closed out. They appreciated the follow-through.
N-04669,ACC-1127,2025-02-03,Owen Trask,They included us in their annual planning conversation.
N-04670,ACC-1127,2025-02-16,Owen Trask,The data retention issue is resolved. Confirmed with their admin.
N-04671,ACC-1127,2025-03-02,Owen Trask,Dana Okafor has moved to a different company. No replacement named yet.
N-04672,ACC-1127,2025-03-18,Owen Trask,Org change on their side. Dana Okafor no longer owns this relationship.
N-04673,ACC-1127,2025-04-08,Owen Trask,They asked what it would take to add 2 more seats.
N-04674,ACC-1127,2025-04-30,Owen Trask,Standing check-in held. Team is steady.
N-04675,ACC-1127,2025-05-18,Owen Trask,Dana Okafor is on leave through Q4 and nobody was designated to cover the account.
N-04676,ACC-1127,2025-05-30,Owen Trask,"Dana Okafor confirmed she is taking a role elsewhere. Asked her who to talk to, she was vague."
N-04677,ACC-1127,2025-06-21,Owen Trask,Their CIO joined the call and reiterated this is a strategic system for them.
N-04678,ACC-1127,2025-07-08,Owen Trask,Walked their analysts through SSO. Good engagement.
N-04679,ACC-1127,2025-08-07,Owen Trask,Brief call with the admin. No issues raised.
N-04680,ACC-1127,2025-09-06,Owen Trask,Touched base. They are heads down on their own roadmap right now.
N-04681,ACC-1127,2025-09-20,Owen Trask,Dana Okafor is on leave through Q4 and nobody was designated to cover the account.
N-04682,ACC-1127,2025-10-11,Owen Trask,Ran a refresher session on SSO for 13 of their people.
N-04683,ACC-1127,2025-10-23,Owen Trask,"Heads up, Dana Okafor is leaving at the end of the month. She was our main advocate here."
N-04684,ACC-1127,2025-11-20,Owen Trask,Asked about the higher tier. Sending over details.
N-04685,ACC-1127,2025-12-11,Owen Trask,"Office hours session. 3 attendees, mostly questions about reporting."
N-04686,ACC-1127,2025-12-30,Owen Trask,Escalation closed out. They appreciated the follow-through.
N-04687,ACC-1127,2026-01-19,Owen Trask,Business review complete. Dana Okafor called out time savings on their team.
N-04688,ACC-1127,2026-01-31,Owen Trask,The SSO issue is resolved. Confirmed with their admin.
N-04689,ACC-1127,2026-02-15,Owen Trask,Dana Okafor was promoted and now owns a larger scope. Good for us.
N-04690,ACC-1127,2026-03-16,Owen Trask,Org change on their side. Dana Okafor no longer owns this relationship.
N-04691,ACC-1127,2026-04-02,Owen Trask,Brief call with the admin. No issues raised.
N-04692,ACC-1127,2026-04-18,Owen Trask,Business review complete. Dana Okafor called out time savings on their team.
N-04693,ACC-1127,2026-05-14,Owen Trask,Their second division reached out directly about getting access.
N-04694,ACC-1127,2026-05-30,Owen Trask,Root cause shared with them. They were satisfied with the explanation.
N-04695,ACC-1127,2026-06-23,Owen Trask,Exec sponsor confirmed budget is protected for next year.
N-04696,ACC-1127,2026-07-06,Owen Trask,QBR went well. They presented our numbers to their leadership.
N-04697,ACC-1127,2026-07-19,Owen Trask,Monthly check-in. Nothing new to report.
N-04698,ACC-1127,2026-08-14,Owen Trask,Escalation closed out. They appreciated the follow-through.
N-04699,ACC-1127,2026-09-04,Owen Trask,Root cause shared with them. They were satisfied with the explanation.
N-04700,ACC-1128,2024-04-11,Shairyar Khan,The the alerting rules issue is resolved. Confirmed with their admin.
N-04701,ACC-1128,2024-04-29,Shairyar Khan,Fix shipped. They tested it and closed the ticket themselves.
N-04702,ACC-1128,2024-05-24,Shairyar Khan,The SSO issue is resolved. Confirmed with their admin.
N-04703,ACC-1128,2024-06-12,Shairyar Khan,Fix shipped. They tested it and closed the ticket themselves.
N-04704,ACC-1128,2024-07-05,Shairyar Khan,The data retention issue is resolved. Confirmed with their admin.
N-04705,ACC-1128,2024-07-22,Shairyar Khan,Business review complete. Simone Nwosu called out time savings on their team.
N-04706,ACC-1128,2024-08-04,Shairyar Khan,The the Salesforce sync issue is resolved. Confirmed with their admin.
N-04707,ACC-1128,2024-08-16,Shairyar Khan,Good session. Their exec attended and was engaged.
N-04708,ACC-1128,2024-09-09,Shairyar Khan,They skipped the business review entirely this cycle.
N-04709,ACC-1128,2024-10-04,Shairyar Khan,Budget freeze announced internally. Renewals are being looked at individually.
N-04710,ACC-1128,2024-10-27,Shairyar Khan,Four unanswered emails. Going to try their admin.
N-04711,ACC-1128,2024-11-13,Shairyar Khan,Went quiet after the escalation. Not sure who owns us there now.
N-04712,ACC-1128,2024-12-01,Shairyar Khan,The data retention issue is resolved. Confirmed with their admin.
N-04713,ACC-1128,2024-12-24,Shairyar Khan,Nobody outside the original two users has touched the mobile app since onboarding.
N-04714,ACC-1128,2025-01-08,Shairyar Khan,They skipped the business review entirely this cycle.
N-04715,ACC-1128,2025-01-27,Shairyar Khan,Interest in the mobile app for a team that is not on the contract yet.
N-04716,ACC-1128,2025-02-08,Shairyar Khan,Touched base. They are heads down on their own roadmap right now.
N-04717,ACC-1128,2025-03-07,Shairyar Khan,Delivered onboarding for the new hires on their team.
N-04718,ACC-1128,2025-04-03,Shairyar Khan,They asked what it would take to add 5 more seats.
N-04719,ACC-1128,2025-05-02,Shairyar Khan,Usage is flat. 14 weekly active users against a much larger contract.
N-04720,ACC-1128,2025-05-30,Shairyar Khan,Simone Nwosu was promoted and now owns a larger scope. Good for us.
N-04721,ACC-1128,2025-06-25,Shairyar Khan,Business review complete. Simone Nwosu called out time savings on their team.
N-04722,ACC-1128,2025-07-21,Shairyar Khan,Interest in the bulk import for a team that is not on the contract yet.
N-04723,ACC-1128,2025-08-04,Shairyar Khan,Delivered onboarding for the new hires on their team.
N-04724,ACC-1128,2025-09-01,Shairyar Khan,"Short call. Reviewed open items, nothing escalated."
N-04725,ACC-1128,2025-09-13,Shairyar Khan,Usage is flat. 13 weekly active users against a much larger contract.
N-04726,ACC-1128,2025-10-08,Shairyar Khan,No response in six weeks. Tried email and LinkedIn.
N-04727,ACC-1128,2025-10-22,Shairyar Khan,Escalation closed out. They appreciated the follow-through.
N-04728,ACC-1128,2025-11-17,Shairyar Khan,Admin told me most of the team still does this work in spreadsheets.
N-04729,ACC-1128,2025-12-16,Shairyar Khan,Fix shipped. They tested it and closed the ticket themselves.
N-04730,ACC-1128,2026-01-15,Shairyar Khan,Quick sync with Simone Nwosu. Business as usual.
N-04731,ACC-1128,2026-02-02,Shairyar Khan,Business review complete. Simone Nwosu called out time savings on their team.
N-04732,ACC-1128,2026-02-18,Shairyar Khan,Simone Nwosu stopped replying after the last pricing conversation.
N-04733,ACC-1128,2026-03-02,Shairyar Khan,Third reschedule on the QBR. No new date proposed.
N-04734,ACC-1128,2026-03-23,Shairyar Khan,Budget freeze announced internally. Renewals are being looked at individually.
N-04735,ACC-1128,2026-04-18,Shairyar Khan,We got the integration working. Their team is back to normal.
N-04736,ACC-1128,2026-05-07,Shairyar Khan,We got the integration working. Their team is back to normal.
N-04737,ACC-1128,2026-05-31,Shairyar Khan,Root cause shared with them. They were satisfied with the explanation.
N-04738,ACC-1128,2026-06-27,Shairyar Khan,QBR went well. They presented our numbers to their leadership.
N-04739,ACC-1128,2026-07-23,Shairyar Khan,Fix shipped. They tested it and closed the ticket themselves.
N-04740,ACC-1128,2026-08-11,Shairyar Khan,Ran a refresher session on the alerting rules for 9 of their people.
N-04741,ACC-1128,2026-08-30,Shairyar Khan,No response in six weeks. Tried email and LinkedIn.
N-04742,ACC-1129,2024-01-09,Nuala Byrne,New leadership reviewed the stack and kept us. Told me directly.
N-04743,ACC-1129,2024-02-02,Nuala Byrne,The the API issue is resolved. Confirmed with their admin.
N-04744,ACC-1129,2024-02-29,Nuala Byrne,They included us in their annual planning conversation.
N-04745,ACC-1129,2024-03-29,Nuala Byrne,"Office hours session. 7 attendees, mostly questions about reporting."
N-04746,ACC-1129,2024-04-18,Nuala Byrne,Anya Doyle was promoted and now owns a larger scope. Good for us.
N-04747,ACC-1129,2024-05-14,Nuala Byrne,Told me the spend is being questioned above Anya Doyle's level.
N-04748,ACC-1129,2024-06-02,Nuala Byrne,Their second division reached out directly about getting access.
N-04749,ACC-1129,2024-06-28,Nuala Byrne,Touched base. They are heads down on their own roadmap right now.
N-04750,ACC-1129,2024-07-18,Nuala Byrne,Escalation closed out. They appreciated the follow-through.
N-04751,ACC-1129,2024-08-09,Nuala Byrne,Escalation closed out. They appreciated the follow-through.
N-04752,ACC-1129,2024-08-22,Nuala Byrne,New leadership reviewed the stack and kept us. Told me directly.
N-04753,ACC-1129,2024-09-19,Nuala Byrne,New leadership reviewed the stack and kept us. Told me directly.
N-04754,ACC-1129,2024-10-04,Nuala Byrne,Brief call with the admin. No issues raised.
N-04755,ACC-1129,2024-10-20,Nuala Byrne,Touched base. They are heads down on their own roadmap right now.
N-04756,ACC-1129,2024-11-16,Nuala Byrne,Monthly check-in. Nothing new to report.
N-04757,ACC-1129,2024-12-01,Nuala Byrne,Reviewed the year. They are happy with where adoption landed.
N-04758,ACC-1129,2024-12-13,Nuala Byrne,Good session. Their exec attended and was engaged.
N-04759,ACC-1129,2024-12-27,Nuala Byrne,Strong QBR. They want to talk about expanding to a second department.
N-04760,ACC-1129,2025-01-17,Nuala Byrne,They asked what it would take to add 10 more seats.
N-04761,ACC-1129,2025-02-11,Nuala Byrne,Monthly check-in. Nothing new to report.
N-04762,ACC-1129,2025-03-09,Nuala Byrne,Delivered onboarding for the new hires on their team.
N-04763,ACC-1129,2025-03-22,Nuala Byrne,Escalation closed out. They appreciated the follow-through.
N-04764,ACC-1129,2025-04-10,Nuala Byrne,Anya Doyle is on leave through Q4 and nobody was designated to cover the account.
N-04765,ACC-1129,2025-04-23,Nuala Byrne,The the bulk import issue is resolved. Confirmed with their admin.
N-04766,ACC-1129,2025-05-08,Nuala Byrne,Asked about the higher tier. Sending over details.
N-04767,ACC-1129,2025-06-07,Nuala Byrne,"Heads up, Anya Doyle is leaving at the end of the month. She was our main advocate here."
N-04768,ACC-1129,2025-06-22,Nuala Byrne,Fix shipped. They tested it and closed the ticket themselves.
N-04769,ACC-1129,2025-07-17,Nuala Byrne,Business review complete. Anya Doyle called out time savings on their team.
N-04770,ACC-1129,2025-08-06,Nuala Byrne,We got the integration working. Their team is back to normal.
N-04771,ACC-1129,2025-08-21,Nuala Byrne,"Anya Doyle confirmed she is taking a role elsewhere. Asked her who to talk to, she was vague."
N-04772,ACC-1130,2024-01-09,Nuala Byrne,Talked through a multi-year option. They want pricing.
N-04773,ACC-1130,2024-02-02,Nuala Byrne,Talked through a multi-year option. They want pricing.
N-04774,ACC-1130,2024-02-26,Nuala Byrne,Brief call with the admin. No issues raised.
N-04775,ACC-1130,2024-03-11,Nuala Byrne,QBR went well. They presented our numbers to their leadership.
N-04776,ACC-1130,2024-03-23,Nuala Byrne,"Short call. Reviewed open items, nothing escalated."
N-04777,ACC-1130,2024-04-11,Nuala Byrne,Root cause shared with them. They were satisfied with the explanation.
N-04778,ACC-1130,2024-04-24,Nuala Byrne,Delivered onboarding for the new hires on their team.
N-04779,ACC-1130,2024-05-11,Nuala Byrne,Their second division reached out directly about getting access.
N-04780,ACC-1130,2024-06-09,Nuala Byrne,Walked their analysts through the API. Good engagement.
N-04781,ACC-1130,2024-07-04,Nuala Byrne,Escalation closed out. They appreciated the follow-through.
N-04782,ACC-1130,2024-07-20,Nuala Byrne,The the mobile app issue is resolved. Confirmed with their admin.
N-04783,ACC-1130,2024-08-07,Nuala Byrne,Good session. Their exec attended and was engaged.
N-04784,ACC-1130,2024-08-23,Nuala Byrne,They included us in their annual planning conversation.
N-04785,ACC-1130,2024-09-12,Nuala Byrne,They included us in their annual planning conversation.
N-04786,ACC-1130,2024-09-30,Nuala Byrne,Good session. Their exec attended and was engaged.
N-04787,ACC-1130,2024-10-23,Nuala Byrne,Fix shipped. They tested it and closed the ticket themselves.
N-04788,ACC-1130,2024-11-20,Nuala Byrne,"Short call. Reviewed open items, nothing escalated."
N-04789,ACC-1130,2024-12-18,Nuala Byrne,We got the integration working. Their team is back to normal.
N-04790,ACC-1130,2025-01-08,Nuala Byrne,Business review complete. Tomas Abbott called out time savings on their team.
N-04791,ACC-1130,2025-02-04,Nuala Byrne,Strong QBR. They want to talk about expanding to a second department.
N-04792,ACC-1130,2025-03-06,Nuala Byrne,Reviewed the year. They are happy with where adoption landed.
N-04793,ACC-1130,2025-03-31,Nuala Byrne,New leadership reviewed the stack and kept us. Told me directly.
N-04794,ACC-1130,2025-04-29,Nuala Byrne,We got the integration working. Their team is back to normal.
N-04795,ACC-1130,2025-05-17,Nuala Byrne,Tomas Abbott was promoted and now owns a larger scope. Good for us.
N-04796,ACC-1130,2025-06-10,Nuala Byrne,Quick sync with Tomas Abbott. Business as usual.
N-04797,ACC-1130,2025-06-22,Nuala Byrne,Strong QBR. They want to talk about expanding to a second department.
N-04798,ACC-1130,2025-07-17,Nuala Byrne,They asked what it would take to add 12 more seats.
N-04799,ACC-1130,2025-08-06,Nuala Byrne,Asked about the higher tier. Sending over details.
N-04800,ACC-1130,2025-08-29,Nuala Byrne,Brief call with the admin. No issues raised.
N-04801,ACC-1130,2025-09-13,Nuala Byrne,Quick sync with Tomas Abbott. Business as usual.
N-04802,ACC-1130,2025-10-02,Nuala Byrne,Root cause shared with them. They were satisfied with the explanation.
N-04803,ACC-1130,2025-10-30,Nuala Byrne,Strong QBR. They want to talk about expanding to a second department.
N-04804,ACC-1130,2025-11-29,Nuala Byrne,Fix shipped. They tested it and closed the ticket themselves.
N-04805,ACC-1130,2025-12-26,Nuala Byrne,Good session. Their exec attended and was engaged.
N-04806,ACC-1130,2026-01-16,Nuala Byrne,Escalation closed out. They appreciated the follow-through.
N-04807,ACC-1130,2026-02-13,Nuala Byrne,"Office hours session. 9 attendees, mostly questions about reporting."
N-04808,ACC-1130,2026-03-06,Nuala Byrne,Fix shipped. They tested it and closed the ticket themselves.
N-04809,ACC-1130,2026-03-25,Nuala Byrne,Walked their analysts through SSO. Good engagement.
N-04810,ACC-1130,2026-04-12,Nuala Byrne,Fix shipped. They tested it and closed the ticket themselves.
N-04811,ACC-1130,2026-05-08,Nuala Byrne,QBR went well. They presented our numbers to their leadership.
N-04812,ACC-1130,2026-06-01,Nuala Byrne,QBR went well. They presented our numbers to their leadership.
N-04813,ACC-1130,2026-06-25,Nuala Byrne,Monthly check-in. Nothing new to report.
N-04814,ACC-1130,2026-07-11,Nuala Byrne,Sent over the enablement material they asked for.
N-04815,ACC-1130,2026-08-01,Nuala Byrne,Good session. Their exec attended and was engaged.
N-04816,ACC-1130,2026-08-29,Nuala Byrne,"Office hours session. 9 attendees, mostly questions about reporting."
N-04817,ACC-1131,2023-11-09,Owen Trask,Business review complete. Junko Delgado called out time savings on their team.
N-04818,ACC-1131,2023-11-25,Owen Trask,Junko Delgado was promoted and now owns a larger scope. Good for us.
N-04819,ACC-1131,2023-12-09,Owen Trask,QBR went well. They presented our numbers to their leadership.
N-04820,ACC-1131,2024-01-02,Owen Trask,Interest in dashboards for a team that is not on the contract yet.
N-04821,ACC-1131,2024-01-22,Owen Trask,Root cause shared with them. They were satisfied with the explanation.
N-04822,ACC-1131,2024-02-15,Owen Trask,Business review complete. Junko Delgado called out time savings on their team.
N-04823,ACC-1131,2024-03-09,Owen Trask,Monthly check-in. Nothing new to report.
N-04824,ACC-1131,2024-04-07,Owen Trask,Ran a refresher session on the bulk import for 2 of their people.
N-04825,ACC-1131,2024-05-07,Owen Trask,"Short call. Reviewed open items, nothing escalated."
N-04826,ACC-1131,2024-06-02,Owen Trask,Ran a refresher session on data retention for 9 of their people.
N-04827,ACC-1131,2024-06-20,Owen Trask,QBR went well. They presented our numbers to their leadership.
N-04828,ACC-1131,2024-07-03,Owen Trask,"Office hours session. 12 attendees, mostly questions about reporting."
N-04829,ACC-1131,2024-07-15,Owen Trask,Asked about the higher tier. Sending over details.
N-04830,ACC-1131,2024-07-28,Owen Trask,Ran a refresher session on the API for 4 of their people.
N-04831,ACC-1131,2024-08-12,Owen Trask,Strong QBR. They want to talk about expanding to a second department.
N-04832,ACC-1131,2024-09-03,Owen Trask,Quick sync with Junko Delgado. Business as usual.
N-04833,ACC-1131,2024-09-25,Owen Trask,New leadership reviewed the stack and kept us. Told me directly.
N-04834,ACC-1131,2024-10-21,Owen Trask,Their CIO joined the call and reiterated this is a strategic system for them.
N-04835,ACC-1131,2024-11-02,Owen Trask,New leadership reviewed the stack and kept us. Told me directly.
N-04836,ACC-1131,2024-11-23,Owen Trask,Talked through a multi-year option. They want pricing.
N-04837,ACC-1131,2024-12-13,Owen Trask,Ran a refresher session on the Salesforce sync for 10 of their people.
N-04838,ACC-1131,2025-01-11,Owen Trask,Escalation closed out. They appreciated the follow-through.
N-04839,ACC-1131,2025-02-09,Owen Trask,Standing check-in held. Team is steady.
N-04840,ACC-1131,2025-02-24,Owen Trask,Touched base. They are heads down on their own roadmap right now.
N-04841,ACC-1131,2025-03-20,Owen Trask,Reviewed the year. They are happy with where adoption landed.
N-04842,ACC-1131,2025-04-17,Owen Trask,QBR went well. They presented our numbers to their leadership.
N-04843,ACC-1131,2025-05-03,Owen Trask,Sent over the enablement material they asked for.
N-04844,ACC-1131,2025-05-23,Owen Trask,Ran a refresher session on role permissions for 6 of their people.
N-04845,ACC-1131,2025-06-10,Owen Trask,Junko Delgado was promoted and now owns a larger scope. Good for us.
N-04846,ACC-1131,2025-07-04,Owen Trask,"Short call. Reviewed open items, nothing escalated."
N-04847,ACC-1131,2025-07-27,Owen Trask,Talked through a multi-year option. They want pricing.
N-04848,ACC-1131,2025-08-20,Owen Trask,Their second division reached out directly about getting access.
N-04849,ACC-1131,2025-09-03,Owen Trask,Junko Delgado was promoted and now owns a larger scope. Good for us.
N-04850,ACC-1131,2025-09-25,Owen Trask,They asked what it would take to add 6 more seats.
N-04851,ACC-1131,2025-10-25,Owen Trask,"Short call. Reviewed open items, nothing escalated."
N-04852,ACC-1131,2025-11-22,Owen Trask,Business review complete. Junko Delgado called out time savings on their team.
N-04853,ACC-1131,2025-12-12,Owen Trask,QBR went well. They presented our numbers to their leadership.
N-04854,ACC-1131,2026-01-05,Owen Trask,Exec sponsor confirmed budget is protected for next year.
N-04855,ACC-1131,2026-02-04,Owen Trask,Asked about the higher tier. Sending over details.
N-04856,ACC-1131,2026-02-23,Owen Trask,Fix shipped. They tested it and closed the ticket themselves.
N-04857,ACC-1131,2026-03-22,Owen Trask,Reviewed the year. They are happy with where adoption landed.
N-04858,ACC-1131,2026-04-07,Owen Trask,Monthly check-in. Nothing new to report.
N-04859,ACC-1131,2026-05-05,Owen Trask,Good session. Their exec attended and was engaged.
N-04860,ACC-1131,2026-05-21,Owen Trask,Walked their analysts through role permissions. Good engagement.
N-04861,ACC-1131,2026-06-02,Owen Trask,The the Salesforce sync issue is resolved. Confirmed with their admin.
N-04862,ACC-1131,2026-07-01,Owen Trask,Root cause shared with them. They were satisfied with the explanation.
N-04863,ACC-1131,2026-07-19,Owen Trask,QBR went well. They presented our numbers to their leadership.
N-04864,ACC-1131,2026-08-06,Owen Trask,They included us in their annual planning conversation.
N-04865,ACC-1131,2026-09-01,Owen Trask,They asked what it would take to add 8 more seats.
N-04866,ACC-1132,2024-12-05,Nuala Byrne,Touched base. They are heads down on their own roadmap right now.
N-04867,ACC-1132,2024-12-18,Nuala Byrne,Good session. Their exec attended and was engaged.
N-04868,ACC-1132,2025-01-08,Nuala Byrne,Exec sponsor confirmed budget is protected for next year.
N-04869,ACC-1132,2025-02-05,Nuala Byrne,Their second division reached out directly about getting access.
N-04870,ACC-1132,2025-03-04,Nuala Byrne,QBR went well. They presented our numbers to their leadership.
N-04871,ACC-1132,2025-04-01,Nuala Byrne,Standing check-in held. Team is steady.
N-04872,ACC-1132,2025-04-30,Nuala Byrne,QBR went well. They presented our numbers to their leadership.
N-04873,ACC-1132,2025-05-28,Nuala Byrne,Ran a refresher session on the API for 13 of their people.
N-04874,ACC-1132,2025-06-25,Nuala Byrne,"Office hours session. 12 attendees, mostly questions about reporting."
N-04875,ACC-1132,2025-07-25,Nuala Byrne,Fix shipped. They tested it and closed the ticket themselves.
N-04876,ACC-1132,2025-08-13,Nuala Byrne,New leadership reviewed the stack and kept us. Told me directly.
N-04877,ACC-1132,2025-09-12,Nuala Byrne,"Short call. Reviewed open items, nothing escalated."
N-04878,ACC-1132,2025-09-24,Nuala Byrne,Good session. Their exec attended and was engaged.
N-04879,ACC-1132,2025-10-20,Nuala Byrne,They asked what it would take to add 3 more seats.
N-04880,ACC-1132,2025-11-15,Nuala Byrne,Their second division reached out directly about getting access.
N-04881,ACC-1132,2025-12-10,Nuala Byrne,Sent over the enablement material they asked for.
N-04882,ACC-1132,2025-12-31,Nuala Byrne,We got the integration working. Their team is back to normal.
N-04883,ACC-1132,2026-01-24,Nuala Byrne,Their second division reached out directly about getting access.
N-04884,ACC-1132,2026-02-20,Nuala Byrne,Standing check-in held. Team is steady.
N-04885,ACC-1132,2026-03-20,Nuala Byrne,Business review complete. Hector Ferreira called out time savings on their team.
N-04886,ACC-1132,2026-04-11,Nuala Byrne,"Short call. Reviewed open items, nothing escalated."
N-04887,ACC-1132,2026-05-11,Nuala Byrne,Exec sponsor confirmed budget is protected for next year.
N-04888,ACC-1132,2026-06-08,Nuala Byrne,"Office hours session. 13 attendees, mostly questions about reporting."
N-04889,ACC-1132,2026-06-28,Nuala Byrne,"Short call. Reviewed open items, nothing escalated."
N-04890,ACC-1132,2026-07-11,Nuala Byrne,Hector Ferreira was promoted and now owns a larger scope. Good for us.
N-04891,ACC-1132,2026-08-08,Nuala Byrne,Escalation closed out. They appreciated the follow-through.
N-04892,ACC-1132,2026-09-04,Nuala Byrne,Their second division reached out directly about getting access.
N-04893,ACC-1133,2026-02-22,Caick Moreira,Quick sync with Ingrid Whitfield. Business as usual.
N-04894,ACC-1133,2026-03-12,Caick Moreira,Delivered onboarding for the new hires on their team.
N-04895,ACC-1133,2026-03-27,Caick Moreira,They included us in their annual planning conversation.
N-04896,ACC-1133,2026-04-16,Caick Moreira,Strong QBR. They want to talk about expanding to a second department.
N-04897,ACC-1133,2026-05-02,Caick Moreira,Business review complete. Ingrid Whitfield called out time savings on their team.
N-04898,ACC-1133,2026-05-16,Caick Moreira,Asked about the higher tier. Sending over details.
N-04899,ACC-1133,2026-06-11,Caick Moreira,Ingrid Whitfield was promoted and now owns a larger scope. Good for us.
N-04900,ACC-1133,2026-07-11,Caick Moreira,Sent over the enablement material they asked for.
N-04901,ACC-1133,2026-07-30,Caick Moreira,Their second division reached out directly about getting access.
N-04902,ACC-1133,2026-08-17,Caick Moreira,New leadership reviewed the stack and kept us. Told me directly.
N-04903,ACC-1133,2026-09-06,Caick Moreira,Root cause shared with them. They were satisfied with the explanation.
N-04904,ACC-1134,2024-09-01,Brittney Cole,Interest in role permissions for a team that is not on the contract yet.
N-04905,ACC-1134,2024-09-22,Brittney Cole,Sent over the enablement material they asked for.
N-04906,ACC-1134,2024-10-21,Brittney Cole,Lost our exec sponsor. Dana Whitfield was the reason this renewed last year.
N-04907,ACC-1134,2024-11-20,Brittney Cole,New leadership reviewed the stack and kept us. Told me directly.
N-04908,ACC-1134,2024-12-06,Brittney Cole,They asked what it would take to add 7 more seats.
N-04909,ACC-1134,2024-12-22,Brittney Cole,We got the integration working. Their team is back to normal.
N-04910,ACC-1134,2025-01-06,Brittney Cole,The dashboards issue is resolved. Confirmed with their admin.
N-04911,ACC-1134,2025-01-30,Brittney Cole,Found out Dana Whitfield put in notice. Trying to get introduced to whoever picks this up.
N-04912,ACC-1134,2025-02-12,Brittney Cole,Dana Whitfield is on leave through Q4 and nobody was designated to cover the account.
N-04913,ACC-1134,2025-03-03,Brittney Cole,QBR went well. They presented our numbers to their leadership.
N-04914,ACC-1134,2025-03-19,Brittney Cole,Root cause shared with them. They were satisfied with the explanation.
N-04915,ACC-1134,2025-04-07,Brittney Cole,Our sponsor Dana Whitfield was reorged out of the function. Starting over on relationship mapping.
N-04916,ACC-1134,2025-05-05,Brittney Cole,Escalation closed out. They appreciated the follow-through.
N-04917,ACC-1134,2025-05-26,Brittney Cole,Escalation closed out. They appreciated the follow-through.
N-04918,ACC-1134,2025-06-18,Brittney Cole,Their team has been evaluating Nimbus Track for two months and did not tell us.
N-04919,ACC-1134,2025-07-16,Brittney Cole,Their team has been evaluating a spreadsheet-based process for two months and did not tell us.
N-04920,ACC-1134,2025-08-05,Brittney Cole,New VP came in over Dana Whitfield's team and is reviewing all vendor relationships.
N-04921,ACC-1134,2025-08-17,Brittney Cole,Root cause shared with them. They were satisfied with the explanation.
N-04922,ACC-1134,2025-09-08,Brittney Cole,Fix shipped. They tested it and closed the ticket themselves.
N-04923,ACC-1134,2025-09-27,Brittney Cole,Reviewed the year. They are happy with where adoption landed.
N-04924,ACC-1134,2025-10-13,Brittney Cole,Walked their analysts through dashboards. Good engagement.
N-04925,ACC-1134,2025-10-28,Brittney Cole,They cancelled the check-in an hour before. No reason given.
N-04926,ACC-1134,2025-11-12,Brittney Cole,Dana Whitfield was promoted and now owns a larger scope. Good for us.
N-04927,ACC-1134,2025-11-29,Brittney Cole,Fix shipped. They tested it and closed the ticket themselves.
N-04928,ACC-1134,2025-12-14,Brittney Cole,New VP came in over Dana Whitfield's team and is reviewing all vendor relationships.
N-04929,ACC-1134,2026-01-08,Brittney Cole,Mentioned an RFP is going out before renewal.
N-04930,ACC-1134,2026-01-29,Brittney Cole,Sent over the enablement material they asked for.
N-04931,ACC-1134,2026-02-11,Brittney Cole,Went quiet after the escalation. Not sure who owns us there now.
N-04932,ACC-1134,2026-03-06,Brittney Cole,Strong QBR. They want to talk about expanding to a second department.
N-04933,ACC-1134,2026-03-23,Brittney Cole,Came up that an in-house build has been in talking to their leadership.
N-04934,ACC-1134,2026-04-05,Brittney Cole,Escalation closed out. They appreciated the follow-through.
N-04935,ACC-1134,2026-04-25,Brittney Cole,Escalation closed out. They appreciated the follow-through.
N-04936,ACC-1134,2026-05-16,Brittney Cole,Went quiet after the escalation. Not sure who owns us there now.
N-04937,ACC-1134,2026-06-05,Brittney Cole,They mentioned they are piloting Lattitude with one team.
N-04938,ACC-1134,2026-06-21,Brittney Cole,Dana Whitfield is on leave through Q4 and nobody was designated to cover the account.
N-04939,ACC-1134,2026-07-17,Brittney Cole,Exec sponsor confirmed budget is protected for next year.
N-04940,ACC-1134,2026-07-30,Brittney Cole,Root cause shared with them. They were satisfied with the explanation.
N-04941,ACC-1134,2026-08-11,Brittney Cole,Third reschedule on the QBR. No new date proposed.
N-04942,ACC-1134,2026-08-27,Brittney Cole,Their second division reached out directly about getting access.
N-04943,ACC-1135,2025-09-08,Owen Trask,Found out Carmen Doyle put in notice. Trying to get introduced to whoever picks this up.
N-04944,ACC-1135,2025-09-29,Owen Trask,Interest in SSO for a team that is not on the contract yet.
N-04945,ACC-1135,2025-10-20,Owen Trask,Reviewed the year. They are happy with where adoption landed.
N-04946,ACC-1135,2025-11-10,Owen Trask,Fix shipped. They tested it and closed the ticket themselves.
N-04947,ACC-1135,2025-12-02,Owen Trask,They flagged that procurement now requires justification for anything over the threshold.
N-04948,ACC-1135,2025-12-29,Owen Trask,Carmen Doyle is on leave through Q4 and nobody was designated to cover the account.
N-04949,ACC-1136,2026-05-04,Owen Trask,The the mobile app setup has never worked the way they expected.
N-04950,ACC-1136,2026-05-21,Owen Trask,Good session. Their exec attended and was engaged.
N-04951,ACC-1136,2026-06-02,Owen Trask,Fix shipped. They tested it and closed the ticket themselves.
N-04952,ACC-1136,2026-06-22,Owen Trask,They included us in their annual planning conversation.
N-04953,ACC-1136,2026-07-08,Owen Trask,Touched base. They are heads down on their own roadmap right now.
N-04954,ACC-1136,2026-08-02,Owen Trask,Root cause shared with them. They were satisfied with the explanation.
N-04955,ACC-1136,2026-08-16,Owen Trask,Sent over the enablement material they asked for.
N-04956,ACC-1136,2026-09-03,Owen Trask,Business review complete. Dmitri Hollis called out time savings on their team.
N-04957,ACC-1137,2025-08-03,Owen Trask,Sent over the enablement material they asked for.
N-04958,ACC-1137,2025-08-28,Owen Trask,Root cause shared with them. They were satisfied with the explanation.
N-04959,ACC-1137,2025-09-10,Owen Trask,Asked about the higher tier. Sending over details.
N-04960,ACC-1137,2025-10-07,Owen Trask,Root cause shared with them. They were satisfied with the explanation.
N-04961,ACC-1137,2025-11-04,Owen Trask,Reviewed the year. They are happy with where adoption landed.
N-04962,ACC-1137,2025-11-25,Owen Trask,"Office hours session. 12 attendees, mostly questions about reporting."
N-04963,ACC-1137,2025-12-16,Owen Trask,Asked about the higher tier. Sending over details.
N-04964,ACC-1137,2025-12-28,Owen Trask,Good session. Their exec attended and was engaged.
N-04965,ACC-1137,2026-01-22,Owen Trask,Interest in role permissions for a team that is not on the contract yet.
N-04966,ACC-1137,2026-02-07,Owen Trask,Walked their analysts through SSO. Good engagement.
N-04967,ACC-1137,2026-02-26,Owen Trask,Reviewed the year. They are happy with where adoption landed.
N-04968,ACC-1137,2026-03-18,Owen Trask,Delivered onboarding for the new hires on their team.
N-04969,ACC-1137,2026-04-12,Owen Trask,Touched base. They are heads down on their own roadmap right now.
N-04970,ACC-1137,2026-05-06,Owen Trask,"Short call. Reviewed open items, nothing escalated."
N-04971,ACC-1137,2026-06-04,Owen Trask,Root cause shared with them. They were satisfied with the explanation.
N-04972,ACC-1137,2026-06-24,Owen Trask,They included us in their annual planning conversation.
N-04973,ACC-1137,2026-07-17,Owen Trask,Asked about the higher tier. Sending over details.
N-04974,ACC-1137,2026-07-31,Owen Trask,Strong QBR. They want to talk about expanding to a second department.
N-04975,ACC-1137,2026-08-19,Owen Trask,Ran a refresher session on the alerting rules for 2 of their people.
N-04976,ACC-1137,2026-09-03,Owen Trask,Fix shipped. They tested it and closed the ticket themselves.
N-04977,ACC-1138,2025-08-28,Leila Haddad,"Office hours session. 14 attendees, mostly questions about reporting."
N-04978,ACC-1138,2025-09-16,Leila Haddad,New leadership reviewed the stack and kept us. Told me directly.
N-04979,ACC-1138,2025-10-03,Leila Haddad,Monthly check-in. Nothing new to report.
N-04980,ACC-1138,2025-10-31,Leila Haddad,Ran a refresher session on SSO for 5 of their people.
N-04981,ACC-1138,2025-11-30,Leila Haddad,Delivered onboarding for the new hires on their team.
N-04982,ACC-1138,2025-12-24,Leila Haddad,Fix shipped. They tested it and closed the ticket themselves.
N-04983,ACC-1138,2026-01-05,Leila Haddad,Ran a refresher session on the Salesforce sync for 2 of their people.
N-04984,ACC-1138,2026-01-22,Leila Haddad,New leadership reviewed the stack and kept us. Told me directly.
N-04985,ACC-1138,2026-02-04,Leila Haddad,Sent over the enablement material they asked for.
N-04986,ACC-1138,2026-02-23,Leila Haddad,Their second division reached out directly about getting access.
N-04987,ACC-1138,2026-03-07,Leila Haddad,Brief call with the admin. No issues raised.
N-04988,ACC-1138,2026-03-21,Leila Haddad,Talked through a multi-year option. They want pricing.
N-04989,ACC-1138,2026-04-11,Leila Haddad,Business review complete. Raj Doyle called out time savings on their team.
N-04990,ACC-1138,2026-04-25,Leila Haddad,We got the integration working. Their team is back to normal.
N-04991,ACC-1138,2026-05-10,Leila Haddad,The the reporting module issue is resolved. Confirmed with their admin.
N-04992,ACC-1138,2026-06-06,Leila Haddad,Ran a refresher session on the reporting module for 2 of their people.
N-04993,ACC-1138,2026-06-25,Leila Haddad,Root cause shared with them. They were satisfied with the explanation.
N-04994,ACC-1138,2026-07-13,Leila Haddad,Root cause shared with them. They were satisfied with the explanation.
N-04995,ACC-1138,2026-07-30,Leila Haddad,The the mobile app issue is resolved. Confirmed with their admin.
N-04996,ACC-1138,2026-08-17,Leila Haddad,The SSO issue is resolved. Confirmed with their admin.
N-04997,ACC-1138,2026-09-09,Leila Haddad,Their second division reached out directly about getting access.
N-04998,ACC-1139,2022-12-11,Caick Moreira,They are paying for far more than they use and finance has started to notice.
N-04999,ACC-1139,2023-01-08,Caick Moreira,"Office hours session. 3 attendees, mostly questions about reporting."
N-05000,ACC-1139,2023-01-22,Caick Moreira,"Short call. Reviewed open items, nothing escalated."
N-05001,ACC-1139,2023-02-07,Caick Moreira,Escalation closed out. They appreciated the follow-through.
N-05002,ACC-1139,2023-03-07,Caick Moreira,"Office hours session. 14 attendees, mostly questions about reporting."
N-05003,ACC-1139,2023-03-19,Caick Moreira,"Hector Saltzman confirmed she is taking a role elsewhere. Asked her who to talk to, she was vague."
N-05004,ACC-1139,2023-04-10,Caick Moreira,Found out Hector Saltzman put in notice. Trying to get introduced to whoever picks this up.
N-05005,ACC-1139,2023-04-28,Caick Moreira,Usage is flat. 2 weekly active users against a much larger contract.
N-05006,ACC-1139,2023-05-24,Caick Moreira,They included us in their annual planning conversation.
N-05007,ACC-1139,2023-06-14,Caick Moreira,Quick sync with Hector Saltzman. Business as usual.
N-05008,ACC-1139,2023-07-09,Caick Moreira,The the reporting module issue is resolved. Confirmed with their admin.
N-05009,ACC-1139,2023-08-04,Caick Moreira,Touched base. They are heads down on their own roadmap right now.
N-05010,ACC-1139,2023-08-16,Caick Moreira,"Their new director does not know who we are. Sent an intro note, no reply yet."
N-05011,ACC-1139,2023-09-11,Caick Moreira,Lost our exec sponsor. Hector Saltzman was the reason this renewed last year.
N-05012,ACC-1139,2023-09-26,Caick Moreira,Delivered onboarding for the new hires on their team.
N-05013,ACC-1139,2023-10-10,Caick Moreira,Fix shipped. They tested it and closed the ticket themselves.
N-05014,ACC-1139,2023-10-28,Caick Moreira,Standing check-in held. Team is steady.
N-05015,ACC-1139,2023-11-14,Caick Moreira,Monthly check-in. Nothing new to report.
N-05016,ACC-1139,2023-11-28,Caick Moreira,We got the integration working. Their team is back to normal.
N-05017,ACC-1139,2023-12-24,Caick Moreira,Exec sponsor confirmed budget is protected for next year.
N-05018,ACC-1139,2024-01-13,Caick Moreira,Root cause shared with them. They were satisfied with the explanation.
N-05019,ACC-1139,2024-02-03,Caick Moreira,Fix shipped. They tested it and closed the ticket themselves.
N-05020,ACC-1139,2024-02-18,Caick Moreira,"Seat utilization is under a third. Raised it, they acknowledged and moved on."
N-05021,ACC-1139,2024-03-13,Caick Moreira,Standing check-in held. Team is steady.
N-05022,ACC-1139,2024-04-12,Caick Moreira,We got the integration working. Their team is back to normal.
N-05023,ACC-1139,2024-04-27,Caick Moreira,"Short call. Reviewed open items, nothing escalated."
N-05024,ACC-1139,2024-05-13,Caick Moreira,Strong QBR. They want to talk about expanding to a second department.
N-05025,ACC-1139,2024-06-10,Caick Moreira,Fix shipped. They tested it and closed the ticket themselves.
N-05026,ACC-1139,2024-06-26,Caick Moreira,They are paying for far more than they use and finance has started to notice.
N-05027,ACC-1139,2024-07-24,Caick Moreira,Walked their analysts through SSO. Good engagement.
N-05028,ACC-1139,2024-08-10,Caick Moreira,Delivered onboarding for the new hires on their team.
N-05029,ACC-1139,2024-08-22,Caick Moreira,Only 10 of their licensed seats logged in last month.
N-05030,ACC-1139,2024-09-15,Caick Moreira,Root cause shared with them. They were satisfied with the explanation.
N-05031,ACC-1139,2024-10-14,Caick Moreira,"Their new director does not know who we are. Sent an intro note, no reply yet."
N-05032,ACC-1139,2024-11-02,Caick Moreira,Escalation closed out. They appreciated the follow-through.
N-05033,ACC-1139,2024-11-16,Caick Moreira,We got the integration working. Their team is back to normal.
N-05034,ACC-1139,2024-12-02,Caick Moreira,Delivered onboarding for the new hires on their team.
N-05035,ACC-1139,2024-12-19,Caick Moreira,Hector Saltzman is on leave through Q4 and nobody was designated to cover the account.
N-05036,ACC-1139,2025-01-08,Caick Moreira,Fix shipped. They tested it and closed the ticket themselves.
N-05037,ACC-1139,2025-01-26,Caick Moreira,They bought for the whole department but adoption never left the pilot team.
N-05038,ACC-1139,2025-02-12,Caick Moreira,Interest in the bulk import for a team that is not on the contract yet.
N-05039,ACC-1139,2025-03-10,Caick Moreira,Admin told me most of the team still does this work in spreadsheets.
N-05040,ACC-1139,2025-03-25,Caick Moreira,Business review complete. Hector Saltzman called out time savings on their team.
N-05041,ACC-1139,2025-04-08,Caick Moreira,"Seat utilization is under a third. Raised it, they acknowledged and moved on."
N-05042,ACC-1139,2025-04-29,Caick Moreira,Escalation closed out. They appreciated the follow-through.
N-05043,ACC-1139,2025-05-28,Caick Moreira,Escalation closed out. They appreciated the follow-through.
N-05044,ACC-1139,2025-06-12,Caick Moreira,Root cause shared with them. They were satisfied with the explanation.
N-05045,ACC-1139,2025-07-02,Caick Moreira,Walked their analysts through dashboards. Good engagement.
N-05046,ACC-1139,2025-08-01,Caick Moreira,Interest in the Salesforce sync for a team that is not on the contract yet.
N-05047,ACC-1139,2025-08-19,Caick Moreira,New leadership reviewed the stack and kept us. Told me directly.
N-05048,ACC-1139,2025-09-18,Caick Moreira,Monthly check-in. Nothing new to report.
N-05049,ACC-1139,2025-10-03,Caick Moreira,Lost our exec sponsor. Hector Saltzman was the reason this renewed last year.
N-05050,ACC-1139,2025-11-02,Caick Moreira,"Heads up, Hector Saltzman is leaving at the end of the month. She was our main advocate here."
N-05051,ACC-1139,2025-11-19,Caick Moreira,Hector Saltzman has moved to a different company. No replacement named yet.
N-05052,ACC-1139,2025-12-05,Caick Moreira,"Ran the numbers before the call. 12 active users, down from last quarter."
N-05053,ACC-1139,2025-12-29,Caick Moreira,The dashboards issue is resolved. Confirmed with their admin.
N-05054,ACC-1139,2026-01-23,Caick Moreira,They are paying for far more than they use and finance has started to notice.
N-05055,ACC-1139,2026-02-04,Caick Moreira,We got the integration working. Their team is back to normal.
N-05056,ACC-1139,2026-02-19,Caick Moreira,The data retention issue is resolved. Confirmed with their admin.
N-05057,ACC-1139,2026-03-04,Caick Moreira,The the Salesforce sync issue is resolved. Confirmed with their admin.
N-05058,ACC-1139,2026-03-27,Caick Moreira,Fix shipped. They tested it and closed the ticket themselves.
N-05059,ACC-1139,2026-04-14,Caick Moreira,"Heads up, Hector Saltzman is leaving at the end of the month. She was our main advocate here."
N-05060,ACC-1139,2026-05-11,Caick Moreira,Login activity dropped off after the project lead changed. 3 active this month.
N-05061,ACC-1139,2026-05-28,Caick Moreira,Usage is flat. 10 weekly active users against a much larger contract.
N-05062,ACC-1139,2026-06-18,Caick Moreira,"Their new director does not know who we are. Sent an intro note, no reply yet."
N-05063,ACC-1139,2026-07-14,Caick Moreira,Monthly check-in. Nothing new to report.
N-05064,ACC-1139,2026-08-03,Caick Moreira,We got the integration working. Their team is back to normal.
N-05065,ACC-1139,2026-08-30,Caick Moreira,Usage is flat. 7 weekly active users against a much larger contract.
N-05066,ACC-1140,2025-01-06,Caick Moreira,They included us in their annual planning conversation.
N-05067,ACC-1140,2025-02-02,Caick Moreira,We got the integration working. Their team is back to normal.
N-05068,ACC-1140,2025-02-14,Caick Moreira,Exec sponsor confirmed budget is protected for next year.
N-05069,ACC-1140,2025-03-11,Caick Moreira,Data quality issues on their side keep surfacing as complaints about us.
N-05070,ACC-1140,2025-03-29,Caick Moreira,Their CIO joined the call and reiterated this is a strategic system for them.
N-05071,ACC-1140,2025-04-18,Caick Moreira,The the mobile app issue is resolved. Confirmed with their admin.
N-05072,ACC-1140,2025-05-13,Caick Moreira,They included us in their annual planning conversation.
N-05073,ACC-1140,2025-06-06,Caick Moreira,Root cause shared with them. They were satisfied with the explanation.
N-05074,ACC-1140,2025-06-27,Caick Moreira,They asked what it would take to add 3 more seats.
N-05075,ACC-1140,2025-07-14,Caick Moreira,Configuration drifted and nobody on their side owns it now.
N-05076,ACC-1140,2025-07-31,Caick Moreira,Escalation closed out. They appreciated the follow-through.
N-05077,ACC-1140,2025-08-16,Caick Moreira,QBR went well. They presented our numbers to their leadership.
N-05078,ACC-1140,2025-09-04,Caick Moreira,Business review complete. Dmitri Ferreira called out time savings on their team.
N-05079,ACC-1140,2025-09-30,Caick Moreira,QBR went well. They presented our numbers to their leadership.
N-05080,ACC-1140,2025-10-23,Caick Moreira,"Office hours session. 14 attendees, mostly questions about reporting."
N-05081,ACC-1140,2025-11-15,Caick Moreira,QBR went well. They presented our numbers to their leadership.
N-05082,ACC-1140,2025-12-14,Caick Moreira,Their CIO joined the call and reiterated this is a strategic system for them.
N-05083,ACC-1140,2026-01-05,Caick Moreira,Asked about the higher tier. Sending over details.
N-05084,ACC-1140,2026-02-04,Caick Moreira,Talked through a multi-year option. They want pricing.
N-05085,ACC-1140,2026-02-28,Caick Moreira,New leadership reviewed the stack and kept us. Told me directly.
N-05086,ACC-1140,2026-03-19,Caick Moreira,"Short call. Reviewed open items, nothing escalated."
N-05087,ACC-1140,2026-04-08,Caick Moreira,The dashboards issue is resolved. Confirmed with their admin.
N-05088,ACC-1140,2026-05-03,Caick Moreira,Business review complete. Dmitri Ferreira called out time savings on their team.
N-05089,ACC-1140,2026-05-21,Caick Moreira,Their second division reached out directly about getting access.
N-05090,ACC-1140,2026-06-11,Caick Moreira,We got the integration working. Their team is back to normal.
N-05091,ACC-1140,2026-06-24,Caick Moreira,We got the integration working. Their team is back to normal.
N-05092,ACC-1140,2026-07-19,Caick Moreira,Configuration drifted and nobody on their side owns it now.
N-05093,ACC-1140,2026-08-04,Caick Moreira,Good session. Their exec attended and was engaged.
N-05094,ACC-1140,2026-09-01,Caick Moreira,the Salesforce sync is slow at their data volume and they have said so repeatedly.
N-05095,ACC-1141,2023-06-13,Caick Moreira,Fix shipped. They tested it and closed the ticket themselves.
N-05096,ACC-1141,2023-07-04,Caick Moreira,They included us in their annual planning conversation.
N-05097,ACC-1141,2023-07-29,Caick Moreira,Ran a refresher session on the API for 5 of their people.
N-05098,ACC-1141,2023-08-25,Caick Moreira,Their CIO joined the call and reiterated this is a strategic system for them.
N-05099,ACC-1141,2023-09-24,Caick Moreira,Their second division reached out directly about getting access.
N-05100,ACC-1141,2023-10-20,Caick Moreira,Talked through a multi-year option. They want pricing.
N-05101,ACC-1141,2023-11-12,Caick Moreira,Good session. Their exec attended and was engaged.
N-05102,ACC-1141,2023-12-10,Caick Moreira,Strong QBR. They want to talk about expanding to a second department.
N-05103,ACC-1141,2023-12-25,Caick Moreira,Quick sync with Dana Petrov. Business as usual.
N-05104,ACC-1141,2024-01-24,Caick Moreira,Delivered onboarding for the new hires on their team.
N-05105,ACC-1141,2024-02-09,Caick Moreira,Delivered onboarding for the new hires on their team.
N-05106,ACC-1141,2024-02-23,Caick Moreira,Root cause shared with them. They were satisfied with the explanation.
N-05107,ACC-1141,2024-03-06,Caick Moreira,"Office hours session. 8 attendees, mostly questions about reporting."
N-05108,ACC-1141,2024-03-22,Caick Moreira,They asked what it would take to add 6 more seats.
N-05109,ACC-1141,2024-04-06,Caick Moreira,Brief call with the admin. No issues raised.
N-05110,ACC-1141,2024-05-03,Caick Moreira,"Short call. Reviewed open items, nothing escalated."
N-05111,ACC-1141,2024-05-23,Caick Moreira,Asked about the higher tier. Sending over details.
N-05112,ACC-1141,2024-06-09,Caick Moreira,"Short call. Reviewed open items, nothing escalated."
N-05113,ACC-1141,2024-07-02,Caick Moreira,Quick sync with Dana Petrov. Business as usual.
N-05114,ACC-1141,2024-07-20,Caick Moreira,Quick sync with Dana Petrov. Business as usual.
N-05115,ACC-1141,2024-08-18,Caick Moreira,New leadership reviewed the stack and kept us. Told me directly.
N-05116,ACC-1141,2024-09-17,Caick Moreira,Good session. Their exec attended and was engaged.
N-05117,ACC-1141,2024-10-09,Caick Moreira,Brief call with the admin. No issues raised.
N-05118,ACC-1141,2024-10-30,Caick Moreira,Talked through a multi-year option. They want pricing.
N-05119,ACC-1141,2024-11-29,Caick Moreira,QBR went well. They presented our numbers to their leadership.
N-05120,ACC-1141,2024-12-15,Caick Moreira,Root cause shared with them. They were satisfied with the explanation.
N-05121,ACC-1141,2025-01-07,Caick Moreira,They asked what it would take to add 11 more seats.
N-05122,ACC-1141,2025-02-03,Caick Moreira,They included us in their annual planning conversation.
N-05123,ACC-1141,2025-02-24,Caick Moreira,Brief call with the admin. No issues raised.
N-05124,ACC-1141,2025-03-12,Caick Moreira,QBR went well. They presented our numbers to their leadership.
N-05125,ACC-1141,2025-03-24,Caick Moreira,Escalation closed out. They appreciated the follow-through.
N-05126,ACC-1141,2025-04-06,Caick Moreira,Interest in role permissions for a team that is not on the contract yet.
N-05127,ACC-1141,2025-04-25,Caick Moreira,Quick sync with Dana Petrov. Business as usual.
N-05128,ACC-1141,2025-05-22,Caick Moreira,Ran a refresher session on dashboards for 7 of their people.
N-05129,ACC-1141,2025-06-18,Caick Moreira,"Office hours session. 12 attendees, mostly questions about reporting."
N-05130,ACC-1141,2025-07-05,Caick Moreira,Fix shipped. They tested it and closed the ticket themselves.
N-05131,ACC-1141,2025-07-29,Caick Moreira,They included us in their annual planning conversation.
N-05132,ACC-1141,2025-08-11,Caick Moreira,Asked about the higher tier. Sending over details.
N-05133,ACC-1141,2025-09-06,Caick Moreira,Strong QBR. They want to talk about expanding to a second department.
N-05134,ACC-1141,2025-10-01,Caick Moreira,They included us in their annual planning conversation.
N-05135,ACC-1141,2025-10-26,Caick Moreira,"Office hours session. 12 attendees, mostly questions about reporting."
N-05136,ACC-1141,2025-11-07,Caick Moreira,Strong QBR. They want to talk about expanding to a second department.
N-05137,ACC-1141,2025-11-21,Caick Moreira,They included us in their annual planning conversation.
N-05138,ACC-1141,2025-12-07,Caick Moreira,QBR went well. They presented our numbers to their leadership.
N-05139,ACC-1141,2025-12-31,Caick Moreira,Ran a refresher session on role permissions for 11 of their people.
N-05140,ACC-1141,2026-01-26,Caick Moreira,Good session. Their exec attended and was engaged.
N-05141,ACC-1141,2026-02-24,Caick Moreira,Asked about the higher tier. Sending over details.
N-05142,ACC-1141,2026-03-26,Caick Moreira,Ran a refresher session on SSO for 9 of their people.
N-05143,ACC-1141,2026-04-08,Caick Moreira,"Office hours session. 14 attendees, mostly questions about reporting."
N-05144,ACC-1141,2026-05-01,Caick Moreira,The dashboards issue is resolved. Confirmed with their admin.
N-05145,ACC-1141,2026-05-20,Caick Moreira,Quick sync with Dana Petrov. Business as usual.
N-05146,ACC-1141,2026-06-19,Caick Moreira,Monthly check-in. Nothing new to report.
N-05147,ACC-1141,2026-07-04,Caick Moreira,Standing check-in held. Team is steady.
N-05148,ACC-1141,2026-07-16,Caick Moreira,Strong QBR. They want to talk about expanding to a second department.
N-05149,ACC-1141,2026-08-10,Caick Moreira,Delivered onboarding for the new hires on their team.
N-05150,ACC-1141,2026-09-02,Caick Moreira,Walked their analysts through the Salesforce sync. Good engagement.
N-05151,ACC-1142,2023-01-09,Brittney Cole,Only 13 of their licensed seats logged in last month.
N-05152,ACC-1142,2023-01-26,Brittney Cole,Quick sync with Simone Delgado. Business as usual.
N-05153,ACC-1142,2023-02-23,Brittney Cole,Their IT team is blocking the SSO change we need for rollout.
N-05154,ACC-1142,2023-03-17,Brittney Cole,Reopened the issue with the API. Their patience is visibly thin.
N-05155,ACC-1142,2023-04-15,Brittney Cole,Ran a refresher session on the alerting rules for 2 of their people.
N-05156,ACC-1142,2023-05-10,Brittney Cole,Root cause shared with them. They were satisfied with the explanation.
N-05157,ACC-1142,2023-06-04,Brittney Cole,The the bulk import issue is resolved. Confirmed with their admin.
N-05158,ACC-1142,2023-06-18,Brittney Cole,Brief call with the admin. No issues raised.
N-05159,ACC-1142,2023-07-02,Brittney Cole,Their CIO joined the call and reiterated this is a strategic system for them.
N-05160,ACC-1142,2023-07-26,Brittney Cole,Asked about the higher tier. Sending over details.
N-05161,ACC-1142,2023-08-23,Brittney Cole,Third follow-up from them on the same defect. Getting hard to defend.
N-05162,ACC-1142,2023-09-20,Brittney Cole,Quick sync with Simone Delgado. Business as usual.
N-05163,ACC-1142,2023-10-03,Brittney Cole,Root cause shared with them. They were satisfied with the explanation.
N-05164,ACC-1142,2023-10-30,Brittney Cole,Business review complete. Simone Delgado called out time savings on their team.
N-05165,ACC-1142,2023-11-19,Brittney Cole,"Office hours session. 9 attendees, mostly questions about reporting."
N-05166,ACC-1142,2023-12-04,Brittney Cole,QBR went well. They presented our numbers to their leadership.
N-05167,ACC-1142,2023-12-28,Brittney Cole,Their CIO joined the call and reiterated this is a strategic system for them.
N-05168,ACC-1142,2024-01-21,Brittney Cole,Good session. Their exec attended and was engaged.
N-05169,ACC-1142,2024-02-04,Brittney Cole,Sent over the enablement material they asked for.
N-05170,ACC-1142,2024-02-21,Brittney Cole,The the API issue is resolved. Confirmed with their admin.
N-05171,ACC-1142,2024-03-22,Brittney Cole,Their second division reached out directly about getting access.
N-05172,ACC-1142,2024-04-10,Brittney Cole,"Short call. Reviewed open items, nothing escalated."
N-05173,ACC-1142,2024-05-03,Brittney Cole,Third follow-up from them on the same defect. Getting hard to defend.
N-05174,ACC-1142,2024-05-25,Brittney Cole,Root cause shared with them. They were satisfied with the explanation.
N-05175,ACC-1142,2024-06-15,Brittney Cole,Good session. Their exec attended and was engaged.
N-05176,ACC-1142,2024-07-05,Brittney Cole,Reviewed the year. They are happy with where adoption landed.
N-05177,ACC-1142,2024-07-19,Brittney Cole,Sent over the enablement material they asked for.
N-05178,ACC-1142,2024-08-10,Brittney Cole,Went quiet after the escalation. Not sure who owns us there now.
N-05179,ACC-1142,2024-09-02,Brittney Cole,We got the integration working. Their team is back to normal.
N-05180,ACC-1142,2024-10-02,Brittney Cole,Escalation closed out. They appreciated the follow-through.
N-05181,ACC-1142,2024-10-14,Brittney Cole,They included us in their annual planning conversation.
N-05182,ACC-1142,2024-11-09,Brittney Cole,Data quality issues on their side keep surfacing as complaints about us.
N-05183,ACC-1142,2024-11-22,Brittney Cole,Asked about the higher tier. Sending over details.
N-05184,ACC-1142,2024-12-04,Brittney Cole,Quick sync with Simone Delgado. Business as usual.
N-05185,ACC-1142,2024-12-19,Brittney Cole,Ran a refresher session on role permissions for 9 of their people.
N-05186,ACC-1142,2025-01-13,Brittney Cole,Interest in the bulk import for a team that is not on the contract yet.
N-05187,ACC-1142,2025-02-08,Brittney Cole,Good session. Their exec attended and was engaged.
N-05188,ACC-1142,2025-03-05,Brittney Cole,They asked what it would take to add 8 more seats.
N-05189,ACC-1142,2025-03-27,Brittney Cole,Business review complete. Simone Delgado called out time savings on their team.
N-05190,ACC-1142,2025-04-09,Brittney Cole,Their second division reached out directly about getting access.
N-05191,ACC-1142,2025-04-23,Brittney Cole,Root cause shared with them. They were satisfied with the explanation.
N-05192,ACC-1142,2025-05-15,Brittney Cole,Asked about the higher tier. Sending over details.
N-05193,ACC-1142,2025-05-28,Brittney Cole,New leadership reviewed the stack and kept us. Told me directly.
N-05194,ACC-1142,2025-06-10,Brittney Cole,Business review complete. Simone Delgado called out time savings on their team.
N-05195,ACC-1142,2025-06-27,Brittney Cole,Interest in dashboards for a team that is not on the contract yet.
N-05196,ACC-1142,2025-07-25,Brittney Cole,The the alerting rules issue is resolved. Confirmed with their admin.
N-05197,ACC-1142,2025-08-15,Brittney Cole,Sent the usage summary. No acknowledgement.
N-05198,ACC-1142,2025-09-10,Brittney Cole,Monthly check-in. Nothing new to report.
N-05199,ACC-1142,2025-09-23,Brittney Cole,"Short call. Reviewed open items, nothing escalated."
N-05200,ACC-1142,2025-10-15,Brittney Cole,The the Salesforce sync setup has never worked the way they expected.
N-05201,ACC-1142,2025-11-03,Brittney Cole,Simone Delgado was promoted and now owns a larger scope. Good for us.
N-05202,ACC-1143,2025-03-30,Owen Trask,Good session. Their exec attended and was engaged.
N-05203,ACC-1143,2025-04-27,Owen Trask,Quick sync with Tomas Kaminski. Business as usual.
N-05204,ACC-1143,2025-05-13,Owen Trask,They included us in their annual planning conversation.
N-05205,ACC-1143,2025-05-27,Owen Trask,Their CIO joined the call and reiterated this is a strategic system for them.
N-05206,ACC-1143,2025-06-17,Owen Trask,Standing check-in held. Team is steady.
N-05207,ACC-1143,2025-07-17,Owen Trask,Walked their analysts through data retention. Good engagement.
N-05208,ACC-1143,2025-08-16,Owen Trask,Fix shipped. They tested it and closed the ticket themselves.
N-05209,ACC-1143,2025-09-14,Owen Trask,We got the integration working. Their team is back to normal.
N-05210,ACC-1143,2025-09-27,Owen Trask,Interest in the API for a team that is not on the contract yet.
N-05211,ACC-1143,2025-10-18,Owen Trask,Sent over the enablement material they asked for.
N-05212,ACC-1143,2025-11-16,Owen Trask,Business review complete. Tomas Kaminski called out time savings on their team.
N-05213,ACC-1143,2025-12-14,Owen Trask,Delivered onboarding for the new hires on their team.
N-05214,ACC-1143,2026-01-09,Owen Trask,"Office hours session. 10 attendees, mostly questions about reporting."
N-05215,ACC-1143,2026-01-26,Owen Trask,They asked what it would take to add 10 more seats.
N-05216,ACC-1143,2026-02-09,Owen Trask,Quick sync with Tomas Kaminski. Business as usual.
N-05217,ACC-1143,2026-03-08,Owen Trask,Touched base. They are heads down on their own roadmap right now.
N-05218,ACC-1143,2026-04-03,Owen Trask,Tomas Kaminski was promoted and now owns a larger scope. Good for us.
N-05219,ACC-1143,2026-04-16,Owen Trask,Exec sponsor confirmed budget is protected for next year.
N-05220,ACC-1143,2026-04-29,Owen Trask,Tomas Kaminski was promoted and now owns a larger scope. Good for us.
N-05221,ACC-1143,2026-05-24,Owen Trask,Their second division reached out directly about getting access.
N-05222,ACC-1143,2026-06-10,Owen Trask,Exec sponsor confirmed budget is protected for next year.
N-05223,ACC-1143,2026-07-02,Owen Trask,They asked what it would take to add 6 more seats.
N-05224,ACC-1143,2026-08-01,Owen Trask,Talked through a multi-year option. They want pricing.
N-05225,ACC-1143,2026-08-22,Owen Trask,Talked through a multi-year option. They want pricing.
N-05226,ACC-1143,2026-09-12,Owen Trask,Good session. Their exec attended and was engaged.
N-05227,ACC-1144,2024-11-28,Nuala Byrne,QBR went well. They presented our numbers to their leadership.
N-05228,ACC-1144,2024-12-23,Nuala Byrne,Fix shipped. They tested it and closed the ticket themselves.
N-05229,ACC-1144,2025-01-18,Nuala Byrne,They asked what it would take to add 12 more seats.
N-05230,ACC-1144,2025-02-12,Nuala Byrne,Their CIO joined the call and reiterated this is a strategic system for them.
N-05231,ACC-1144,2025-03-02,Nuala Byrne,Walked their analysts through the mobile app. Good engagement.
N-05232,ACC-1144,2025-03-15,Nuala Byrne,Sync failures every week. Their admin is the one absorbing the pain.
N-05233,ACC-1144,2025-04-05,Nuala Byrne,Interest in the bulk import for a team that is not on the contract yet.
N-05234,ACC-1144,2025-05-04,Nuala Byrne,Root cause shared with them. They were satisfied with the explanation.
N-05235,ACC-1144,2025-05-26,Nuala Byrne,Strong QBR. They want to talk about expanding to a second department.
N-05236,ACC-1144,2025-06-11,Nuala Byrne,Brief call with the admin. No issues raised.
N-05237,ACC-1144,2025-06-27,Nuala Byrne,Root cause shared with them. They were satisfied with the explanation.
N-05238,ACC-1144,2025-07-25,Nuala Byrne,Talked through a multi-year option. They want pricing.
N-05239,ACC-1144,2025-08-11,Nuala Byrne,We got the integration working. Their team is back to normal.
N-05240,ACC-1144,2025-09-09,Nuala Byrne,Asked about the higher tier. Sending over details.
N-05241,ACC-1144,2025-10-07,Nuala Byrne,Came up that Helmsman has been in talking to their leadership.
N-05242,ACC-1144,2025-11-06,Nuala Byrne,Fix shipped. They tested it and closed the ticket themselves.
N-05243,ACC-1144,2025-11-18,Nuala Byrne,Interest in the bulk import for a team that is not on the contract yet.
N-05244,ACC-1144,2025-12-18,Nuala Byrne,Mentioned an RFP is going out before renewal.
N-05245,ACC-1144,2026-01-10,Nuala Byrne,Heard secondhand that Nimbus Track gave them aggressive pricing.
N-05246,ACC-1144,2026-01-22,Nuala Byrne,Heard secondhand that an in-house build gave them aggressive pricing.
N-05247,ACC-1144,2026-02-09,Nuala Byrne,Fix shipped. They tested it and closed the ticket themselves.
N-05248,ACC-1144,2026-03-03,Nuala Byrne,Touched base. They are heads down on their own roadmap right now.
N-05249,ACC-1144,2026-04-01,Nuala Byrne,"Short call. Reviewed open items, nothing escalated."
N-05250,ACC-1144,2026-04-19,Nuala Byrne,Their SSO integration broke again during their data load.
N-05251,ACC-1144,2026-05-14,Nuala Byrne,Business review complete. Soren Barros called out time savings on their team.
N-05252,ACC-1144,2026-05-27,Nuala Byrne,Soren Barros was promoted and now owns a larger scope. Good for us.
N-05253,ACC-1144,2026-06-13,Nuala Byrne,Sent over the enablement material they asked for.
N-05254,ACC-1144,2026-07-01,Nuala Byrne,Fix shipped. They tested it and closed the ticket themselves.
N-05255,ACC-1144,2026-07-22,Nuala Byrne,Fix shipped. They tested it and closed the ticket themselves.
N-05256,ACC-1144,2026-08-03,Nuala Byrne,We got the integration working. Their team is back to normal.
N-05257,ACC-1144,2026-08-31,Nuala Byrne,We got the integration working. Their team is back to normal.
N-05258,ACC-1145,2025-07-03,Caick Moreira,The the API issue is resolved. Confirmed with their admin.
N-05259,ACC-1145,2025-07-18,Caick Moreira,We got the integration working. Their team is back to normal.
N-05260,ACC-1145,2025-08-03,Caick Moreira,Strong QBR. They want to talk about expanding to a second department.
N-05261,ACC-1145,2025-08-15,Caick Moreira,Exec sponsor confirmed budget is protected for next year.
N-05262,ACC-1145,2025-09-07,Caick Moreira,Only 8 of their licensed seats logged in last month.
N-05263,ACC-1145,2025-09-21,Caick Moreira,Only 8 of their licensed seats logged in last month.
N-05264,ACC-1145,2025-10-03,Caick Moreira,Usage is flat. 11 weekly active users against a much larger contract.
N-05265,ACC-1145,2025-10-25,Caick Moreira,Nobody outside the original two users has touched dashboards since onboarding.
N-05266,ACC-1145,2025-11-08,Caick Moreira,We got the integration working. Their team is back to normal.
N-05267,ACC-1145,2025-11-27,Caick Moreira,The the mobile app issue is resolved. Confirmed with their admin.
N-05268,ACC-1145,2025-12-14,Caick Moreira,Sent over the enablement material they asked for.
N-05269,ACC-1145,2026-01-03,Caick Moreira,The the reporting module issue is resolved. Confirmed with their admin.
N-05270,ACC-1145,2026-01-29,Caick Moreira,QBR went well. They presented our numbers to their leadership.
N-05271,ACC-1145,2026-02-10,Caick Moreira,The role permissions issue is resolved. Confirmed with their admin.
N-05272,ACC-1145,2026-02-25,Caick Moreira,"Ran the numbers before the call. 14 active users, down from last quarter."
N-05273,ACC-1145,2026-03-12,Caick Moreira,We got the integration working. Their team is back to normal.
N-05274,ACC-1145,2026-03-26,Caick Moreira,Admin told me most of the team still does this work in spreadsheets.
N-05275,ACC-1145,2026-04-12,Caick Moreira,Their CIO joined the call and reiterated this is a strategic system for them.
N-05276,ACC-1145,2026-05-10,Caick Moreira,Business review complete. Junko Achterberg called out time savings on their team.
N-05277,ACC-1145,2026-06-08,Caick Moreira,Nobody outside the original two users has touched SSO since onboarding.
N-05278,ACC-1145,2026-06-21,Caick Moreira,Interest in dashboards for a team that is not on the contract yet.
N-05279,ACC-1145,2026-07-05,Caick Moreira,Ran a refresher session on SSO for 7 of their people.
N-05280,ACC-1145,2026-07-18,Caick Moreira,Escalation closed out. They appreciated the follow-through.
N-05281,ACC-1145,2026-08-06,Caick Moreira,Strong QBR. They want to talk about expanding to a second department.
N-05282,ACC-1145,2026-08-30,Caick Moreira,Root cause shared with them. They were satisfied with the explanation.
N-05283,ACC-1146,2025-09-29,Leila Haddad,Standing check-in held. Team is steady.
N-05284,ACC-1146,2025-10-20,Leila Haddad,Fix shipped. They tested it and closed the ticket themselves.
N-05285,ACC-1146,2025-11-02,Leila Haddad,Touched base. They are heads down on their own roadmap right now.
N-05286,ACC-1146,2025-11-30,Leila Haddad,The data retention issue is resolved. Confirmed with their admin.
N-05287,ACC-1146,2025-12-22,Leila Haddad,Have not been able to get anyone on a call since the summer.
N-05288,ACC-1146,2026-01-06,Leila Haddad,They skipped the business review entirely this cycle.
N-05289,ACC-1146,2026-02-02,Leila Haddad,Sent over the enablement material they asked for.
N-05290,ACC-1146,2026-02-17,Leila Haddad,QBR went well. They presented our numbers to their leadership.
N-05291,ACC-1146,2026-03-09,Leila Haddad,New leadership reviewed the stack and kept us. Told me directly.
N-05292,ACC-1146,2026-03-31,Leila Haddad,Their new director used a spreadsheet-based process at her last company and prefers it.
N-05293,ACC-1146,2026-04-20,Leila Haddad,Requested a feature comparison against Lattitude. Sent one.
N-05294,ACC-1146,2026-05-09,Leila Haddad,"Heads up, Bianca Okafor is leaving at the end of the month. She was our main advocate here."
N-05295,ACC-1146,2026-05-24,Leila Haddad,Bianca Okafor has moved to a different company. No replacement named yet.
N-05296,ACC-1146,2026-06-21,Leila Haddad,Org change on their side. Bianca Okafor no longer owns this relationship.
N-05297,ACC-1147,2025-06-04,Nuala Byrne,Their team has been evaluating Nimbus Track for two months and did not tell us.
N-05298,ACC-1147,2025-06-28,Nuala Byrne,Went quiet after the escalation. Not sure who owns us there now.
N-05299,ACC-1147,2025-07-21,Nuala Byrne,Meeting attendance has dropped to one junior person.
N-05300,ACC-1147,2025-08-08,Nuala Byrne,Fix shipped. They tested it and closed the ticket themselves.
N-05301,ACC-1147,2025-08-22,Nuala Byrne,Root cause shared with them. They were satisfied with the explanation.
N-05302,ACC-1147,2025-09-10,Nuala Byrne,Sent over the enablement material they asked for.
N-05303,ACC-1147,2025-09-22,Nuala Byrne,Have not been able to get anyone on a call since the summer.
N-05304,ACC-1147,2025-10-16,Nuala Byrne,Have not been able to get anyone on a call since the summer.
N-05305,ACC-1147,2025-11-14,Nuala Byrne,QBR went well. They presented our numbers to their leadership.
N-05306,ACC-1147,2025-12-11,Nuala Byrne,Strong QBR. They want to talk about expanding to a second department.
N-05307,ACC-1147,2026-01-06,Nuala Byrne,Root cause shared with them. They were satisfied with the explanation.
N-05308,ACC-1147,2026-02-01,Nuala Byrne,Reviewed the year. They are happy with where adoption landed.
N-05309,ACC-1147,2026-02-27,Nuala Byrne,No response in six weeks. Tried email and LinkedIn.
N-05310,ACC-1147,2026-03-19,Nuala Byrne,Have not been able to get anyone on a call since the summer.
N-05311,ACC-1147,2026-04-18,Nuala Byrne,Mentioned an RFP is going out before renewal.
N-05312,ACC-1147,2026-05-03,Nuala Byrne,Reviewed the year. They are happy with where adoption landed.
N-05313,ACC-1147,2026-05-30,Nuala Byrne,Brief call with the admin. No issues raised.
N-05314,ACC-1147,2026-06-13,Nuala Byrne,New leadership reviewed the stack and kept us. Told me directly.
N-05315,ACC-1147,2026-07-11,Nuala Byrne,Fix shipped. They tested it and closed the ticket themselves.
N-05316,ACC-1147,2026-07-24,Nuala Byrne,Asked about the higher tier. Sending over details.
N-05317,ACC-1147,2026-08-09,Nuala Byrne,Fix shipped. They tested it and closed the ticket themselves.
N-05318,ACC-1147,2026-09-08,Nuala Byrne,We got the integration working. Their team is back to normal.
N-05319,ACC-1148,2024-02-13,Leila Haddad,Their IT team is blocking the SSO change we need for rollout.
N-05320,ACC-1148,2024-03-13,Leila Haddad,"Office hours session. 13 attendees, mostly questions about reporting."
N-05321,ACC-1148,2024-04-02,Leila Haddad,New VP came in over Simone Lindqvist's team and is reviewing all vendor relationships.
N-05322,ACC-1148,2024-04-25,Leila Haddad,"Short call. Reviewed open items, nothing escalated."
N-05323,ACC-1148,2024-05-15,Leila Haddad,Data quality issues on their side keep surfacing as complaints about us.
N-05324,ACC-1148,2024-05-27,Leila Haddad,Their IT team is blocking the SSO change we need for rollout.
N-05325,ACC-1148,2024-06-21,Leila Haddad,Came up that Lattitude has been in talking to their leadership.
N-05326,ACC-1148,2024-07-04,Leila Haddad,Interest in the alerting rules for a team that is not on the contract yet.
N-05327,ACC-1148,2024-07-21,Leila Haddad,Configuration drifted and nobody on their side owns it now.
N-05328,ACC-1148,2024-08-16,Leila Haddad,Good session. Their exec attended and was engaged.
N-05329,ACC-1148,2024-09-01,Leila Haddad,Root cause shared with them. They were satisfied with the explanation.
N-05330,ACC-1148,2024-09-26,Leila Haddad,Strong QBR. They want to talk about expanding to a second department.
N-05331,ACC-1148,2024-10-22,Leila Haddad,Fix shipped. They tested it and closed the ticket themselves.
N-05332,ACC-1148,2024-11-13,Leila Haddad,They do not have the internal engineering capacity to finish the integration.
N-05333,ACC-1148,2024-12-08,Leila Haddad,Standing check-in held. Team is steady.
N-05334,ACC-1148,2025-01-01,Leila Haddad,Data quality issues on their side keep surfacing as complaints about us.
N-05335,ACC-1148,2025-01-13,Leila Haddad,Heard secondhand that an in-house build gave them aggressive pricing.
N-05336,ACC-1148,2025-02-03,Leila Haddad,Requested a feature comparison against an in-house build. Sent one.
N-05337,ACC-1148,2025-02-26,Leila Haddad,They are considering consolidating onto Corveo as part of a platform play.
N-05338,ACC-1148,2025-03-28,Leila Haddad,They asked what it would take to add 5 more seats.
N-05339,ACC-1148,2025-04-19,Leila Haddad,Org change on their side. Simone Lindqvist no longer owns this relationship.
N-05340,ACC-1148,2025-05-01,Leila Haddad,Root cause shared with them. They were satisfied with the explanation.
N-05341,ACC-1148,2025-05-26,Leila Haddad,Fix shipped. They tested it and closed the ticket themselves.
N-05342,ACC-1148,2025-06-18,Leila Haddad,Interest in the mobile app for a team that is not on the contract yet.
N-05343,ACC-1148,2025-07-09,Leila Haddad,Interest in role permissions for a team that is not on the contract yet.
N-05344,ACC-1148,2025-07-30,Leila Haddad,Simone Lindqvist was promoted and now owns a larger scope. Good for us.
N-05345,ACC-1148,2025-08-11,Leila Haddad,Strong QBR. They want to talk about expanding to a second department.
N-05346,ACC-1148,2025-08-25,Leila Haddad,Their team has been evaluating a spreadsheet-based process for two months and did not tell us.
N-05347,ACC-1148,2025-09-10,Leila Haddad,Their role permissions integration broke again during their data load.
N-05348,ACC-1148,2025-10-05,Leila Haddad,The the bulk import issue is resolved. Confirmed with their admin.
N-05349,ACC-1148,2025-10-22,Leila Haddad,Data quality issues on their side keep surfacing as complaints about us.
N-05350,ACC-1148,2025-11-10,Leila Haddad,Exec sponsor confirmed budget is protected for next year.
N-05351,ACC-1148,2025-11-22,Leila Haddad,Sent over the enablement material they asked for.
N-05352,ACC-1148,2025-12-11,Leila Haddad,Requested a feature comparison against a spreadsheet-based process. Sent one.
N-05353,ACC-1148,2026-01-09,Leila Haddad,Business review complete. Simone Lindqvist called out time savings on their team.
N-05354,ACC-1148,2026-01-24,Leila Haddad,Heard secondhand that Orderly gave them aggressive pricing.
N-05355,ACC-1148,2026-02-16,Leila Haddad,Escalation closed out. They appreciated the follow-through.
N-05356,ACC-1148,2026-03-17,Leila Haddad,QBR went well. They presented our numbers to their leadership.
N-05357,ACC-1148,2026-04-16,Leila Haddad,Root cause shared with them. They were satisfied with the explanation.
N-05358,ACC-1148,2026-05-15,Leila Haddad,We got the integration working. Their team is back to normal.
N-05359,ACC-1148,2026-05-27,Leila Haddad,They do not have the internal engineering capacity to finish the integration.
N-05360,ACC-1148,2026-06-19,Leila Haddad,Migration off their legacy system stalled. We are stuck waiting.
N-05361,ACC-1148,2026-07-07,Leila Haddad,They included us in their annual planning conversation.
N-05362,ACC-1148,2026-08-02,Leila Haddad,Strong QBR. They want to talk about expanding to a second department.
N-05363,ACC-1148,2026-08-29,Leila Haddad,Fix shipped. They tested it and closed the ticket themselves.
N-05364,ACC-1148,2026-09-12,Leila Haddad,Touched base. They are heads down on their own roadmap right now.
N-05365,ACC-1149,2024-05-05,Caick Moreira,Escalation closed out. They appreciated the follow-through.
N-05366,ACC-1149,2024-06-02,Caick Moreira,Monthly check-in. Nothing new to report.
N-05367,ACC-1149,2024-06-17,Caick Moreira,We got the integration working. Their team is back to normal.
N-05368,ACC-1149,2024-07-16,Caick Moreira,New leadership reviewed the stack and kept us. Told me directly.
N-05369,ACC-1149,2024-08-06,Caick Moreira,The role permissions issue is resolved. Confirmed with their admin.
N-05370,ACC-1149,2024-08-21,Caick Moreira,Grant Delgado was promoted and now owns a larger scope. Good for us.
N-05371,ACC-1149,2024-09-02,Caick Moreira,New leadership reviewed the stack and kept us. Told me directly.
N-05372,ACC-1149,2024-09-30,Caick Moreira,Touched base. They are heads down on their own roadmap right now.
N-05373,ACC-1149,2024-10-21,Caick Moreira,Touched base. They are heads down on their own roadmap right now.
N-05374,ACC-1149,2024-11-05,Caick Moreira,Touched base. They are heads down on their own roadmap right now.
N-05375,ACC-1149,2024-12-03,Caick Moreira,We got the integration working. Their team is back to normal.
N-05376,ACC-1149,2024-12-22,Caick Moreira,"Short call. Reviewed open items, nothing escalated."
N-05377,ACC-1149,2025-01-16,Caick Moreira,Ran a refresher session on dashboards for 8 of their people.
N-05378,ACC-1149,2025-02-11,Caick Moreira,Business review complete. Grant Delgado called out time savings on their team.
N-05379,ACC-1149,2025-03-06,Caick Moreira,"Office hours session. 9 attendees, mostly questions about reporting."
N-05380,ACC-1149,2025-03-26,Caick Moreira,They included us in their annual planning conversation.
N-05381,ACC-1149,2025-04-12,Caick Moreira,Grant Delgado was promoted and now owns a larger scope. Good for us.
N-05382,ACC-1149,2025-04-26,Caick Moreira,Reviewed the year. They are happy with where adoption landed.
N-05383,ACC-1149,2025-05-19,Caick Moreira,"Short call. Reviewed open items, nothing escalated."
N-05384,ACC-1149,2025-06-16,Caick Moreira,Ran a refresher session on data retention for 11 of their people.
N-05385,ACC-1149,2025-07-09,Caick Moreira,Business review complete. Grant Delgado called out time savings on their team.
N-05386,ACC-1149,2025-07-24,Caick Moreira,QBR went well. They presented our numbers to their leadership.
N-05387,ACC-1149,2025-08-23,Caick Moreira,Delivered onboarding for the new hires on their team.
N-05388,ACC-1149,2025-09-19,Caick Moreira,Good session. Their exec attended and was engaged.
N-05389,ACC-1149,2025-10-04,Caick Moreira,They asked what it would take to add 7 more seats.
N-05390,ACC-1149,2025-10-27,Caick Moreira,Good session. Their exec attended and was engaged.
N-05391,ACC-1149,2025-11-08,Caick Moreira,Grant Delgado was promoted and now owns a larger scope. Good for us.
N-05392,ACC-1149,2025-12-06,Caick Moreira,Strong QBR. They want to talk about expanding to a second department.
N-05393,ACC-1149,2026-01-03,Caick Moreira,New leadership reviewed the stack and kept us. Told me directly.
N-05394,ACC-1149,2026-01-15,Caick Moreira,Talked through a multi-year option. They want pricing.
N-05395,ACC-1149,2026-02-01,Caick Moreira,Exec sponsor confirmed budget is protected for next year.
N-05396,ACC-1149,2026-02-18,Caick Moreira,Asked about the higher tier. Sending over details.
N-05397,ACC-1149,2026-03-07,Caick Moreira,Walked their analysts through the alerting rules. Good engagement.
N-05398,ACC-1149,2026-03-30,Caick Moreira,We got the integration working. Their team is back to normal.
N-05399,ACC-1149,2026-04-15,Caick Moreira,Monthly check-in. Nothing new to report.
N-05400,ACC-1149,2026-04-27,Caick Moreira,They included us in their annual planning conversation.
N-05401,ACC-1149,2026-05-21,Caick Moreira,They included us in their annual planning conversation.
N-05402,ACC-1149,2026-06-13,Caick Moreira,QBR went well. They presented our numbers to their leadership.
N-05403,ACC-1149,2026-06-27,Caick Moreira,Delivered onboarding for the new hires on their team.
N-05404,ACC-1149,2026-07-22,Caick Moreira,We got the integration working. Their team is back to normal.
N-05405,ACC-1149,2026-08-04,Caick Moreira,Their second division reached out directly about getting access.
N-05406,ACC-1149,2026-08-20,Caick Moreira,The the reporting module issue is resolved. Confirmed with their admin.
N-05407,ACC-1149,2026-09-01,Caick Moreira,They included us in their annual planning conversation.
N-05408,ACC-1150,2023-04-09,Nuala Byrne,We got the integration working. Their team is back to normal.
N-05409,ACC-1150,2023-04-30,Nuala Byrne,The data retention setup has never worked the way they expected.
N-05410,ACC-1150,2023-05-16,Nuala Byrne,Migration off their legacy system stalled. We are stuck waiting.
N-05411,ACC-1150,2023-06-02,Nuala Byrne,Talked through a multi-year option. They want pricing.
N-05412,ACC-1150,2023-06-30,Nuala Byrne,Monthly check-in. Nothing new to report.
N-05413,ACC-1150,2023-07-25,Nuala Byrne,We got the integration working. Their team is back to normal.
N-05414,ACC-1150,2023-08-24,Nuala Byrne,Exec sponsor confirmed budget is protected for next year.
N-05415,ACC-1150,2023-09-05,Nuala Byrne,Reviewed the year. They are happy with where adoption landed.
N-05416,ACC-1150,2023-10-04,Nuala Byrne,Migration off their legacy system stalled. We are stuck waiting.
N-05417,ACC-1150,2023-11-03,Nuala Byrne,Sent over the enablement material they asked for.
N-05418,ACC-1150,2023-11-22,Nuala Byrne,They do not have the internal engineering capacity to finish the integration.
N-05419,ACC-1150,2023-12-06,Nuala Byrne,We got the integration working. Their team is back to normal.
N-05420,ACC-1150,2024-01-01,Nuala Byrne,Standing check-in held. Team is steady.
N-05421,ACC-1150,2024-01-26,Nuala Byrne,Fix shipped. They tested it and closed the ticket themselves.
N-05422,ACC-1150,2024-02-16,Nuala Byrne,Claire Doyle was promoted and now owns a larger scope. Good for us.
N-05423,ACC-1150,2024-03-16,Nuala Byrne,Walked their analysts through the API. Good engagement.
N-05424,ACC-1150,2024-04-05,Nuala Byrne,Exec sponsor confirmed budget is protected for next year.
N-05425,ACC-1150,2024-04-23,Nuala Byrne,Talked through a multi-year option. They want pricing.
N-05426,ACC-1150,2024-05-20,Nuala Byrne,We got the integration working. Their team is back to normal.
N-05427,ACC-1150,2024-06-02,Nuala Byrne,Monthly check-in. Nothing new to report.
N-05428,ACC-1150,2024-06-30,Nuala Byrne,Their CIO joined the call and reiterated this is a strategic system for them.
N-05429,ACC-1150,2024-07-14,Nuala Byrne,QBR went well. They presented our numbers to their leadership.
N-05430,ACC-1150,2024-07-27,Nuala Byrne,Brief call with the admin. No issues raised.
N-05431,ACC-1150,2024-08-08,Nuala Byrne,Good session. Their exec attended and was engaged.
N-05432,ACC-1150,2024-08-25,Nuala Byrne,Escalation closed out. They appreciated the follow-through.
N-05433,ACC-1150,2024-09-10,Nuala Byrne,Ran a refresher session on the API for 9 of their people.
N-05434,ACC-1150,2024-09-25,Nuala Byrne,Escalation closed out. They appreciated the follow-through.
N-05435,ACC-1150,2024-10-13,Nuala Byrne,Walked their analysts through role permissions. Good engagement.
N-05436,ACC-1150,2024-11-05,Nuala Byrne,Their second division reached out directly about getting access.
N-05437,ACC-1150,2024-11-21,Nuala Byrne,Good session. Their exec attended and was engaged.
N-05438,ACC-1150,2024-12-09,Nuala Byrne,Root cause shared with them. They were satisfied with the explanation.
N-05439,ACC-1150,2024-12-29,Nuala Byrne,Data quality issues on their side keep surfacing as complaints about us.
N-05440,ACC-1150,2025-01-23,Nuala Byrne,Migration off their legacy system stalled. We are stuck waiting.
N-05441,ACC-1150,2025-02-17,Nuala Byrne,Escalation closed out. They appreciated the follow-through.
N-05442,ACC-1150,2025-03-03,Nuala Byrne,Walked their analysts through the mobile app. Good engagement.
N-05443,ACC-1150,2025-03-28,Nuala Byrne,The SSO issue is resolved. Confirmed with their admin.
N-05444,ACC-1150,2025-04-15,Nuala Byrne,They included us in their annual planning conversation.
N-05445,ACC-1150,2025-05-14,Nuala Byrne,Their second division reached out directly about getting access.
N-05446,ACC-1150,2025-05-26,Nuala Byrne,Brief call with the admin. No issues raised.
N-05447,ACC-1150,2025-06-23,Nuala Byrne,Reviewed the year. They are happy with where adoption landed.
N-05448,ACC-1150,2025-07-18,Nuala Byrne,Quick sync with Claire Doyle. Business as usual.
N-05449,ACC-1150,2025-08-05,Nuala Byrne,Ran a refresher session on SSO for 9 of their people.
N-05450,ACC-1150,2025-08-27,Nuala Byrne,Sent over the enablement material they asked for.
N-05451,ACC-1150,2025-09-10,Nuala Byrne,Their second division reached out directly about getting access.
N-05452,ACC-1150,2025-10-04,Nuala Byrne,Data quality issues on their side keep surfacing as complaints about us.
N-05453,ACC-1150,2025-10-18,Nuala Byrne,Root cause shared with them. They were satisfied with the explanation.
N-05454,ACC-1150,2025-11-15,Nuala Byrne,Sync failures every week. Their admin is the one absorbing the pain.
N-05455,ACC-1150,2025-12-04,Nuala Byrne,"Office hours session. 7 attendees, mostly questions about reporting."
N-05456,ACC-1150,2026-01-03,Nuala Byrne,Their second division reached out directly about getting access.
N-05457,ACC-1150,2026-01-24,Nuala Byrne,"Short call. Reviewed open items, nothing escalated."
N-05458,ACC-1150,2026-02-23,Nuala Byrne,Their CIO joined the call and reiterated this is a strategic system for them.
N-05459,ACC-1150,2026-03-24,Nuala Byrne,Their SSO integration broke again during their data load.
N-05460,ACC-1150,2026-04-12,Nuala Byrne,The role permissions setup has never worked the way they expected.
N-05461,ACC-1150,2026-05-12,Nuala Byrne,They want us to match a workflow that our product does not support.
N-05462,ACC-1150,2026-05-31,Nuala Byrne,They included us in their annual planning conversation.
N-05463,ACC-1150,2026-06-27,Nuala Byrne,the alerting rules is slow at their data volume and they have said so repeatedly.
N-05464,ACC-1150,2026-07-14,Nuala Byrne,Brief call with the admin. No issues raised.
N-05465,ACC-1150,2026-07-28,Nuala Byrne,Strong QBR. They want to talk about expanding to a second department.
N-05466,ACC-1150,2026-08-20,Nuala Byrne,Root cause shared with them. They were satisfied with the explanation.
N-05467,ACC-1150,2026-09-01,Nuala Byrne,Ran a refresher session on SSO for 10 of their people.
N-05468,ACC-1151,2025-10-30,Owen Trask,We got the integration working. Their team is back to normal.
N-05469,ACC-1151,2025-11-17,Owen Trask,We got the integration working. Their team is back to normal.
N-05470,ACC-1151,2025-12-12,Owen Trask,We got the integration working. Their team is back to normal.
N-05471,ACC-1151,2026-01-04,Owen Trask,Sent over the enablement material they asked for.
N-05472,ACC-1151,2026-01-16,Owen Trask,Root cause shared with them. They were satisfied with the explanation.
N-05473,ACC-1151,2026-02-14,Owen Trask,"Seat utilization is under a third. Raised it, they acknowledged and moved on."
N-05474,ACC-1151,2026-02-26,Owen Trask,Brief call with the admin. No issues raised.
N-05475,ACC-1151,2026-03-10,Owen Trask,Their team never completed rollout to the second region. 6 users total.
N-05476,ACC-1151,2026-04-06,Owen Trask,Asked about the higher tier. Sending over details.
N-05477,ACC-1151,2026-04-30,Owen Trask,Business review complete. Wes Chen called out time savings on their team.
N-05478,ACC-1151,2026-05-26,Owen Trask,Interest in the Salesforce sync for a team that is not on the contract yet.
N-05479,ACC-1151,2026-06-11,Owen Trask,They bought for the whole department but adoption never left the pilot team.
N-05480,ACC-1151,2026-07-04,Owen Trask,Their team never completed rollout to the second region. 10 users total.
N-05481,ACC-1151,2026-07-31,Owen Trask,Touched base. They are heads down on their own roadmap right now.
N-05482,ACC-1151,2026-08-21,Owen Trask,Admin told me most of the team still does this work in spreadsheets.
N-05483,ACC-1152,2023-10-19,Shairyar Khan,Root cause shared with them. They were satisfied with the explanation.
N-05484,ACC-1152,2023-11-02,Shairyar Khan,Exec sponsor confirmed budget is protected for next year.
N-05485,ACC-1152,2023-11-26,Shairyar Khan,They included us in their annual planning conversation.
N-05486,ACC-1152,2023-12-10,Shairyar Khan,Reviewed the year. They are happy with where adoption landed.
N-05487,ACC-1152,2024-01-02,Shairyar Khan,Asked about the higher tier. Sending over details.
N-05488,ACC-1152,2024-01-23,Shairyar Khan,They included us in their annual planning conversation.
N-05489,ACC-1152,2024-02-11,Shairyar Khan,Root cause shared with them. They were satisfied with the explanation.
N-05490,ACC-1152,2024-03-06,Shairyar Khan,Interest in SSO for a team that is not on the contract yet.
N-05491,ACC-1152,2024-04-02,Shairyar Khan,Their second division reached out directly about getting access.
N-05492,ACC-1152,2024-04-19,Shairyar Khan,Sent over the enablement material they asked for.
N-05493,ACC-1152,2024-05-15,Shairyar Khan,Standing check-in held. Team is steady.
N-05494,ACC-1152,2024-06-14,Shairyar Khan,Talked through a multi-year option. They want pricing.
N-05495,ACC-1152,2024-07-13,Shairyar Khan,Delivered onboarding for the new hires on their team.
N-05496,ACC-1152,2024-07-25,Shairyar Khan,Good session. Their exec attended and was engaged.
N-05497,ACC-1152,2024-08-17,Shairyar Khan,Interest in the mobile app for a team that is not on the contract yet.
N-05498,ACC-1152,2024-09-09,Shairyar Khan,Good session. Their exec attended and was engaged.
N-05499,ACC-1152,2024-09-29,Shairyar Khan,Walked their analysts through SSO. Good engagement.
N-05500,ACC-1152,2024-10-26,Shairyar Khan,Delivered onboarding for the new hires on their team.
N-05501,ACC-1152,2024-11-20,Shairyar Khan,Walked their analysts through the mobile app. Good engagement.
N-05502,ACC-1152,2024-12-17,Shairyar Khan,New leadership reviewed the stack and kept us. Told me directly.
N-05503,ACC-1152,2025-01-03,Shairyar Khan,The the reporting module issue is resolved. Confirmed with their admin.
N-05504,ACC-1152,2025-01-30,Shairyar Khan,Escalation closed out. They appreciated the follow-through.
N-05505,ACC-1152,2025-02-28,Shairyar Khan,We got the integration working. Their team is back to normal.
N-05506,ACC-1152,2025-03-19,Shairyar Khan,Their second division reached out directly about getting access.
N-05507,ACC-1152,2025-04-16,Shairyar Khan,Their second division reached out directly about getting access.
N-05508,ACC-1152,2025-05-13,Shairyar Khan,Asked about the higher tier. Sending over details.
N-05509,ACC-1152,2025-05-26,Shairyar Khan,Strong QBR. They want to talk about expanding to a second department.
N-05510,ACC-1152,2025-06-11,Shairyar Khan,Sent over the enablement material they asked for.
N-05511,ACC-1152,2025-07-07,Shairyar Khan,Fix shipped. They tested it and closed the ticket themselves.
N-05512,ACC-1152,2025-07-23,Shairyar Khan,Walked their analysts through role permissions. Good engagement.
N-05513,ACC-1152,2025-08-04,Shairyar Khan,QBR went well. They presented our numbers to their leadership.
N-05514,ACC-1152,2025-08-19,Shairyar Khan,Talked through a multi-year option. They want pricing.
N-05515,ACC-1152,2025-09-14,Shairyar Khan,Escalation closed out. They appreciated the follow-through.
N-05516,ACC-1152,2025-10-13,Shairyar Khan,Standing check-in held. Team is steady.
N-05517,ACC-1152,2025-11-04,Shairyar Khan,Sent over the enablement material they asked for.
N-05518,ACC-1152,2025-11-28,Shairyar Khan,We got the integration working. Their team is back to normal.
N-05519,ACC-1152,2025-12-16,Shairyar Khan,QBR went well. They presented our numbers to their leadership.
N-05520,ACC-1152,2025-12-30,Shairyar Khan,"Short call. Reviewed open items, nothing escalated."
N-05521,ACC-1152,2026-01-13,Shairyar Khan,Their CIO joined the call and reiterated this is a strategic system for them.
N-05522,ACC-1152,2026-02-01,Shairyar Khan,Quick sync with Mei Okafor. Business as usual.
N-05523,ACC-1152,2026-02-20,Shairyar Khan,Mei Okafor was promoted and now owns a larger scope. Good for us.
N-05524,ACC-1152,2026-03-22,Shairyar Khan,Quick sync with Mei Okafor. Business as usual.
N-05525,ACC-1152,2026-04-10,Shairyar Khan,Interest in the alerting rules for a team that is not on the contract yet.
N-05526,ACC-1152,2026-05-08,Shairyar Khan,Asked about the higher tier. Sending over details.
N-05527,ACC-1152,2026-06-02,Shairyar Khan,Their CIO joined the call and reiterated this is a strategic system for them.
N-05528,ACC-1152,2026-06-20,Shairyar Khan,Talked through a multi-year option. They want pricing.
N-05529,ACC-1152,2026-07-17,Shairyar Khan,Good session. Their exec attended and was engaged.
N-05530,ACC-1152,2026-08-05,Shairyar Khan,Strong QBR. They want to talk about expanding to a second department.
N-05531,ACC-1152,2026-08-31,Shairyar Khan,Fix shipped. They tested it and closed the ticket themselves.
N-05532,ACC-1153,2026-03-24,Brittney Cole,They included us in their annual planning conversation.
N-05533,ACC-1153,2026-04-09,Brittney Cole,Asked about the higher tier. Sending over details.
N-05534,ACC-1153,2026-05-06,Brittney Cole,Standing check-in held. Team is steady.
N-05535,ACC-1153,2026-05-21,Brittney Cole,QBR went well. They presented our numbers to their leadership.
N-05536,ACC-1153,2026-06-16,Brittney Cole,Good session. Their exec attended and was engaged.
N-05537,ACC-1153,2026-07-10,Brittney Cole,The the API issue is resolved. Confirmed with their admin.
N-05538,ACC-1153,2026-08-01,Brittney Cole,We got the integration working. Their team is back to normal.
N-05539,ACC-1153,2026-08-22,Brittney Cole,Reviewed the year. They are happy with where adoption landed.
N-05540,ACC-1153,2026-09-04,Brittney Cole,Strong QBR. They want to talk about expanding to a second department.
N-05541,ACC-1154,2024-06-15,Leila Haddad,Nobody outside the original two users has touched data retention since onboarding.
N-05542,ACC-1154,2024-07-06,Leila Haddad,Escalation closed out. They appreciated the follow-through.
N-05543,ACC-1154,2024-07-30,Leila Haddad,Nobody outside the original two users has touched the Salesforce sync since onboarding.
N-05544,ACC-1154,2024-08-16,Leila Haddad,Their CIO joined the call and reiterated this is a strategic system for them.
N-05545,ACC-1154,2024-09-04,Leila Haddad,Admin told me most of the team still does this work in spreadsheets.
N-05546,ACC-1154,2024-09-29,Leila Haddad,Root cause shared with them. They were satisfied with the explanation.
N-05547,ACC-1154,2024-10-12,Leila Haddad,They are paying for far more than they use and finance has started to notice.
N-05548,ACC-1154,2024-11-10,Leila Haddad,We got the integration working. Their team is back to normal.
N-05549,ACC-1154,2024-11-25,Leila Haddad,They asked what it would take to add 11 more seats.
N-05550,ACC-1154,2024-12-25,Leila Haddad,"Short call. Reviewed open items, nothing escalated."
N-05551,ACC-1154,2025-01-09,Leila Haddad,New leadership reviewed the stack and kept us. Told me directly.
N-05552,ACC-1154,2025-01-28,Leila Haddad,Asked about the higher tier. Sending over details.
N-05553,ACC-1154,2025-02-12,Leila Haddad,Escalation closed out. They appreciated the follow-through.
N-05554,ACC-1154,2025-03-08,Leila Haddad,Ran a refresher session on the mobile app for 5 of their people.
N-05555,ACC-1154,2025-04-02,Leila Haddad,Nobody outside the original two users has touched role permissions since onboarding.
N-05556,ACC-1154,2025-04-19,Leila Haddad,They included us in their annual planning conversation.
N-05557,ACC-1154,2025-05-16,Leila Haddad,Login activity dropped off after the project lead changed. 12 active this month.
N-05558,ACC-1154,2025-06-13,Leila Haddad,Interest in the API for a team that is not on the contract yet.
N-05559,ACC-1154,2025-07-05,Leila Haddad,We got the integration working. Their team is back to normal.
N-05560,ACC-1154,2025-07-29,Leila Haddad,Strong QBR. They want to talk about expanding to a second department.
N-05561,ACC-1154,2025-08-20,Leila Haddad,Admin told me most of the team still does this work in spreadsheets.
N-05562,ACC-1154,2025-09-14,Leila Haddad,Login activity dropped off after the project lead changed. 14 active this month.
N-05563,ACC-1154,2025-10-09,Leila Haddad,Strong QBR. They want to talk about expanding to a second department.
N-05564,ACC-1154,2025-10-24,Leila Haddad,Asked about the higher tier. Sending over details.
N-05565,ACC-1154,2025-11-21,Leila Haddad,Standing check-in held. Team is steady.
N-05566,ACC-1154,2025-12-09,Leila Haddad,Business review complete. Reid Chen called out time savings on their team.
N-05567,ACC-1154,2026-01-03,Leila Haddad,Admin told me most of the team still does this work in spreadsheets.
N-05568,ACC-1154,2026-01-23,Leila Haddad,Quick sync with Reid Chen. Business as usual.
N-05569,ACC-1154,2026-02-15,Leila Haddad,"Seat utilization is under a third. Raised it, they acknowledged and moved on."
N-05570,ACC-1154,2026-03-01,Leila Haddad,We got the integration working. Their team is back to normal.
N-05571,ACC-1154,2026-03-30,Leila Haddad,"Seat utilization is under a third. Raised it, they acknowledged and moved on."
N-05572,ACC-1154,2026-04-29,Leila Haddad,Walked their analysts through the Salesforce sync. Good engagement.
N-05573,ACC-1154,2026-05-11,Leila Haddad,Their CIO joined the call and reiterated this is a strategic system for them.
N-05574,ACC-1154,2026-05-23,Leila Haddad,"Office hours session. 6 attendees, mostly questions about reporting."
N-05575,ACC-1154,2026-06-05,Leila Haddad,Root cause shared with them. They were satisfied with the explanation.
N-05576,ACC-1154,2026-06-20,Leila Haddad,We got the integration working. Their team is back to normal.
N-05577,ACC-1154,2026-07-09,Leila Haddad,"Office hours session. 9 attendees, mostly questions about reporting."
N-05578,ACC-1154,2026-07-30,Leila Haddad,New leadership reviewed the stack and kept us. Told me directly.
N-05579,ACC-1154,2026-08-20,Leila Haddad,Their second division reached out directly about getting access.
N-05580,ACC-1154,2026-09-05,Leila Haddad,New leadership reviewed the stack and kept us. Told me directly.
N-05581,ACC-1155,2025-04-01,Shairyar Khan,We got the integration working. Their team is back to normal.
N-05582,ACC-1155,2025-04-13,Shairyar Khan,Business review complete. Grant Delgado called out time savings on their team.
N-05583,ACC-1155,2025-05-11,Shairyar Khan,Ran a refresher session on the API for 8 of their people.
N-05584,ACC-1155,2025-05-26,Shairyar Khan,Fix shipped. They tested it and closed the ticket themselves.
N-05585,ACC-1155,2025-06-07,Shairyar Khan,QBR went well. They presented our numbers to their leadership.
N-05586,ACC-1155,2025-07-06,Shairyar Khan,Ran a refresher session on the API for 10 of their people.
N-05587,ACC-1155,2025-07-18,Shairyar Khan,Sent the usage summary. No acknowledgement.
N-05588,ACC-1155,2025-08-12,Shairyar Khan,Escalation on the alerting rules is not moving. They asked for a timeline and I do not have one.
N-05589,ACC-1155,2025-09-04,Shairyar Khan,Monthly check-in. Nothing new to report.
N-05590,ACC-1155,2025-09-23,Shairyar Khan,Their CIO joined the call and reiterated this is a strategic system for them.
N-05591,ACC-1155,2025-10-13,Shairyar Khan,Good session. Their exec attended and was engaged.
N-05592,ACC-1155,2025-11-06,Shairyar Khan,Standing check-in held. Team is steady.
N-05593,ACC-1155,2025-11-30,Shairyar Khan,Reviewed the year. They are happy with where adoption landed.
N-05594,ACC-1155,2025-12-17,Shairyar Khan,Reviewed the year. They are happy with where adoption landed.
N-05595,ACC-1155,2026-01-01,Shairyar Khan,"Their CFO asked for a cost per user breakdown. Sent it, waiting."
N-05596,ACC-1155,2026-01-20,Shairyar Khan,They cancelled the check-in an hour before. No reason given.
N-05597,ACC-1155,2026-02-10,Shairyar Khan,They skipped the business review entirely this cycle.
N-05598,ACC-1155,2026-02-26,Shairyar Khan,They flagged that procurement now requires justification for anything over the threshold.
N-05599,ACC-1156,2025-06-08,Nuala Byrne,QBR went well. They presented our numbers to their leadership.
N-05600,ACC-1156,2025-06-22,Nuala Byrne,Fix shipped. They tested it and closed the ticket themselves.
N-05601,ACC-1156,2025-07-18,Nuala Byrne,Ran a refresher session on the API for 6 of their people.
N-05602,ACC-1156,2025-08-05,Nuala Byrne,The the reporting module issue is resolved. Confirmed with their admin.
N-05603,ACC-1156,2025-08-27,Nuala Byrne,Interest in the reporting module for a team that is not on the contract yet.
N-05604,ACC-1156,2025-09-08,Nuala Byrne,Reviewed the year. They are happy with where adoption landed.
N-05605,ACC-1156,2025-10-04,Nuala Byrne,New leadership reviewed the stack and kept us. Told me directly.
N-05606,ACC-1156,2025-10-21,Nuala Byrne,Business review complete. Leila Ramirez called out time savings on their team.
N-05607,ACC-1156,2025-11-08,Nuala Byrne,They bought for the whole department but adoption never left the pilot team.
N-05608,ACC-1156,2025-11-23,Nuala Byrne,Login activity dropped off after the project lead changed. 14 active this month.
N-05609,ACC-1156,2025-12-16,Nuala Byrne,Login activity dropped off after the project lead changed. 7 active this month.
N-05610,ACC-1156,2026-01-05,Nuala Byrne,We got the integration working. Their team is back to normal.
N-05611,ACC-1156,2026-01-30,Nuala Byrne,They are paying for far more than they use and finance has started to notice.
N-05612,ACC-1156,2026-02-22,Nuala Byrne,The the mobile app issue is resolved. Confirmed with their admin.
N-05613,ACC-1156,2026-03-13,Nuala Byrne,Brief call with the admin. No issues raised.
N-05614,ACC-1156,2026-04-12,Nuala Byrne,Usage is flat. 3 weekly active users against a much larger contract.
N-05615,ACC-1156,2026-04-26,Nuala Byrne,New leadership reviewed the stack and kept us. Told me directly.
N-05616,ACC-1156,2026-05-14,Nuala Byrne,Nobody outside the original two users has touched dashboards since onboarding.
N-05617,ACC-1156,2026-05-29,Nuala Byrne,Nobody outside the original two users has touched the API since onboarding.
N-05618,ACC-1156,2026-06-16,Nuala Byrne,Business review complete. Leila Ramirez called out time savings on their team.
N-05619,ACC-1156,2026-07-03,Nuala Byrne,Root cause shared with them. They were satisfied with the explanation.
N-05620,ACC-1156,2026-07-23,Nuala Byrne,Nobody outside the original two users has touched the bulk import since onboarding.
N-05621,ACC-1156,2026-08-16,Nuala Byrne,Login activity dropped off after the project lead changed. 3 active this month.
N-05622,ACC-1156,2026-08-28,Nuala Byrne,Their team never completed rollout to the second region. 14 users total.
N-05623,ACC-1157,2026-04-05,Leila Haddad,QBR went well. They presented our numbers to their leadership.
N-05624,ACC-1157,2026-05-05,Leila Haddad,Their CIO joined the call and reiterated this is a strategic system for them.
N-05625,ACC-1157,2026-05-27,Leila Haddad,Interest in SSO for a team that is not on the contract yet.
N-05626,ACC-1157,2026-06-21,Leila Haddad,Good session. Their exec attended and was engaged.
N-05627,ACC-1157,2026-07-16,Leila Haddad,Walked their analysts through the bulk import. Good engagement.
N-05628,ACC-1157,2026-07-28,Leila Haddad,Sent over the enablement material they asked for.
N-05629,ACC-1157,2026-08-10,Leila Haddad,Reviewed the year. They are happy with where adoption landed.
N-05630,ACC-1157,2026-09-09,Leila Haddad,Walked their analysts through the Salesforce sync. Good engagement.
N-05631,ACC-1158,2023-09-05,Owen Trask,"Short call. Reviewed open items, nothing escalated."
N-05632,ACC-1158,2023-09-21,Owen Trask,Root cause shared with them. They were satisfied with the explanation.
N-05633,ACC-1158,2023-10-15,Owen Trask,Good session. Their exec attended and was engaged.
N-05634,ACC-1158,2023-11-12,Owen Trask,The the alerting rules issue is resolved. Confirmed with their admin.
N-05635,ACC-1158,2023-11-27,Owen Trask,Touched base. They are heads down on their own roadmap right now.
N-05636,ACC-1158,2023-12-17,Owen Trask,Escalation on dashboards is not moving. They asked for a timeline and I do not have one.
N-05637,ACC-1158,2024-01-14,Owen Trask,Strong QBR. They want to talk about expanding to a second department.
N-05638,ACC-1158,2024-01-28,Owen Trask,"Office hours session. 13 attendees, mostly questions about reporting."
N-05639,ACC-1158,2024-02-17,Owen Trask,Meeting attendance has dropped to one junior person.
N-05640,ACC-1158,2024-03-09,Owen Trask,QBR went well. They presented our numbers to their leadership.
N-05641,ACC-1158,2024-03-21,Owen Trask,Monthly check-in. Nothing new to report.
N-05642,ACC-1158,2024-04-04,Owen Trask,They asked what it would take to add 3 more seats.
N-05643,ACC-1158,2024-04-19,Owen Trask,Interest in the API for a team that is not on the contract yet.
N-05644,ACC-1158,2024-05-17,Owen Trask,The SSO issue is resolved. Confirmed with their admin.
N-05645,ACC-1158,2024-06-05,Owen Trask,Asked about the higher tier. Sending over details.
N-05646,ACC-1158,2024-06-25,Owen Trask,Went quiet after the escalation. Not sure who owns us there now.
N-05647,ACC-1158,2024-07-11,Owen Trask,The the alerting rules issue is resolved. Confirmed with their admin.
N-05648,ACC-1158,2024-08-01,Owen Trask,Support ticket has been open since before the last QBR. No engineering ETA.
N-05649,ACC-1158,2024-08-18,Owen Trask,The dashboards issue is resolved. Confirmed with their admin.
N-05650,ACC-1158,2024-09-09,Owen Trask,We got the integration working. Their team is back to normal.
N-05651,ACC-1158,2024-10-07,Owen Trask,Third reschedule on the QBR. No new date proposed.
N-05652,ACC-1158,2024-10-21,Owen Trask,Asked about the higher tier. Sending over details.
N-05653,ACC-1158,2024-11-09,Owen Trask,They included us in their annual planning conversation.
N-05654,ACC-1158,2024-11-25,Owen Trask,We got the integration working. Their team is back to normal.
N-05655,ACC-1158,2024-12-09,Owen Trask,Talked through a multi-year option. They want pricing.
N-05656,ACC-1158,2024-12-27,Owen Trask,Ran a refresher session on dashboards for 11 of their people.
N-05657,ACC-1158,2025-01-18,Owen Trask,Rosa Lindqvist stopped replying after the last pricing conversation.
N-05658,ACC-1158,2025-02-05,Owen Trask,The dashboards issue is resolved. Confirmed with their admin.
N-05659,ACC-1158,2025-03-02,Owen Trask,Ran a refresher session on the Salesforce sync for 10 of their people.
N-05660,ACC-1158,2025-03-15,Owen Trask,Exec sponsor confirmed budget is protected for next year.
N-05661,ACC-1158,2025-04-08,Owen Trask,Third reschedule on the QBR. No new date proposed.
N-05662,ACC-1158,2025-04-30,Owen Trask,Strong QBR. They want to talk about expanding to a second department.
N-05663,ACC-1158,2025-05-19,Owen Trask,Fix shipped. They tested it and closed the ticket themselves.
N-05664,ACC-1158,2025-06-07,Owen Trask,Exec sponsor confirmed budget is protected for next year.
N-05665,ACC-1158,2025-07-02,Owen Trask,Business review complete. Rosa Lindqvist called out time savings on their team.
N-05666,ACC-1158,2025-07-29,Owen Trask,QBR went well. They presented our numbers to their leadership.
N-05667,ACC-1158,2025-08-28,Owen Trask,No response in six weeks. Tried email and LinkedIn.
N-05668,ACC-1158,2025-09-21,Owen Trask,Support ticket has been open since before the last QBR. No engineering ETA.
N-05669,ACC-1158,2025-10-08,Owen Trask,Reopened the issue with data retention. Their patience is visibly thin.
N-05670,ACC-1158,2025-11-04,Owen Trask,Sent over the enablement material they asked for.
N-05671,ACC-1159,2024-10-10,Caick Moreira,Root cause shared with them. They were satisfied with the explanation.
N-05672,ACC-1159,2024-11-04,Caick Moreira,Monthly check-in. Nothing new to report.
N-05673,ACC-1159,2024-11-28,Caick Moreira,Lost our exec sponsor. Nora Stroud was the reason this renewed last year.
N-05674,ACC-1159,2024-12-11,Caick Moreira,Ran a refresher session on SSO for 12 of their people.
N-05675,ACC-1159,2024-12-26,Caick Moreira,They included us in their annual planning conversation.
N-05676,ACC-1159,2025-01-12,Caick Moreira,Quick sync with Nora Stroud. Business as usual.
N-05677,ACC-1159,2025-02-08,Caick Moreira,"Ran the numbers before the call. 3 active users, down from last quarter."
N-05678,ACC-1159,2025-03-05,Caick Moreira,Nora Stroud has moved to a different company. No replacement named yet.
N-05679,ACC-1159,2025-03-25,Caick Moreira,Their second division reached out directly about getting access.
N-05680,ACC-1159,2025-04-16,Caick Moreira,"Office hours session. 14 attendees, mostly questions about reporting."
N-05681,ACC-1159,2025-05-01,Caick Moreira,Business review complete. Nora Stroud called out time savings on their team.
N-05682,ACC-1159,2025-05-18,Caick Moreira,Asked about downgrade options unprompted.
N-05683,ACC-1159,2025-06-15,Caick Moreira,New leadership reviewed the stack and kept us. Told me directly.
N-05684,ACC-1159,2025-06-28,Caick Moreira,Escalation closed out. They appreciated the follow-through.
N-05685,ACC-1159,2025-07-10,Caick Moreira,They included us in their annual planning conversation.
N-05686,ACC-1159,2025-08-06,Caick Moreira,Root cause shared with them. They were satisfied with the explanation.
N-05687,ACC-1159,2025-08-23,Caick Moreira,Asked about the higher tier. Sending over details.
N-05688,ACC-1159,2025-09-11,Caick Moreira,The the API issue is resolved. Confirmed with their admin.
N-05689,ACC-1159,2025-10-11,Caick Moreira,Told me the spend is being questioned above Nora Stroud's level.
N-05690,ACC-1159,2025-10-25,Caick Moreira,Ran a refresher session on the reporting module for 9 of their people.
N-05691,ACC-1159,2025-11-16,Caick Moreira,They bought for the whole department but adoption never left the pilot team.
N-05692,ACC-1159,2025-12-06,Caick Moreira,QBR went well. They presented our numbers to their leadership.
N-05693,ACC-1159,2025-12-22,Caick Moreira,Finance is reviewing every software line item this cycle.
N-05694,ACC-1159,2026-01-13,Caick Moreira,They asked what it would take to add 11 more seats.
N-05695,ACC-1159,2026-01-28,Caick Moreira,Login activity dropped off after the project lead changed. 9 active this month.
N-05696,ACC-1160,2024-04-06,Caick Moreira,"Short call. Reviewed open items, nothing escalated."
N-05697,ACC-1160,2024-04-19,Caick Moreira,New leadership reviewed the stack and kept us. Told me directly.
N-05698,ACC-1160,2024-05-12,Caick Moreira,Ran a refresher session on the alerting rules for 6 of their people.
N-05699,ACC-1160,2024-06-01,Caick Moreira,New leadership reviewed the stack and kept us. Told me directly.
N-05700,ACC-1160,2024-06-19,Caick Moreira,Reviewed the year. They are happy with where adoption landed.
N-05701,ACC-1160,2024-07-04,Caick Moreira,"Office hours session. 11 attendees, mostly questions about reporting."
N-05702,ACC-1160,2024-07-24,Caick Moreira,Strong QBR. They want to talk about expanding to a second department.
N-05703,ACC-1160,2024-08-19,Caick Moreira,Monthly check-in. Nothing new to report.
N-05704,ACC-1160,2024-09-10,Caick Moreira,New leadership reviewed the stack and kept us. Told me directly.
N-05705,ACC-1160,2024-10-09,Caick Moreira,The the alerting rules issue is resolved. Confirmed with their admin.
N-05706,ACC-1160,2024-10-26,Caick Moreira,Fix shipped. They tested it and closed the ticket themselves.
N-05707,ACC-1160,2024-11-11,Caick Moreira,They included us in their annual planning conversation.
N-05708,ACC-1160,2024-12-10,Caick Moreira,Good session. Their exec attended and was engaged.
N-05709,ACC-1160,2025-01-05,Caick Moreira,Reviewed the year. They are happy with where adoption landed.
N-05710,ACC-1160,2025-01-24,Caick Moreira,"Short call. Reviewed open items, nothing escalated."
N-05711,ACC-1160,2025-02-18,Caick Moreira,They asked what it would take to add 14 more seats.
N-05712,ACC-1160,2025-03-09,Caick Moreira,Their CIO joined the call and reiterated this is a strategic system for them.
N-05713,ACC-1160,2025-04-08,Caick Moreira,Fix shipped. They tested it and closed the ticket themselves.
N-05714,ACC-1160,2025-05-05,Caick Moreira,Quick sync with Claire Achterberg. Business as usual.
N-05715,ACC-1160,2025-06-01,Caick Moreira,"Short call. Reviewed open items, nothing escalated."
N-05716,ACC-1160,2025-07-01,Caick Moreira,Ran a refresher session on the API for 14 of their people.
N-05717,ACC-1160,2025-07-30,Caick Moreira,Monthly check-in. Nothing new to report.
N-05718,ACC-1160,2025-08-15,Caick Moreira,Ran a refresher session on SSO for 6 of their people.
N-05719,ACC-1160,2025-09-10,Caick Moreira,Business review complete. Claire Achterberg called out time savings on their team.
N-05720,ACC-1160,2025-09-30,Caick Moreira,Delivered onboarding for the new hires on their team.
N-05721,ACC-1160,2025-10-25,Caick Moreira,Sent over the enablement material they asked for.
N-05722,ACC-1160,2025-11-13,Caick Moreira,Asked about the higher tier. Sending over details.
N-05723,ACC-1160,2025-12-09,Caick Moreira,The the Salesforce sync issue is resolved. Confirmed with their admin.
N-05724,ACC-1160,2025-12-21,Caick Moreira,Strong QBR. They want to talk about expanding to a second department.
N-05725,ACC-1160,2026-01-20,Caick Moreira,Asked about the higher tier. Sending over details.
N-05726,ACC-1160,2026-02-14,Caick Moreira,We got the integration working. Their team is back to normal.
N-05727,ACC-1160,2026-03-07,Caick Moreira,Touched base. They are heads down on their own roadmap right now.
N-05728,ACC-1160,2026-03-30,Caick Moreira,Strong QBR. They want to talk about expanding to a second department.
N-05729,ACC-1160,2026-04-19,Caick Moreira,Ran a refresher session on role permissions for 12 of their people.
N-05730,ACC-1160,2026-05-16,Caick Moreira,New leadership reviewed the stack and kept us. Told me directly.
N-05731,ACC-1160,2026-05-30,Caick Moreira,QBR went well. They presented our numbers to their leadership.
N-05732,ACC-1160,2026-06-28,Caick Moreira,We got the integration working. Their team is back to normal.
N-05733,ACC-1160,2026-07-18,Caick Moreira,Reviewed the year. They are happy with where adoption landed.
N-05734,ACC-1160,2026-08-07,Caick Moreira,Monthly check-in. Nothing new to report.
N-05735,ACC-1160,2026-08-19,Caick Moreira,Talked through a multi-year option. They want pricing.
N-05736,ACC-1161,2022-11-14,Nuala Byrne,Sync failures every week. Their admin is the one absorbing the pain.
N-05737,ACC-1161,2022-11-26,Nuala Byrne,Their IT team is blocking the SSO change we need for rollout.
N-05738,ACC-1161,2022-12-18,Nuala Byrne,Fix shipped. They tested it and closed the ticket themselves.
N-05739,ACC-1161,2023-01-09,Nuala Byrne,Root cause shared with them. They were satisfied with the explanation.
N-05740,ACC-1161,2023-01-24,Nuala Byrne,Walked their analysts through the alerting rules. Good engagement.
N-05741,ACC-1161,2023-02-08,Nuala Byrne,Touched base. They are heads down on their own roadmap right now.
N-05742,ACC-1161,2023-02-20,Nuala Byrne,"Short call. Reviewed open items, nothing escalated."
N-05743,ACC-1161,2023-03-17,Nuala Byrne,Their second division reached out directly about getting access.
N-05744,ACC-1161,2023-03-30,Nuala Byrne,Delivered onboarding for the new hires on their team.
N-05745,ACC-1161,2023-04-23,Nuala Byrne,Escalation closed out. They appreciated the follow-through.
N-05746,ACC-1161,2023-05-21,Nuala Byrne,Their IT team is blocking the SSO change we need for rollout.
N-05747,ACC-1161,2023-06-11,Nuala Byrne,New leadership reviewed the stack and kept us. Told me directly.
N-05748,ACC-1161,2023-07-02,Nuala Byrne,They do not have the internal engineering capacity to finish the integration.
N-05749,ACC-1161,2023-07-21,Nuala Byrne,Strong QBR. They want to talk about expanding to a second department.
N-05750,ACC-1161,2023-08-07,Nuala Byrne,Escalation closed out. They appreciated the follow-through.
N-05751,ACC-1161,2023-09-04,Nuala Byrne,QBR went well. They presented our numbers to their leadership.
N-05752,ACC-1161,2023-09-25,Nuala Byrne,They included us in their annual planning conversation.
N-05753,ACC-1161,2023-10-25,Nuala Byrne,Configuration drifted and nobody on their side owns it now.
N-05754,ACC-1161,2023-11-21,Nuala Byrne,We got the integration working. Their team is back to normal.
N-05755,ACC-1161,2023-12-18,Nuala Byrne,Touched base. They are heads down on their own roadmap right now.
N-05756,ACC-1161,2024-01-10,Nuala Byrne,Configuration drifted and nobody on their side owns it now.
N-05757,ACC-1161,2024-01-26,Nuala Byrne,Reviewed the year. They are happy with where adoption landed.
N-05758,ACC-1161,2024-02-20,Nuala Byrne,Brief call with the admin. No issues raised.
N-05759,ACC-1161,2024-03-09,Nuala Byrne,Escalation closed out. They appreciated the follow-through.
N-05760,ACC-1161,2024-03-27,Nuala Byrne,the reporting module is slow at their data volume and they have said so repeatedly.
N-05761,ACC-1161,2024-04-19,Nuala Byrne,Good session. Their exec attended and was engaged.
N-05762,ACC-1161,2024-05-12,Nuala Byrne,Sent over the enablement material they asked for.
N-05763,ACC-1161,2024-06-02,Nuala Byrne,Their second division reached out directly about getting access.
N-05764,ACC-1161,2024-06-25,Nuala Byrne,They asked what it would take to add 13 more seats.
N-05765,ACC-1161,2024-07-07,Nuala Byrne,Strong QBR. They want to talk about expanding to a second department.
N-05766,ACC-1161,2024-08-05,Nuala Byrne,Walked their analysts through the bulk import. Good engagement.
N-05767,ACC-1161,2024-08-25,Nuala Byrne,Root cause shared with them. They were satisfied with the explanation.
N-05768,ACC-1161,2024-09-16,Nuala Byrne,Their second division reached out directly about getting access.
N-05769,ACC-1161,2024-10-06,Nuala Byrne,Escalation closed out. They appreciated the follow-through.
N-05770,ACC-1161,2024-10-24,Nuala Byrne,"Office hours session. 10 attendees, mostly questions about reporting."
N-05771,ACC-1161,2024-11-09,Nuala Byrne,Root cause shared with them. They were satisfied with the explanation.
N-05772,ACC-1161,2024-12-08,Nuala Byrne,"Office hours session. 5 attendees, mostly questions about reporting."
N-05773,ACC-1161,2025-01-02,Nuala Byrne,Their CIO joined the call and reiterated this is a strategic system for them.
N-05774,ACC-1161,2025-01-23,Nuala Byrne,the bulk import is slow at their data volume and they have said so repeatedly.
N-05775,ACC-1161,2025-02-15,Nuala Byrne,the API is slow at their data volume and they have said so repeatedly.
N-05776,ACC-1161,2025-03-10,Nuala Byrne,Migration off their legacy system stalled. We are stuck waiting.
N-05777,ACC-1161,2025-04-06,Nuala Byrne,data retention is slow at their data volume and they have said so repeatedly.
N-05778,ACC-1161,2025-04-30,Nuala Byrne,the reporting module is slow at their data volume and they have said so repeatedly.
N-05779,ACC-1161,2025-05-27,Nuala Byrne,Walked their analysts through the API. Good engagement.
N-05780,ACC-1161,2025-06-10,Nuala Byrne,Their CIO joined the call and reiterated this is a strategic system for them.
N-05781,ACC-1161,2025-06-26,Nuala Byrne,Their the alerting rules integration broke again during their data load.
N-05782,ACC-1161,2025-07-14,Nuala Byrne,SSO is slow at their data volume and they have said so repeatedly.
N-05783,ACC-1161,2025-08-10,Nuala Byrne,They want us to match a workflow that our product does not support.
N-05784,ACC-1161,2025-08-31,Nuala Byrne,Data quality issues on their side keep surfacing as complaints about us.
N-05785,ACC-1161,2025-09-23,Nuala Byrne,Brief call with the admin. No issues raised.
N-05786,ACC-1161,2025-10-18,Nuala Byrne,The the alerting rules issue is resolved. Confirmed with their admin.
N-05787,ACC-1161,2025-11-16,Nuala Byrne,Touched base. They are heads down on their own roadmap right now.
N-05788,ACC-1161,2025-12-09,Nuala Byrne,They do not have the internal engineering capacity to finish the integration.
N-05789,ACC-1161,2026-01-08,Nuala Byrne,Touched base. They are heads down on their own roadmap right now.
N-05790,ACC-1161,2026-02-02,Nuala Byrne,Sent over the enablement material they asked for.
N-05791,ACC-1161,2026-02-20,Nuala Byrne,Escalation closed out. They appreciated the follow-through.
N-05792,ACC-1161,2026-03-13,Nuala Byrne,Interest in the alerting rules for a team that is not on the contract yet.
N-05793,ACC-1161,2026-04-04,Nuala Byrne,Their the Salesforce sync integration broke again during their data load.
N-05794,ACC-1161,2026-04-20,Nuala Byrne,We got the integration working. Their team is back to normal.
N-05795,ACC-1161,2026-05-07,Nuala Byrne,Strong QBR. They want to talk about expanding to a second department.
N-05796,ACC-1161,2026-06-02,Nuala Byrne,Escalation closed out. They appreciated the follow-through.
N-05797,ACC-1161,2026-06-26,Nuala Byrne,We got the integration working. Their team is back to normal.
N-05798,ACC-1161,2026-07-24,Nuala Byrne,Their CIO joined the call and reiterated this is a strategic system for them.
N-05799,ACC-1161,2026-08-19,Nuala Byrne,Migration off their legacy system stalled. We are stuck waiting.
N-05800,ACC-1162,2025-04-28,Caick Moreira,They are considering consolidating onto an in-house build as part of a platform play.
N-05801,ACC-1162,2025-05-22,Caick Moreira,Talked through a multi-year option. They want pricing.
N-05802,ACC-1162,2025-06-13,Caick Moreira,Root cause shared with them. They were satisfied with the explanation.
N-05803,ACC-1162,2025-07-04,Caick Moreira,They mentioned they are piloting a spreadsheet-based process with one team.
N-05804,ACC-1162,2025-07-18,Caick Moreira,Their new director used Nimbus Track at her last company and prefers it.
N-05805,ACC-1162,2025-08-04,Caick Moreira,Touched base. They are heads down on their own roadmap right now.
N-05806,ACC-1162,2025-08-27,Caick Moreira,Fix shipped. They tested it and closed the ticket themselves.
N-05807,ACC-1162,2025-09-10,Caick Moreira,Heard secondhand that Parallax gave them aggressive pricing.
N-05808,ACC-1162,2025-10-06,Caick Moreira,Quick sync with Hector Ferreira. Business as usual.
N-05809,ACC-1162,2025-10-19,Caick Moreira,We got the integration working. Their team is back to normal.
N-05810,ACC-1162,2025-11-02,Caick Moreira,They asked what it would take to add 2 more seats.
N-05811,ACC-1162,2025-11-19,Caick Moreira,We got the integration working. Their team is back to normal.
N-05812,ACC-1162,2025-12-08,Caick Moreira,The the reporting module issue is resolved. Confirmed with their admin.
N-05813,ACC-1162,2025-12-29,Caick Moreira,Standing check-in held. Team is steady.
N-05814,ACC-1162,2026-01-18,Caick Moreira,Requested a feature comparison against Corveo. Sent one.
N-05815,ACC-1162,2026-02-11,Caick Moreira,Exec sponsor confirmed budget is protected for next year.
N-05816,ACC-1162,2026-03-05,Caick Moreira,Business review complete. Hector Ferreira called out time savings on their team.
N-05817,ACC-1162,2026-03-18,Caick Moreira,Monthly check-in. Nothing new to report.
N-05818,ACC-1162,2026-04-09,Caick Moreira,Their new director used Corveo at her last company and prefers it.
N-05819,ACC-1162,2026-05-01,Caick Moreira,We got the integration working. Their team is back to normal.
N-05820,ACC-1162,2026-05-25,Caick Moreira,Escalation closed out. They appreciated the follow-through.
N-05821,ACC-1162,2026-06-19,Caick Moreira,Good session. Their exec attended and was engaged.
N-05822,ACC-1162,2026-07-11,Caick Moreira,Escalation closed out. They appreciated the follow-through.
N-05823,ACC-1162,2026-08-04,Caick Moreira,Asked about the higher tier. Sending over details.
N-05824,ACC-1162,2026-08-19,Caick Moreira,Strong QBR. They want to talk about expanding to a second department.
N-05825,ACC-1163,2023-12-12,Leila Haddad,"Short call. Reviewed open items, nothing escalated."
N-05826,ACC-1163,2023-12-24,Leila Haddad,Escalation closed out. They appreciated the follow-through.
N-05827,ACC-1163,2024-01-22,Leila Haddad,Configuration drifted and nobody on their side owns it now.
N-05828,ACC-1163,2024-02-11,Leila Haddad,Data quality issues on their side keep surfacing as complaints about us.
N-05829,ACC-1163,2024-02-27,Leila Haddad,"Office hours session. 10 attendees, mostly questions about reporting."
N-05830,ACC-1163,2024-03-27,Leila Haddad,Their the mobile app integration broke again during their data load.
N-05831,ACC-1163,2024-04-15,Leila Haddad,Interest in the alerting rules for a team that is not on the contract yet.
N-05832,ACC-1163,2024-05-11,Leila Haddad,Found out Nora Okafor put in notice. Trying to get introduced to whoever picks this up.
N-05833,ACC-1163,2024-06-10,Leila Haddad,Fix shipped. They tested it and closed the ticket themselves.
N-05834,ACC-1163,2024-07-09,Leila Haddad,"Heads up, Nora Okafor is leaving at the end of the month. She was our main advocate here."
N-05835,ACC-1163,2024-07-29,Leila Haddad,SSO is slow at their data volume and they have said so repeatedly.
N-05836,ACC-1163,2024-08-17,Leila Haddad,Their second division reached out directly about getting access.
N-05837,ACC-1163,2024-08-30,Leila Haddad,We got the integration working. Their team is back to normal.
N-05838,ACC-1163,2024-09-11,Leila Haddad,Brief call with the admin. No issues raised.
N-05839,ACC-1163,2024-09-26,Leila Haddad,Monthly check-in. Nothing new to report.
N-05840,ACC-1163,2024-10-16,Leila Haddad,Sync failures every week. Their admin is the one absorbing the pain.
N-05841,ACC-1163,2024-10-31,Leila Haddad,Their second division reached out directly about getting access.
N-05842,ACC-1163,2024-11-27,Leila Haddad,"Nora Okafor confirmed she is taking a role elsewhere. Asked her who to talk to, she was vague."
N-05843,ACC-1163,2024-12-16,Leila Haddad,Found out Nora Okafor put in notice. Trying to get introduced to whoever picks this up.
N-05844,ACC-1163,2025-01-15,Leila Haddad,Fix shipped. They tested it and closed the ticket themselves.
N-05845,ACC-1163,2025-02-07,Leila Haddad,"Office hours session. 14 attendees, mostly questions about reporting."
N-05846,ACC-1163,2025-02-20,Leila Haddad,Quick sync with Nora Okafor. Business as usual.
N-05847,ACC-1163,2025-03-22,Leila Haddad,We got the integration working. Their team is back to normal.
N-05848,ACC-1163,2025-04-20,Leila Haddad,Quick sync with Nora Okafor. Business as usual.
N-05849,ACC-1163,2025-05-14,Leila Haddad,Fix shipped. They tested it and closed the ticket themselves.
N-05850,ACC-1163,2025-05-26,Leila Haddad,Walked their analysts through the reporting module. Good engagement.
N-05851,ACC-1163,2025-06-09,Leila Haddad,Ran a refresher session on the bulk import for 9 of their people.
N-05852,ACC-1163,2025-06-22,Leila Haddad,Sync failures every week. Their admin is the one absorbing the pain.
N-05853,ACC-1163,2025-07-14,Leila Haddad,They want us to match a workflow that our product does not support.
N-05854,ACC-1163,2025-08-08,Leila Haddad,Sync failures every week. Their admin is the one absorbing the pain.
N-05855,ACC-1163,2025-08-21,Leila Haddad,The the alerting rules setup has never worked the way they expected.
N-05856,ACC-1163,2025-09-08,Leila Haddad,Nora Okafor was promoted and now owns a larger scope. Good for us.
N-05857,ACC-1163,2025-10-01,Leila Haddad,Nora Okafor is on leave through Q4 and nobody was designated to cover the account.
N-05858,ACC-1163,2025-10-27,Leila Haddad,Sent over the enablement material they asked for.
N-05859,ACC-1163,2025-11-14,Leila Haddad,Monthly check-in. Nothing new to report.
N-05860,ACC-1163,2025-12-08,Leila Haddad,Business review complete. Nora Okafor called out time savings on their team.
N-05861,ACC-1163,2025-12-20,Leila Haddad,New VP came in over Nora Okafor's team and is reviewing all vendor relationships.
N-05862,ACC-1163,2026-01-18,Leila Haddad,We got the integration working. Their team is back to normal.
N-05863,ACC-1163,2026-02-17,Leila Haddad,Talked through a multi-year option. They want pricing.
N-05864,ACC-1163,2026-03-15,Leila Haddad,Escalation closed out. They appreciated the follow-through.
N-05865,ACC-1163,2026-04-11,Leila Haddad,Configuration drifted and nobody on their side owns it now.
N-05866,ACC-1163,2026-05-06,Leila Haddad,New VP came in over Nora Okafor's team and is reviewing all vendor relationships.
N-05867,ACC-1163,2026-05-19,Leila Haddad,Root cause shared with them. They were satisfied with the explanation.
N-05868,ACC-1163,2026-06-09,Leila Haddad,Their CIO joined the call and reiterated this is a strategic system for them.
N-05869,ACC-1163,2026-06-30,Leila Haddad,Lost our exec sponsor. Nora Okafor was the reason this renewed last year.
N-05870,ACC-1163,2026-07-12,Leila Haddad,Delivered onboarding for the new hires on their team.
N-05871,ACC-1163,2026-07-28,Leila Haddad,Strong QBR. They want to talk about expanding to a second department.
N-05872,ACC-1163,2026-08-19,Leila Haddad,Data quality issues on their side keep surfacing as complaints about us.
N-05873,ACC-1164,2023-05-18,Owen Trask,Carmen Hollis has moved to a different company. No replacement named yet.
N-05874,ACC-1164,2023-05-30,Owen Trask,Touched base. They are heads down on their own roadmap right now.
N-05875,ACC-1164,2023-06-11,Owen Trask,The the mobile app issue is resolved. Confirmed with their admin.
N-05876,ACC-1164,2023-07-03,Owen Trask,Carmen Hollis was promoted and now owns a larger scope. Good for us.
N-05877,ACC-1164,2023-07-28,Owen Trask,"Office hours session. 5 attendees, mostly questions about reporting."
N-05878,ACC-1164,2023-08-25,Owen Trask,Carmen Hollis was promoted and now owns a larger scope. Good for us.
N-05879,ACC-1164,2023-09-17,Owen Trask,Went quiet after the escalation. Not sure who owns us there now.
N-05880,ACC-1164,2023-10-10,Owen Trask,They asked what it would take to add 4 more seats.
N-05881,ACC-1164,2023-10-31,Owen Trask,Quick sync with Carmen Hollis. Business as usual.
N-05882,ACC-1164,2023-11-21,Owen Trask,Walked their analysts through data retention. Good engagement.
N-05883,ACC-1164,2023-12-16,Owen Trask,Business review complete. Carmen Hollis called out time savings on their team.
N-05884,ACC-1164,2024-01-10,Owen Trask,Fix shipped. They tested it and closed the ticket themselves.
N-05885,ACC-1164,2024-02-01,Owen Trask,They included us in their annual planning conversation.
N-05886,ACC-1164,2024-02-16,Owen Trask,New leadership reviewed the stack and kept us. Told me directly.
N-05887,ACC-1164,2024-03-11,Owen Trask,The data retention issue is resolved. Confirmed with their admin.
N-05888,ACC-1164,2024-04-10,Owen Trask,Interest in the reporting module for a team that is not on the contract yet.
N-05889,ACC-1164,2024-04-28,Owen Trask,Have not been able to get anyone on a call since the summer.
N-05890,ACC-1164,2024-05-26,Owen Trask,Ran a refresher session on the reporting module for 14 of their people.
N-05891,ACC-1164,2024-06-11,Owen Trask,Carmen Hollis was promoted and now owns a larger scope. Good for us.
N-05892,ACC-1164,2024-06-23,Owen Trask,They are frustrated. role permissions broke again during their month-end close.
N-05893,ACC-1164,2024-07-21,Owen Trask,"Short call. Reviewed open items, nothing escalated."
N-05894,ACC-1164,2024-08-07,Owen Trask,Asked about the higher tier. Sending over details.
N-05895,ACC-1164,2024-09-01,Owen Trask,Business review complete. Carmen Hollis called out time savings on their team.
N-05896,ACC-1164,2024-09-14,Owen Trask,Carmen Hollis was promoted and now owns a larger scope. Good for us.
N-05897,ACC-1164,2024-10-14,Owen Trask,Standing check-in held. Team is steady.
N-05898,ACC-1164,2024-11-10,Owen Trask,"Their new director does not know who we are. Sent an intro note, no reply yet."
N-05899,ACC-1164,2024-12-04,Owen Trask,Went quiet after the escalation. Not sure who owns us there now.
N-05900,ACC-1164,2024-12-30,Owen Trask,Fix shipped. They tested it and closed the ticket themselves.
N-05901,ACC-1164,2025-01-29,Owen Trask,"Short call. Reviewed open items, nothing escalated."
N-05902,ACC-1164,2025-02-26,Owen Trask,They skipped the business review entirely this cycle.
N-05903,ACC-1164,2025-03-15,Owen Trask,They included us in their annual planning conversation.
N-05904,ACC-1164,2025-03-27,Owen Trask,Brief call with the admin. No issues raised.
N-05905,ACC-1164,2025-04-13,Owen Trask,Brief call with the admin. No issues raised.
N-05906,ACC-1164,2025-04-25,Owen Trask,Standing check-in held. Team is steady.
N-05907,ACC-1164,2025-05-15,Owen Trask,Standing check-in held. Team is steady.
N-05908,ACC-1164,2025-06-12,Owen Trask,New leadership reviewed the stack and kept us. Told me directly.
N-05909,ACC-1164,2025-07-01,Owen Trask,Talked through a multi-year option. They want pricing.
N-05910,ACC-1164,2025-07-17,Owen Trask,Ran a refresher session on the API for 12 of their people.
N-05911,ACC-1164,2025-08-14,Owen Trask,Their second division reached out directly about getting access.
N-05912,ACC-1164,2025-09-05,Owen Trask,New leadership reviewed the stack and kept us. Told me directly.
N-05913,ACC-1164,2025-09-17,Owen Trask,Root cause shared with them. They were satisfied with the explanation.
N-05914,ACC-1164,2025-10-15,Owen Trask,Our sponsor Carmen Hollis was reorged out of the function. Starting over on relationship mapping.
N-05915,ACC-1164,2025-10-31,Owen Trask,New leadership reviewed the stack and kept us. Told me directly.
N-05916,ACC-1164,2025-11-14,Owen Trask,Reviewed the year. They are happy with where adoption landed.
N-05917,ACC-1164,2025-12-10,Owen Trask,Sent the usage summary. No acknowledgement.
N-05918,ACC-1164,2026-01-01,Owen Trask,Sent the usage summary. No acknowledgement.
N-05919,ACC-1164,2026-01-21,Owen Trask,Business review complete. Carmen Hollis called out time savings on their team.
N-05920,ACC-1164,2026-02-19,Owen Trask,Third reschedule on the QBR. No new date proposed.
N-05921,ACC-1165,2024-08-08,Brittney Cole,Asked about the higher tier. Sending over details.
N-05922,ACC-1165,2024-08-20,Brittney Cole,Talked through a multi-year option. They want pricing.
N-05923,ACC-1165,2024-09-04,Brittney Cole,They included us in their annual planning conversation.
N-05924,ACC-1165,2024-09-20,Brittney Cole,Business review complete. Yusuf Lindqvist called out time savings on their team.
N-05925,ACC-1165,2024-10-15,Brittney Cole,Fix shipped. They tested it and closed the ticket themselves.
N-05926,ACC-1165,2024-10-31,Brittney Cole,They included us in their annual planning conversation.
N-05927,ACC-1165,2024-11-12,Brittney Cole,Yusuf Lindqvist has moved to a different company. No replacement named yet.
N-05928,ACC-1165,2024-12-08,Brittney Cole,Exec sponsor confirmed budget is protected for next year.
N-05929,ACC-1165,2024-12-24,Brittney Cole,Root cause shared with them. They were satisfied with the explanation.
N-05930,ACC-1165,2025-01-16,Brittney Cole,Root cause shared with them. They were satisfied with the explanation.
N-05931,ACC-1165,2025-02-10,Brittney Cole,Quick sync with Yusuf Lindqvist. Business as usual.
N-05932,ACC-1165,2025-03-09,Brittney Cole,Lost our exec sponsor. Yusuf Lindqvist was the reason this renewed last year.
N-05933,ACC-1165,2025-03-23,Brittney Cole,Yusuf Lindqvist was promoted and now owns a larger scope. Good for us.
N-05934,ACC-1165,2025-04-11,Brittney Cole,We got the integration working. Their team is back to normal.
N-05935,ACC-1165,2025-04-25,Brittney Cole,Yusuf Lindqvist is on leave through Q4 and nobody was designated to cover the account.
N-05936,ACC-1165,2025-05-08,Brittney Cole,Good session. Their exec attended and was engaged.
N-05937,ACC-1165,2025-05-20,Brittney Cole,Yusuf Lindqvist is on leave through Q4 and nobody was designated to cover the account.
N-05938,ACC-1165,2025-06-19,Brittney Cole,Business review complete. Yusuf Lindqvist called out time savings on their team.
N-05939,ACC-1165,2025-07-16,Brittney Cole,Interest in dashboards for a team that is not on the contract yet.
N-05940,ACC-1165,2025-08-02,Brittney Cole,Escalation closed out. They appreciated the follow-through.
N-05941,ACC-1165,2025-08-31,Brittney Cole,Interest in the Salesforce sync for a team that is not on the contract yet.
N-05942,ACC-1165,2025-09-18,Brittney Cole,Yusuf Lindqvist is on leave through Q4 and nobody was designated to cover the account.
N-05943,ACC-1165,2025-10-03,Brittney Cole,"Heads up, Yusuf Lindqvist is leaving at the end of the month. She was our main advocate here."
N-05944,ACC-1165,2025-10-30,Brittney Cole,"Heads up, Yusuf Lindqvist is leaving at the end of the month. She was our main advocate here."
N-05945,ACC-1165,2025-11-11,Brittney Cole,We got the integration working. Their team is back to normal.
N-05946,ACC-1165,2025-12-02,Brittney Cole,We got the integration working. Their team is back to normal.
N-05947,ACC-1165,2025-12-25,Brittney Cole,New VP came in over Yusuf Lindqvist's team and is reviewing all vendor relationships.
N-05948,ACC-1165,2026-01-14,Brittney Cole,"Heads up, Yusuf Lindqvist is leaving at the end of the month. She was our main advocate here."
N-05949,ACC-1165,2026-02-13,Brittney Cole,Root cause shared with them. They were satisfied with the explanation.
N-05950,ACC-1165,2026-03-14,Brittney Cole,Fix shipped. They tested it and closed the ticket themselves.
N-05951,ACC-1165,2026-03-28,Brittney Cole,Sent over the enablement material they asked for.
N-05952,ACC-1165,2026-04-12,Brittney Cole,Fix shipped. They tested it and closed the ticket themselves.
N-05953,ACC-1165,2026-04-28,Brittney Cole,Escalation closed out. They appreciated the follow-through.
N-05954,ACC-1165,2026-05-17,Brittney Cole,They included us in their annual planning conversation.
N-05955,ACC-1165,2026-06-11,Brittney Cole,Escalation closed out. They appreciated the follow-through.
N-05956,ACC-1165,2026-07-07,Brittney Cole,Found out Yusuf Lindqvist put in notice. Trying to get introduced to whoever picks this up.
N-05957,ACC-1165,2026-08-04,Brittney Cole,Yusuf Lindqvist has moved to a different company. No replacement named yet.
N-05958,ACC-1165,2026-08-18,Brittney Cole,Lost our exec sponsor. Yusuf Lindqvist was the reason this renewed last year.
N-05959,ACC-1166,2023-02-13,Leila Haddad,Escalation closed out. They appreciated the follow-through.
N-05960,ACC-1166,2023-03-13,Leila Haddad,Good session. Their exec attended and was engaged.
N-05961,ACC-1166,2023-03-26,Leila Haddad,Walked their analysts through the reporting module. Good engagement.
N-05962,ACC-1166,2023-04-18,Leila Haddad,New leadership reviewed the stack and kept us. Told me directly.
N-05963,ACC-1166,2023-05-16,Leila Haddad,Walked their analysts through role permissions. Good engagement.
N-05964,ACC-1166,2023-05-31,Leila Haddad,Walked their analysts through dashboards. Good engagement.
N-05965,ACC-1166,2023-06-13,Leila Haddad,They asked what it would take to add 12 more seats.
N-05966,ACC-1166,2023-07-01,Leila Haddad,Fix shipped. They tested it and closed the ticket themselves.
N-05967,ACC-1166,2023-07-22,Leila Haddad,Asked about the higher tier. Sending over details.
N-05968,ACC-1166,2023-08-03,Leila Haddad,Ran a refresher session on the alerting rules for 4 of their people.
N-05969,ACC-1166,2023-08-17,Leila Haddad,Quick sync with Rosa Okafor. Business as usual.
N-05970,ACC-1166,2023-09-02,Leila Haddad,Root cause shared with them. They were satisfied with the explanation.
N-05971,ACC-1166,2023-09-22,Leila Haddad,New leadership reviewed the stack and kept us. Told me directly.
N-05972,ACC-1166,2023-10-18,Leila Haddad,Touched base. They are heads down on their own roadmap right now.
N-05973,ACC-1166,2023-11-10,Leila Haddad,The SSO issue is resolved. Confirmed with their admin.
N-05974,ACC-1166,2023-11-28,Leila Haddad,Interest in the bulk import for a team that is not on the contract yet.
N-05975,ACC-1166,2023-12-23,Leila Haddad,Ran a refresher session on data retention for 10 of their people.
N-05976,ACC-1166,2024-01-05,Leila Haddad,They asked what it would take to add 11 more seats.
N-05977,ACC-1166,2024-01-24,Leila Haddad,Exec sponsor confirmed budget is protected for next year.
N-05978,ACC-1166,2024-02-11,Leila Haddad,Exec sponsor confirmed budget is protected for next year.
N-05979,ACC-1166,2024-02-26,Leila Haddad,Strong QBR. They want to talk about expanding to a second department.
N-05980,ACC-1166,2024-03-27,Leila Haddad,Sent over the enablement material they asked for.
N-05981,ACC-1166,2024-04-26,Leila Haddad,"Office hours session. 2 attendees, mostly questions about reporting."
N-05982,ACC-1166,2024-05-11,Leila Haddad,QBR went well. They presented our numbers to their leadership.
N-05983,ACC-1166,2024-06-10,Leila Haddad,Talked through a multi-year option. They want pricing.
N-05984,ACC-1166,2024-07-07,Leila Haddad,Strong QBR. They want to talk about expanding to a second department.
N-05985,ACC-1166,2024-07-21,Leila Haddad,Asked about the higher tier. Sending over details.
N-05986,ACC-1166,2024-08-08,Leila Haddad,Talked through a multi-year option. They want pricing.
N-05987,ACC-1166,2024-09-02,Leila Haddad,Their second division reached out directly about getting access.
N-05988,ACC-1166,2024-09-17,Leila Haddad,Monthly check-in. Nothing new to report.
N-05989,ACC-1166,2024-10-12,Leila Haddad,New leadership reviewed the stack and kept us. Told me directly.
N-05990,ACC-1166,2024-11-07,Leila Haddad,Touched base. They are heads down on their own roadmap right now.
N-05991,ACC-1166,2024-11-26,Leila Haddad,The the bulk import issue is resolved. Confirmed with their admin.
N-05992,ACC-1166,2024-12-08,Leila Haddad,"Office hours session. 5 attendees, mostly questions about reporting."
N-05993,ACC-1166,2024-12-25,Leila Haddad,Asked about the higher tier. Sending over details.
N-05994,ACC-1166,2025-01-18,Leila Haddad,"Office hours session. 5 attendees, mostly questions about reporting."
N-05995,ACC-1166,2025-02-01,Leila Haddad,Business review complete. Rosa Okafor called out time savings on their team.
N-05996,ACC-1166,2025-02-28,Leila Haddad,The the mobile app issue is resolved. Confirmed with their admin.
N-05997,ACC-1166,2025-03-18,Leila Haddad,Strong QBR. They want to talk about expanding to a second department.
N-05998,ACC-1166,2025-04-02,Leila Haddad,Exec sponsor confirmed budget is protected for next year.
N-05999,ACC-1166,2025-05-02,Leila Haddad,We got the integration working. Their team is back to normal.
N-06000,ACC-1166,2025-05-20,Leila Haddad,Standing check-in held. Team is steady.
N-06001,ACC-1166,2025-06-03,Leila Haddad,Interest in the alerting rules for a team that is not on the contract yet.
N-06002,ACC-1166,2025-06-15,Leila Haddad,Touched base. They are heads down on their own roadmap right now.
N-06003,ACC-1166,2025-07-08,Leila Haddad,Monthly check-in. Nothing new to report.
N-06004,ACC-1166,2025-08-06,Leila Haddad,Ran a refresher session on the mobile app for 11 of their people.
N-06005,ACC-1166,2025-08-21,Leila Haddad,Escalation closed out. They appreciated the follow-through.
N-06006,ACC-1166,2025-09-15,Leila Haddad,We got the integration working. Their team is back to normal.
N-06007,ACC-1166,2025-10-07,Leila Haddad,Business review complete. Rosa Okafor called out time savings on their team.
N-06008,ACC-1166,2025-10-21,Leila Haddad,"Office hours session. 9 attendees, mostly questions about reporting."
N-06009,ACC-1166,2025-11-14,Leila Haddad,Talked through a multi-year option. They want pricing.
N-06010,ACC-1166,2025-12-10,Leila Haddad,Fix shipped. They tested it and closed the ticket themselves.
N-06011,ACC-1166,2025-12-24,Leila Haddad,QBR went well. They presented our numbers to their leadership.
N-06012,ACC-1166,2026-01-05,Leila Haddad,Fix shipped. They tested it and closed the ticket themselves.
N-06013,ACC-1166,2026-01-26,Leila Haddad,Interest in dashboards for a team that is not on the contract yet.
N-06014,ACC-1166,2026-02-22,Leila Haddad,They asked what it would take to add 5 more seats.
N-06015,ACC-1166,2026-03-20,Leila Haddad,Touched base. They are heads down on their own roadmap right now.
N-06016,ACC-1166,2026-04-18,Leila Haddad,Asked about the higher tier. Sending over details.
N-06017,ACC-1166,2026-05-18,Leila Haddad,Exec sponsor confirmed budget is protected for next year.
N-06018,ACC-1166,2026-06-14,Leila Haddad,"Short call. Reviewed open items, nothing escalated."
N-06019,ACC-1166,2026-06-27,Leila Haddad,They asked what it would take to add 2 more seats.
N-06020,ACC-1166,2026-07-17,Leila Haddad,Asked about the higher tier. Sending over details.
N-06021,ACC-1166,2026-08-11,Leila Haddad,Standing check-in held. Team is steady.
N-06022,ACC-1166,2026-08-24,Leila Haddad,Exec sponsor confirmed budget is protected for next year.
N-06023,ACC-1167,2026-05-23,Nuala Byrne,Root cause shared with them. They were satisfied with the explanation.
N-06024,ACC-1167,2026-06-19,Nuala Byrne,Their second division reached out directly about getting access.
N-06025,ACC-1167,2026-07-07,Nuala Byrne,Exec sponsor confirmed budget is protected for next year.
N-06026,ACC-1167,2026-07-27,Nuala Byrne,Fix shipped. They tested it and closed the ticket themselves.
N-06027,ACC-1167,2026-08-22,Nuala Byrne,Their IT team is blocking the SSO change we need for rollout.
N-06028,ACC-1168,2025-02-01,Leila Haddad,"Office hours session. 13 attendees, mostly questions about reporting."
N-06029,ACC-1168,2025-02-15,Leila Haddad,Reviewed the year. They are happy with where adoption landed.
N-06030,ACC-1168,2025-03-07,Leila Haddad,Sent over the enablement material they asked for.
N-06031,ACC-1168,2025-03-31,Leila Haddad,Their CIO joined the call and reiterated this is a strategic system for them.
N-06032,ACC-1168,2025-04-25,Leila Haddad,Standing check-in held. Team is steady.
N-06033,ACC-1168,2025-05-13,Leila Haddad,Good session. Their exec attended and was engaged.
N-06034,ACC-1168,2025-06-11,Leila Haddad,Ran a refresher session on the mobile app for 3 of their people.
N-06035,ACC-1168,2025-07-09,Leila Haddad,Fix shipped. They tested it and closed the ticket themselves.
N-06036,ACC-1168,2025-07-21,Leila Haddad,Asked about the higher tier. Sending over details.
N-06037,ACC-1168,2025-08-11,Leila Haddad,QBR went well. They presented our numbers to their leadership.
N-06038,ACC-1168,2025-09-02,Leila Haddad,Sent over the enablement material they asked for.
N-06039,ACC-1168,2025-10-01,Leila Haddad,Brief call with the admin. No issues raised.
N-06040,ACC-1168,2025-10-18,Leila Haddad,New leadership reviewed the stack and kept us. Told me directly.
N-06041,ACC-1168,2025-11-15,Leila Haddad,They asked what it would take to add 3 more seats.
N-06042,ACC-1168,2025-12-06,Leila Haddad,"Short call. Reviewed open items, nothing escalated."
N-06043,ACC-1168,2025-12-21,Leila Haddad,Interest in SSO for a team that is not on the contract yet.
N-06044,ACC-1168,2026-01-15,Leila Haddad,They asked what it would take to add 13 more seats.
N-06045,ACC-1168,2026-02-12,Leila Haddad,Good session. Their exec attended and was engaged.
N-06046,ACC-1168,2026-02-24,Leila Haddad,We got the integration working. Their team is back to normal.
N-06047,ACC-1168,2026-03-18,Leila Haddad,Walked their analysts through the reporting module. Good engagement.
N-06048,ACC-1168,2026-03-31,Leila Haddad,QBR went well. They presented our numbers to their leadership.
N-06049,ACC-1168,2026-04-23,Leila Haddad,Exec sponsor confirmed budget is protected for next year.
N-06050,ACC-1168,2026-05-14,Leila Haddad,We got the integration working. Their team is back to normal.
N-06051,ACC-1168,2026-05-29,Leila Haddad,They included us in their annual planning conversation.
N-06052,ACC-1168,2026-06-12,Leila Haddad,Monthly check-in. Nothing new to report.
N-06053,ACC-1168,2026-07-06,Leila Haddad,Good session. Their exec attended and was engaged.
N-06054,ACC-1168,2026-08-02,Leila Haddad,They asked what it would take to add 6 more seats.
N-06055,ACC-1168,2026-08-19,Leila Haddad,Delivered onboarding for the new hires on their team.
N-06056,ACC-1168,2026-09-06,Leila Haddad,Good session. Their exec attended and was engaged.
N-06057,ACC-1169,2023-07-16,Owen Trask,They included us in their annual planning conversation.
N-06058,ACC-1169,2023-08-03,Owen Trask,Strong QBR. They want to talk about expanding to a second department.
N-06059,ACC-1169,2023-08-30,Owen Trask,Devon Doyle was promoted and now owns a larger scope. Good for us.
N-06060,ACC-1169,2023-09-25,Owen Trask,Walked their analysts through the bulk import. Good engagement.
N-06061,ACC-1169,2023-10-15,Owen Trask,Fix shipped. They tested it and closed the ticket themselves.
N-06062,ACC-1169,2023-11-07,Owen Trask,Asked about the higher tier. Sending over details.
N-06063,ACC-1169,2023-11-24,Owen Trask,Interest in the mobile app for a team that is not on the contract yet.
N-06064,ACC-1169,2023-12-06,Owen Trask,Strong QBR. They want to talk about expanding to a second department.
N-06065,ACC-1169,2023-12-27,Owen Trask,Sent over the enablement material they asked for.
N-06066,ACC-1169,2024-01-25,Owen Trask,Third follow-up from them on the same defect. Getting hard to defend.
N-06067,ACC-1169,2024-02-20,Owen Trask,Devon Doyle was promoted and now owns a larger scope. Good for us.
N-06068,ACC-1169,2024-03-16,Owen Trask,Walked their analysts through the bulk import. Good engagement.
N-06069,ACC-1169,2024-03-28,Owen Trask,Strong QBR. They want to talk about expanding to a second department.
N-06070,ACC-1169,2024-04-13,Owen Trask,The the Salesforce sync issue is resolved. Confirmed with their admin.
N-06071,ACC-1169,2024-04-25,Owen Trask,Have not been able to get anyone on a call since the summer.
N-06072,ACC-1169,2024-05-07,Owen Trask,Walked their analysts through dashboards. Good engagement.
N-06073,ACC-1169,2024-06-03,Owen Trask,Asked about the higher tier. Sending over details.
N-06074,ACC-1169,2024-06-30,Owen Trask,The workaround we gave them for the reporting module stopped working.
N-06075,ACC-1169,2024-07-12,Owen Trask,Escalation closed out. They appreciated the follow-through.
N-06076,ACC-1169,2024-08-10,Owen Trask,Their CIO joined the call and reiterated this is a strategic system for them.
N-06077,ACC-1169,2024-08-29,Owen Trask,Exec sponsor confirmed budget is protected for next year.
N-06078,ACC-1169,2024-09-21,Owen Trask,We got the integration working. Their team is back to normal.
N-06079,ACC-1169,2024-10-12,Owen Trask,Walked their analysts through SSO. Good engagement.
N-06080,ACC-1169,2024-10-28,Owen Trask,Their IT team is blocking the SSO change we need for rollout.
N-06081,ACC-1169,2024-11-17,Owen Trask,Sent over the enablement material they asked for.
N-06082,ACC-1169,2024-12-15,Owen Trask,Lost our exec sponsor. Devon Doyle was the reason this renewed last year.
N-06083,ACC-1169,2025-01-09,Owen Trask,Fix shipped. They tested it and closed the ticket themselves.
N-06084,ACC-1169,2025-01-22,Owen Trask,Root cause shared with them. They were satisfied with the explanation.
N-06085,ACC-1169,2025-02-07,Owen Trask,"Short call. Reviewed open items, nothing escalated."
N-06086,ACC-1169,2025-03-03,Owen Trask,Migration off their legacy system stalled. We are stuck waiting.
N-06087,ACC-1169,2025-03-18,Owen Trask,"Office hours session. 7 attendees, mostly questions about reporting."
N-06088,ACC-1169,2025-04-11,Owen Trask,We got the integration working. Their team is back to normal.
N-06089,ACC-1169,2025-04-24,Owen Trask,Asked about the higher tier. Sending over details.
N-06090,ACC-1169,2025-05-12,Owen Trask,New leadership reviewed the stack and kept us. Told me directly.
N-06091,ACC-1169,2025-06-09,Owen Trask,Standing check-in held. Team is steady.
N-06092,ACC-1169,2025-07-05,Owen Trask,The the reporting module setup has never worked the way they expected.
N-06093,ACC-1169,2025-07-30,Owen Trask,They included us in their annual planning conversation.
N-06094,ACC-1169,2025-08-19,Owen Trask,Interest in the bulk import for a team that is not on the contract yet.
N-06095,ACC-1169,2025-09-13,Owen Trask,We got the integration working. Their team is back to normal.
N-06096,ACC-1169,2025-10-12,Owen Trask,Ran a refresher session on the alerting rules for 2 of their people.
N-06097,ACC-1169,2025-11-02,Owen Trask,Business review complete. Devon Doyle called out time savings on their team.
N-06098,ACC-1169,2025-12-02,Owen Trask,Reviewed the year. They are happy with where adoption landed.
N-06099,ACC-1169,2025-12-31,Owen Trask,Devon Doyle has moved to a different company. No replacement named yet.
N-06100,ACC-1169,2026-01-17,Owen Trask,Fix shipped. They tested it and closed the ticket themselves.
N-06101,ACC-1169,2026-02-10,Owen Trask,We got the integration working. Their team is back to normal.
N-06102,ACC-1169,2026-02-28,Owen Trask,Data quality issues on their side keep surfacing as complaints about us.
N-06103,ACC-1169,2026-03-28,Owen Trask,Found out Devon Doyle put in notice. Trying to get introduced to whoever picks this up.
N-06104,ACC-1169,2026-04-24,Owen Trask,New leadership reviewed the stack and kept us. Told me directly.
N-06105,ACC-1169,2026-05-16,Owen Trask,Their the bulk import integration broke again during their data load.
N-06106,ACC-1170,2023-06-17,Leila Haddad,Interest in the API for a team that is not on the contract yet.
N-06107,ACC-1170,2023-07-17,Leila Haddad,They included us in their annual planning conversation.
N-06108,ACC-1170,2023-07-29,Leila Haddad,"Short call. Reviewed open items, nothing escalated."
N-06109,ACC-1170,2023-08-17,Leila Haddad,Fix shipped. They tested it and closed the ticket themselves.
N-06110,ACC-1170,2023-08-29,Leila Haddad,We got the integration working. Their team is back to normal.
N-06111,ACC-1170,2023-09-28,Leila Haddad,Their CIO joined the call and reiterated this is a strategic system for them.
N-06112,ACC-1170,2023-10-18,Leila Haddad,They asked what it would take to add 2 more seats.
N-06113,ACC-1170,2023-11-13,Leila Haddad,Interest in dashboards for a team that is not on the contract yet.
N-06114,ACC-1170,2023-11-26,Leila Haddad,New leadership reviewed the stack and kept us. Told me directly.
N-06115,ACC-1170,2023-12-14,Leila Haddad,Business review complete. Erin Ramirez called out time savings on their team.
N-06116,ACC-1170,2023-12-26,Leila Haddad,Interest in SSO for a team that is not on the contract yet.
N-06117,ACC-1170,2024-01-09,Leila Haddad,They included us in their annual planning conversation.
N-06118,ACC-1170,2024-01-28,Leila Haddad,QBR went well. They presented our numbers to their leadership.
N-06119,ACC-1170,2024-02-16,Leila Haddad,Standing check-in held. Team is steady.
N-06120,ACC-1170,2024-02-29,Leila Haddad,Erin Ramirez was promoted and now owns a larger scope. Good for us.
N-06121,ACC-1170,2024-03-21,Leila Haddad,Walked their analysts through role permissions. Good engagement.
N-06122,ACC-1170,2024-04-09,Leila Haddad,Quick sync with Erin Ramirez. Business as usual.
N-06123,ACC-1170,2024-05-07,Leila Haddad,Reviewed the year. They are happy with where adoption landed.
N-06124,ACC-1170,2024-05-22,Leila Haddad,Their CIO joined the call and reiterated this is a strategic system for them.
N-06125,ACC-1170,2024-06-20,Leila Haddad,Interest in the Salesforce sync for a team that is not on the contract yet.
N-06126,ACC-1170,2024-07-03,Leila Haddad,Reviewed the year. They are happy with where adoption landed.
N-06127,ACC-1170,2024-07-27,Leila Haddad,Quick sync with Erin Ramirez. Business as usual.
N-06128,ACC-1170,2024-08-24,Leila Haddad,Escalation closed out. They appreciated the follow-through.
N-06129,ACC-1170,2024-09-10,Leila Haddad,Their CIO joined the call and reiterated this is a strategic system for them.
N-06130,ACC-1170,2024-09-27,Leila Haddad,Talked through a multi-year option. They want pricing.
N-06131,ACC-1170,2024-10-26,Leila Haddad,"Short call. Reviewed open items, nothing escalated."
N-06132,ACC-1170,2024-11-22,Leila Haddad,"Short call. Reviewed open items, nothing escalated."
N-06133,ACC-1170,2024-12-22,Leila Haddad,Their second division reached out directly about getting access.
N-06134,ACC-1170,2025-01-03,Leila Haddad,"Short call. Reviewed open items, nothing escalated."
N-06135,ACC-1170,2025-01-31,Leila Haddad,Business review complete. Erin Ramirez called out time savings on their team.
N-06136,ACC-1170,2025-03-01,Leila Haddad,Root cause shared with them. They were satisfied with the explanation.
N-06137,ACC-1170,2025-03-17,Leila Haddad,Good session. Their exec attended and was engaged.
N-06138,ACC-1170,2025-04-05,Leila Haddad,Escalation closed out. They appreciated the follow-through.
N-06139,ACC-1170,2025-04-29,Leila Haddad,Touched base. They are heads down on their own roadmap right now.
N-06140,ACC-1170,2025-05-26,Leila Haddad,Exec sponsor confirmed budget is protected for next year.
N-06141,ACC-1170,2025-06-09,Leila Haddad,Good session. Their exec attended and was engaged.
N-06142,ACC-1170,2025-07-08,Leila Haddad,Quick sync with Erin Ramirez. Business as usual.
N-06143,ACC-1170,2025-08-07,Leila Haddad,Interest in role permissions for a team that is not on the contract yet.
N-06144,ACC-1170,2025-08-23,Leila Haddad,Fix shipped. They tested it and closed the ticket themselves.
N-06145,ACC-1170,2025-09-06,Leila Haddad,Their CIO joined the call and reiterated this is a strategic system for them.
N-06146,ACC-1170,2025-09-19,Leila Haddad,Touched base. They are heads down on their own roadmap right now.
N-06147,ACC-1170,2025-10-02,Leila Haddad,"Office hours session. 6 attendees, mostly questions about reporting."
N-06148,ACC-1170,2025-10-17,Leila Haddad,They asked what it would take to add 7 more seats.
N-06149,ACC-1170,2025-11-03,Leila Haddad,Ran a refresher session on dashboards for 13 of their people.
N-06150,ACC-1170,2025-11-17,Leila Haddad,Delivered onboarding for the new hires on their team.
N-06151,ACC-1170,2025-12-08,Leila Haddad,Talked through a multi-year option. They want pricing.
N-06152,ACC-1170,2026-01-01,Leila Haddad,Asked about the higher tier. Sending over details.
N-06153,ACC-1170,2026-01-30,Leila Haddad,Sent over the enablement material they asked for.
N-06154,ACC-1170,2026-02-17,Leila Haddad,Exec sponsor confirmed budget is protected for next year.
N-06155,ACC-1170,2026-03-18,Leila Haddad,Exec sponsor confirmed budget is protected for next year.
N-06156,ACC-1170,2026-04-03,Leila Haddad,Talked through a multi-year option. They want pricing.
N-06157,ACC-1170,2026-04-28,Leila Haddad,Their second division reached out directly about getting access.
N-06158,ACC-1170,2026-05-21,Leila Haddad,QBR went well. They presented our numbers to their leadership.
N-06159,ACC-1170,2026-06-04,Leila Haddad,Business review complete. Erin Ramirez called out time savings on their team.
N-06160,ACC-1170,2026-06-16,Leila Haddad,Erin Ramirez was promoted and now owns a larger scope. Good for us.
N-06161,ACC-1170,2026-07-02,Leila Haddad,Escalation closed out. They appreciated the follow-through.
N-06162,ACC-1170,2026-07-30,Leila Haddad,Walked their analysts through SSO. Good engagement.
N-06163,ACC-1170,2026-08-18,Leila Haddad,Root cause shared with them. They were satisfied with the explanation.
N-06164,ACC-1170,2026-09-02,Leila Haddad,Standing check-in held. Team is steady.
N-06165,ACC-1171,2023-06-07,Leila Haddad,"Short call. Reviewed open items, nothing escalated."
N-06166,ACC-1171,2023-07-06,Leila Haddad,The the reporting module setup has never worked the way they expected.
N-06167,ACC-1171,2023-07-31,Leila Haddad,Asked about the higher tier. Sending over details.
N-06168,ACC-1171,2023-08-15,Leila Haddad,They asked what it would take to add 11 more seats.
N-06169,ACC-1171,2023-09-07,Leila Haddad,Strong QBR. They want to talk about expanding to a second department.
N-06170,ACC-1171,2023-10-07,Leila Haddad,Business review complete. Claire Doyle called out time savings on their team.
N-06171,ACC-1171,2023-10-25,Leila Haddad,Brief call with the admin. No issues raised.
N-06172,ACC-1171,2023-11-21,Leila Haddad,Asked about the higher tier. Sending over details.
N-06173,ACC-1171,2023-12-08,Leila Haddad,We got the integration working. Their team is back to normal.
N-06174,ACC-1171,2023-12-27,Leila Haddad,Root cause shared with them. They were satisfied with the explanation.
N-06175,ACC-1171,2024-01-09,Leila Haddad,QBR went well. They presented our numbers to their leadership.
N-06176,ACC-1171,2024-01-28,Leila Haddad,We got the integration working. Their team is back to normal.
N-06177,ACC-1171,2024-02-16,Leila Haddad,Requested a feature comparison against Corveo. Sent one.
N-06178,ACC-1171,2024-03-10,Leila Haddad,Their CIO joined the call and reiterated this is a strategic system for them.
N-06179,ACC-1171,2024-03-30,Leila Haddad,They want us to match a workflow that our product does not support.
N-06180,ACC-1171,2024-04-17,Leila Haddad,Quick sync with Claire Doyle. Business as usual.
N-06181,ACC-1171,2024-05-05,Leila Haddad,Sync failures every week. Their admin is the one absorbing the pain.
N-06182,ACC-1171,2024-05-30,Leila Haddad,The the API issue is resolved. Confirmed with their admin.
N-06183,ACC-1171,2024-06-20,Leila Haddad,Ran a refresher session on the bulk import for 6 of their people.
N-06184,ACC-1171,2024-07-16,Leila Haddad,Walked their analysts through the API. Good engagement.
N-06185,ACC-1171,2024-08-07,Leila Haddad,Talked through a multi-year option. They want pricing.
N-06186,ACC-1171,2024-08-22,Leila Haddad,Good session. Their exec attended and was engaged.
N-06187,ACC-1171,2024-09-10,Leila Haddad,Standing check-in held. Team is steady.
N-06188,ACC-1171,2024-09-28,Leila Haddad,Mentioned an RFP is going out before renewal.
N-06189,ACC-1171,2024-10-13,Leila Haddad,Standing check-in held. Team is steady.
N-06190,ACC-1171,2024-11-10,Leila Haddad,Fix shipped. They tested it and closed the ticket themselves.
N-06191,ACC-1171,2024-11-27,Leila Haddad,They asked what it would take to add 6 more seats.
N-06192,ACC-1171,2024-12-21,Leila Haddad,Their new director used an in-house build at her last company and prefers it.
N-06193,ACC-1171,2025-01-10,Leila Haddad,Their CIO joined the call and reiterated this is a strategic system for them.
N-06194,ACC-1171,2025-01-26,Leila Haddad,The the mobile app issue is resolved. Confirmed with their admin.
N-06195,ACC-1171,2025-02-14,Leila Haddad,Their IT team is blocking the SSO change we need for rollout.
N-06196,ACC-1171,2025-03-07,Leila Haddad,"Office hours session. 13 attendees, mostly questions about reporting."
N-06197,ACC-1171,2025-04-01,Leila Haddad,Fix shipped. They tested it and closed the ticket themselves.
N-06198,ACC-1171,2025-04-18,Leila Haddad,Their CIO joined the call and reiterated this is a strategic system for them.
N-06199,ACC-1171,2025-05-06,Leila Haddad,Root cause shared with them. They were satisfied with the explanation.
N-06200,ACC-1171,2025-05-20,Leila Haddad,Came up that an in-house build has been in talking to their leadership.
N-06201,ACC-1171,2025-06-08,Leila Haddad,Came up that a spreadsheet-based process has been in talking to their leadership.
N-06202,ACC-1171,2025-07-02,Leila Haddad,They are running a formal evaluation and we are one of three.
N-06203,ACC-1171,2025-07-27,Leila Haddad,New leadership reviewed the stack and kept us. Told me directly.
N-06204,ACC-1171,2025-08-08,Leila Haddad,They want us to match a workflow that our product does not support.
N-06205,ACC-1171,2025-08-25,Leila Haddad,Asked about the higher tier. Sending over details.
N-06206,ACC-1171,2025-09-23,Leila Haddad,Ran a refresher session on SSO for 14 of their people.
N-06207,ACC-1171,2025-10-19,Leila Haddad,Reviewed the year. They are happy with where adoption landed.
N-06208,ACC-1171,2025-11-10,Leila Haddad,Their team has been evaluating Helmsman for two months and did not tell us.
N-06209,ACC-1171,2025-11-27,Leila Haddad,Their IT team is blocking the SSO change we need for rollout.
N-06210,ACC-1171,2025-12-11,Leila Haddad,Fix shipped. They tested it and closed the ticket themselves.
N-06211,ACC-1171,2026-01-04,Leila Haddad,Root cause shared with them. They were satisfied with the explanation.
N-06212,ACC-1171,2026-01-17,Leila Haddad,Quick sync with Claire Doyle. Business as usual.
N-06213,ACC-1171,2026-02-12,Leila Haddad,Their role permissions integration broke again during their data load.
N-06214,ACC-1171,2026-03-05,Leila Haddad,Reviewed the year. They are happy with where adoption landed.
N-06215,ACC-1171,2026-04-03,Leila Haddad,The the bulk import issue is resolved. Confirmed with their admin.
N-06216,ACC-1171,2026-04-19,Leila Haddad,They asked what it would take to add 11 more seats.
N-06217,ACC-1171,2026-05-11,Leila Haddad,Asked about the higher tier. Sending over details.
N-06218,ACC-1171,2026-06-07,Leila Haddad,Their team has been evaluating Parallax for two months and did not tell us.
N-06219,ACC-1171,2026-07-01,Leila Haddad,Fix shipped. They tested it and closed the ticket themselves.
N-06220,ACC-1171,2026-07-15,Leila Haddad,Business review complete. Claire Doyle called out time savings on their team.
N-06221,ACC-1171,2026-08-11,Leila Haddad,Good session. Their exec attended and was engaged.
N-06222,ACC-1171,2026-09-02,Leila Haddad,New leadership reviewed the stack and kept us. Told me directly.
N-06223,ACC-1172,2025-04-01,Brittney Cole,They mentioned they are piloting Parallax with one team.
N-06224,ACC-1172,2025-04-21,Brittney Cole,We got the integration working. Their team is back to normal.
N-06225,ACC-1172,2025-05-06,Brittney Cole,Sent over the enablement material they asked for.
N-06226,ACC-1172,2025-06-04,Brittney Cole,Brief call with the admin. No issues raised.
N-06227,ACC-1172,2025-06-29,Brittney Cole,Their team has been evaluating Parallax for two months and did not tell us.
N-06228,ACC-1172,2025-07-27,Brittney Cole,Touched base. They are heads down on their own roadmap right now.
N-06229,ACC-1172,2025-08-10,Brittney Cole,Their CIO joined the call and reiterated this is a strategic system for them.
N-06230,ACC-1172,2025-08-25,Brittney Cole,Came up that a spreadsheet-based process has been in talking to their leadership.
N-06231,ACC-1172,2025-09-22,Brittney Cole,Came up that Nimbus Track has been in talking to their leadership.
N-06232,ACC-1172,2025-10-13,Brittney Cole,Heard secondhand that Parallax gave them aggressive pricing.
N-06233,ACC-1172,2025-10-26,Brittney Cole,Heard secondhand that a spreadsheet-based process gave them aggressive pricing.
N-06234,ACC-1172,2025-11-17,Brittney Cole,Delivered onboarding for the new hires on their team.
N-06235,ACC-1172,2025-12-14,Brittney Cole,Reviewed the year. They are happy with where adoption landed.
N-06236,ACC-1172,2026-01-10,Brittney Cole,Came up that Lattitude has been in talking to their leadership.
N-06237,ACC-1172,2026-01-22,Brittney Cole,They asked what it would take to add 12 more seats.
N-06238,ACC-1172,2026-02-13,Brittney Cole,They are considering consolidating onto an in-house build as part of a platform play.
N-06239,ACC-1172,2026-03-02,Brittney Cole,Requested a feature comparison against a spreadsheet-based process. Sent one.
N-06240,ACC-1172,2026-03-30,Brittney Cole,Their new director used an in-house build at her last company and prefers it.
N-06241,ACC-1172,2026-04-21,Brittney Cole,Strong QBR. They want to talk about expanding to a second department.
N-06242,ACC-1172,2026-05-20,Brittney Cole,Requested a feature comparison against Lattitude. Sent one.
N-06243,ACC-1172,2026-06-08,Brittney Cole,Escalation closed out. They appreciated the follow-through.
N-06244,ACC-1172,2026-07-02,Brittney Cole,The the mobile app issue is resolved. Confirmed with their admin.
N-06245,ACC-1172,2026-07-31,Brittney Cole,They are running a formal evaluation and we are one of three.
N-06246,ACC-1172,2026-08-19,Brittney Cole,Strong QBR. They want to talk about expanding to a second department.
N-06247,ACC-1172,2026-09-12,Brittney Cole,They are considering consolidating onto Lattitude as part of a platform play.
N-06248,ACC-1173,2024-06-09,Leila Haddad,Asked me how we compare to Corveo. First time that has come up.
N-06249,ACC-1173,2024-07-01,Leila Haddad,New leadership reviewed the stack and kept us. Told me directly.
N-06250,ACC-1173,2024-07-18,Leila Haddad,Exec sponsor confirmed budget is protected for next year.
N-06251,ACC-1173,2024-08-11,Leila Haddad,Reviewed the year. They are happy with where adoption landed.
N-06252,ACC-1173,2024-08-25,Leila Haddad,Touched base. They are heads down on their own roadmap right now.
N-06253,ACC-1173,2024-09-21,Leila Haddad,Asked about the higher tier. Sending over details.
N-06254,ACC-1173,2024-10-09,Leila Haddad,Walked their analysts through the Salesforce sync. Good engagement.
N-06255,ACC-1173,2024-11-04,Leila Haddad,They skipped the business review entirely this cycle.
N-06256,ACC-1173,2024-11-30,Leila Haddad,Fix shipped. They tested it and closed the ticket themselves.
N-06257,ACC-1173,2024-12-22,Leila Haddad,Asked me how we compare to Parallax. First time that has come up.
N-06258,ACC-1173,2025-01-20,Leila Haddad,Asked about the higher tier. Sending over details.
N-06259,ACC-1173,2025-02-09,Leila Haddad,We got the integration working. Their team is back to normal.
N-06260,ACC-1173,2025-03-10,Leila Haddad,New leadership reviewed the stack and kept us. Told me directly.
N-06261,ACC-1173,2025-04-07,Leila Haddad,Sent over the enablement material they asked for.
N-06262,ACC-1173,2025-05-06,Leila Haddad,Brief call with the admin. No issues raised.
N-06263,ACC-1173,2025-05-27,Leila Haddad,Business review complete. Yusuf Ramirez called out time savings on their team.
N-06264,ACC-1173,2025-06-12,Leila Haddad,Fix shipped. They tested it and closed the ticket themselves.
N-06265,ACC-1173,2025-06-26,Leila Haddad,Sent the usage summary. No acknowledgement.
N-06266,ACC-1173,2025-07-23,Leila Haddad,They are considering consolidating onto Orderly as part of a platform play.
N-06267,ACC-1173,2025-08-11,Leila Haddad,They asked what it would take to add 10 more seats.
N-06268,ACC-1173,2025-08-28,Leila Haddad,Quick sync with Yusuf Ramirez. Business as usual.
N-06269,ACC-1173,2025-09-12,Leila Haddad,Escalation closed out. They appreciated the follow-through.
N-06270,ACC-1173,2025-09-24,Leila Haddad,Monthly check-in. Nothing new to report.
N-06271,ACC-1173,2025-10-12,Leila Haddad,Walked their analysts through the Salesforce sync. Good engagement.
N-06272,ACC-1173,2025-11-08,Leila Haddad,We got the integration working. Their team is back to normal.
N-06273,ACC-1173,2025-12-05,Leila Haddad,We got the integration working. Their team is back to normal.
N-06274,ACC-1173,2025-12-31,Leila Haddad,They asked what it would take to add 14 more seats.
N-06275,ACC-1173,2026-01-19,Leila Haddad,Their CIO joined the call and reiterated this is a strategic system for them.
N-06276,ACC-1173,2026-02-04,Leila Haddad,Good session. Their exec attended and was engaged.
N-06277,ACC-1173,2026-02-24,Leila Haddad,Good session. Their exec attended and was engaged.
N-06278,ACC-1173,2026-03-18,Leila Haddad,Sent the usage summary. No acknowledgement.
N-06279,ACC-1173,2026-04-09,Leila Haddad,Came up that a spreadsheet-based process has been in talking to their leadership.
N-06280,ACC-1173,2026-04-22,Leila Haddad,Brief call with the admin. No issues raised.
N-06281,ACC-1173,2026-05-11,Leila Haddad,Sent over the enablement material they asked for.
N-06282,ACC-1173,2026-06-10,Leila Haddad,Heard secondhand that Nimbus Track gave them aggressive pricing.
N-06283,ACC-1173,2026-06-22,Leila Haddad,Exec sponsor confirmed budget is protected for next year.
N-06284,ACC-1173,2026-07-05,Leila Haddad,Delivered onboarding for the new hires on their team.
N-06285,ACC-1173,2026-07-26,Leila Haddad,No response in six weeks. Tried email and LinkedIn.
N-06286,ACC-1173,2026-08-23,Leila Haddad,"Office hours session. 8 attendees, mostly questions about reporting."
N-06287,ACC-1173,2026-09-06,Leila Haddad,We got the integration working. Their team is back to normal.
N-06288,ACC-1174,2024-10-02,Brittney Cole,Support ticket has been open since before the last QBR. No engineering ETA.
N-06289,ACC-1174,2024-10-26,Brittney Cole,"Short call. Reviewed open items, nothing escalated."
N-06290,ACC-1174,2024-11-18,Brittney Cole,They are running a formal evaluation and we are one of three.
N-06291,ACC-1174,2024-12-02,Brittney Cole,Brief call with the admin. No issues raised.
N-06292,ACC-1174,2024-12-19,Brittney Cole,Business review complete. Bianca Kaminski called out time savings on their team.
N-06293,ACC-1174,2025-01-13,Brittney Cole,Strong QBR. They want to talk about expanding to a second department.
N-06294,ACC-1174,2025-01-26,Brittney Cole,They included us in their annual planning conversation.
N-06295,ACC-1174,2025-02-12,Brittney Cole,QBR went well. They presented our numbers to their leadership.
N-06296,ACC-1174,2025-03-12,Brittney Cole,Root cause shared with them. They were satisfied with the explanation.
N-06297,ACC-1174,2025-03-30,Brittney Cole,Walked their analysts through SSO. Good engagement.
N-06298,ACC-1174,2025-04-24,Brittney Cole,Bianca Kaminski asked me directly whether this is ever going to be fixed.
N-06299,ACC-1174,2025-05-22,Brittney Cole,Their procurement team has entered the conversation for the first time.
N-06300,ACC-1174,2025-06-13,Brittney Cole,Walked their analysts through the Salesforce sync. Good engagement.
N-06301,ACC-1174,2025-07-03,Brittney Cole,They included us in their annual planning conversation.
N-06302,ACC-1174,2025-08-01,Brittney Cole,Walked their analysts through the mobile app. Good engagement.
N-06303,ACC-1174,2025-08-23,Brittney Cole,Talked through a multi-year option. They want pricing.
N-06304,ACC-1174,2025-09-16,Brittney Cole,We got the integration working. Their team is back to normal.
N-06305,ACC-1174,2025-10-09,Brittney Cole,Interest in SSO for a team that is not on the contract yet.
N-06306,ACC-1174,2025-10-28,Brittney Cole,Ran a refresher session on the alerting rules for 6 of their people.
N-06307,ACC-1174,2025-11-21,Brittney Cole,They included us in their annual planning conversation.
N-06308,ACC-1174,2025-12-03,Brittney Cole,QBR went well. They presented our numbers to their leadership.
N-06309,ACC-1174,2025-12-21,Brittney Cole,They mentioned they are piloting a spreadsheet-based process with one team.
N-06310,ACC-1174,2026-01-09,Brittney Cole,Their new director used Lattitude at her last company and prefers it.
N-06311,ACC-1174,2026-01-29,Brittney Cole,They are frustrated. data retention broke again during their month-end close.
N-06312,ACC-1174,2026-02-22,Brittney Cole,Heard secondhand that Orderly gave them aggressive pricing.
N-06313,ACC-1174,2026-03-18,Brittney Cole,They included us in their annual planning conversation.
N-06314,ACC-1175,2026-04-28,Caick Moreira,Soren Nwosu was promoted and now owns a larger scope. Good for us.
N-06315,ACC-1175,2026-05-10,Caick Moreira,New leadership reviewed the stack and kept us. Told me directly.
N-06316,ACC-1175,2026-06-05,Caick Moreira,Root cause shared with them. They were satisfied with the explanation.
N-06317,ACC-1175,2026-07-02,Caick Moreira,Layoffs on their side. Seat count is going to come down at renewal.
N-06318,ACC-1175,2026-07-14,Caick Moreira,Root cause shared with them. They were satisfied with the explanation.
N-06319,ACC-1175,2026-08-13,Caick Moreira,Reviewed the year. They are happy with where adoption landed.
N-06320,ACC-1175,2026-09-03,Caick Moreira,Escalation closed out. They appreciated the follow-through.
N-06321,ACC-1176,2024-06-14,Shairyar Khan,QBR went well. They presented our numbers to their leadership.
N-06322,ACC-1176,2024-07-11,Shairyar Khan,Ran a refresher session on role permissions for 14 of their people.
N-06323,ACC-1176,2024-08-10,Shairyar Khan,Business review complete. Mei Vasquez called out time savings on their team.
N-06324,ACC-1176,2024-09-08,Shairyar Khan,New VP came in over Mei Vasquez's team and is reviewing all vendor relationships.
N-06325,ACC-1176,2024-09-29,Shairyar Khan,QBR went well. They presented our numbers to their leadership.
N-06326,ACC-1176,2024-10-14,Shairyar Khan,Root cause shared with them. They were satisfied with the explanation.
N-06327,ACC-1176,2024-10-31,Shairyar Khan,Company-wide cost reduction effort. We are on the list being evaluated.
N-06328,ACC-1176,2024-11-14,Shairyar Khan,Escalation closed out. They appreciated the follow-through.
N-06329,ACC-1176,2024-12-08,Shairyar Khan,They asked what it would take to add 13 more seats.
N-06330,ACC-1176,2025-01-07,Shairyar Khan,Asked about downgrade options unprompted.
N-06331,ACC-1176,2025-01-23,Shairyar Khan,Mei Vasquez was promoted and now owns a larger scope. Good for us.
N-06332,ACC-1176,2025-02-04,Shairyar Khan,Mei Vasquez has moved to a different company. No replacement named yet.
N-06333,ACC-1176,2025-02-26,Shairyar Khan,They mentioned they are piloting Lattitude with one team.
N-06334,ACC-1176,2025-03-12,Shairyar Khan,Talked through a multi-year option. They want pricing.
N-06335,ACC-1176,2025-04-05,Shairyar Khan,Org change on their side. Mei Vasquez no longer owns this relationship.
N-06336,ACC-1176,2025-05-02,Shairyar Khan,They asked whether we can do a shorter term or a smaller seat count.
N-06337,ACC-1176,2025-05-29,Shairyar Khan,"Heads up, Mei Vasquez is leaving at the end of the month. She was our main advocate here."
N-06338,ACC-1176,2025-06-24,Shairyar Khan,We got the integration working. Their team is back to normal.
N-06339,ACC-1176,2025-07-09,Shairyar Khan,We got the integration working. Their team is back to normal.
N-06340,ACC-1176,2025-08-06,Shairyar Khan,Their CIO joined the call and reiterated this is a strategic system for them.
N-06341,ACC-1176,2025-08-19,Shairyar Khan,Reviewed the year. They are happy with where adoption landed.
N-06342,ACC-1176,2025-09-11,Shairyar Khan,Their CIO joined the call and reiterated this is a strategic system for them.
N-06343,ACC-1176,2025-10-07,Shairyar Khan,They included us in their annual planning conversation.
N-06344,ACC-1176,2025-10-19,Shairyar Khan,Root cause shared with them. They were satisfied with the explanation.
N-06345,ACC-1176,2025-11-09,Shairyar Khan,Business review complete. Mei Vasquez called out time savings on their team.
N-06346,ACC-1176,2025-11-21,Shairyar Khan,Budget freeze announced internally. Renewals are being looked at individually.
N-06347,ACC-1176,2025-12-11,Shairyar Khan,"Short call. Reviewed open items, nothing escalated."
N-06348,ACC-1176,2025-12-27,Shairyar Khan,Strong QBR. They want to talk about expanding to a second department.
N-06349,ACC-1176,2026-01-14,Shairyar Khan,Talked through a multi-year option. They want pricing.
N-06350,ACC-1176,2026-02-11,Shairyar Khan,They flagged that procurement now requires justification for anything over the threshold.
N-06351,ACC-1176,2026-03-01,Shairyar Khan,Lost our exec sponsor. Mei Vasquez was the reason this renewed last year.
N-06352,ACC-1176,2026-03-18,Shairyar Khan,Fix shipped. They tested it and closed the ticket themselves.
N-06353,ACC-1176,2026-03-31,Shairyar Khan,Good session. Their exec attended and was engaged.
N-06354,ACC-1176,2026-04-28,Shairyar Khan,Monthly check-in. Nothing new to report.
N-06355,ACC-1176,2026-05-10,Shairyar Khan,Ran a refresher session on the mobile app for 12 of their people.
N-06356,ACC-1176,2026-06-05,Shairyar Khan,The the Salesforce sync issue is resolved. Confirmed with their admin.
N-06357,ACC-1176,2026-06-29,Shairyar Khan,Root cause shared with them. They were satisfied with the explanation.
N-06358,ACC-1176,2026-07-24,Shairyar Khan,Ran a refresher session on SSO for 8 of their people.
N-06359,ACC-1176,2026-08-20,Shairyar Khan,They are considering consolidating onto Corveo as part of a platform play.
N-06360,ACC-1177,2025-03-10,Shairyar Khan,Talked through a multi-year option. They want pricing.
N-06361,ACC-1177,2025-03-29,Shairyar Khan,Reviewed the year. They are happy with where adoption landed.
N-06362,ACC-1177,2025-04-24,Shairyar Khan,Told me the spend is being questioned above Carmen Saltzman's level.
N-06363,ACC-1177,2025-05-20,Shairyar Khan,Exec sponsor confirmed budget is protected for next year.
N-06364,ACC-1177,2025-06-19,Shairyar Khan,They asked what it would take to add 12 more seats.
N-06365,ACC-1177,2025-07-08,Shairyar Khan,Monthly check-in. Nothing new to report.
N-06366,ACC-1177,2025-07-31,Shairyar Khan,We got the integration working. Their team is back to normal.
N-06367,ACC-1177,2025-08-15,Shairyar Khan,Fix shipped. They tested it and closed the ticket themselves.
N-06368,ACC-1177,2025-09-05,Shairyar Khan,Good session. Their exec attended and was engaged.
N-06369,ACC-1177,2025-09-19,Shairyar Khan,They included us in their annual planning conversation.
N-06370,ACC-1177,2025-10-17,Shairyar Khan,Fix shipped. They tested it and closed the ticket themselves.
N-06371,ACC-1177,2025-11-15,Shairyar Khan,Reviewed the year. They are happy with where adoption landed.
N-06372,ACC-1177,2025-12-03,Shairyar Khan,Told me the spend is being questioned above Carmen Saltzman's level.
N-06373,ACC-1177,2025-12-23,Shairyar Khan,Carmen Saltzman was promoted and now owns a larger scope. Good for us.
N-06374,ACC-1177,2026-01-17,Shairyar Khan,Exec sponsor confirmed budget is protected for next year.
N-06375,ACC-1177,2026-02-05,Shairyar Khan,They asked whether we can do a shorter term or a smaller seat count.
N-06376,ACC-1177,2026-03-02,Shairyar Khan,Root cause shared with them. They were satisfied with the explanation.
N-06377,ACC-1177,2026-03-14,Shairyar Khan,Business review complete. Carmen Saltzman called out time savings on their team.
N-06378,ACC-1177,2026-04-11,Shairyar Khan,Mentioned an RFP is going out before renewal.
N-06379,ACC-1177,2026-04-28,Shairyar Khan,Interest in the alerting rules for a team that is not on the contract yet.
N-06380,ACC-1177,2026-05-21,Shairyar Khan,Company-wide cost reduction effort. We are on the list being evaluated.
N-06381,ACC-1177,2026-06-08,Shairyar Khan,Told me the spend is being questioned above Carmen Saltzman's level.
N-06382,ACC-1177,2026-07-07,Shairyar Khan,Interest in the reporting module for a team that is not on the contract yet.
N-06383,ACC-1177,2026-07-22,Shairyar Khan,Escalation closed out. They appreciated the follow-through.
N-06384,ACC-1177,2026-08-13,Shairyar Khan,Walked their analysts through data retention. Good engagement.
N-06385,ACC-1177,2026-09-10,Shairyar Khan,"Short call. Reviewed open items, nothing escalated."
N-06386,ACC-1178,2024-03-05,Shairyar Khan,Fix shipped. They tested it and closed the ticket themselves.
N-06387,ACC-1178,2024-03-31,Shairyar Khan,Escalation closed out. They appreciated the follow-through.
N-06388,ACC-1178,2024-04-26,Shairyar Khan,Good session. Their exec attended and was engaged.
N-06389,ACC-1178,2024-05-21,Shairyar Khan,Asked about the higher tier. Sending over details.
N-06390,ACC-1178,2024-06-19,Shairyar Khan,Quick sync with Felix Barros. Business as usual.
N-06391,ACC-1178,2024-07-16,Shairyar Khan,Delivered onboarding for the new hires on their team.
N-06392,ACC-1178,2024-08-14,Shairyar Khan,Walked their analysts through SSO. Good engagement.
N-06393,ACC-1178,2024-09-12,Shairyar Khan,They asked what it would take to add 14 more seats.
N-06394,ACC-1178,2024-10-01,Shairyar Khan,Their second division reached out directly about getting access.
N-06395,ACC-1178,2024-10-16,Shairyar Khan,Monthly check-in. Nothing new to report.
N-06396,ACC-1178,2024-10-31,Shairyar Khan,Interest in SSO for a team that is not on the contract yet.
N-06397,ACC-1178,2024-11-28,Shairyar Khan,Walked their analysts through dashboards. Good engagement.
N-06398,ACC-1178,2024-12-10,Shairyar Khan,"Office hours session. 4 attendees, mostly questions about reporting."
N-06399,ACC-1178,2025-01-05,Shairyar Khan,The role permissions issue is resolved. Confirmed with their admin.
N-06400,ACC-1178,2025-02-02,Shairyar Khan,Sent over the enablement material they asked for.
N-06401,ACC-1178,2025-02-28,Shairyar Khan,Asked about the higher tier. Sending over details.
N-06402,ACC-1178,2025-03-12,Shairyar Khan,Standing check-in held. Team is steady.
N-06403,ACC-1178,2025-03-25,Shairyar Khan,QBR went well. They presented our numbers to their leadership.
N-06404,ACC-1178,2025-04-15,Shairyar Khan,Root cause shared with them. They were satisfied with the explanation.
N-06405,ACC-1178,2025-05-05,Shairyar Khan,Talked through a multi-year option. They want pricing.
N-06406,ACC-1178,2025-05-17,Shairyar Khan,Sent over the enablement material they asked for.
N-06407,ACC-1178,2025-06-03,Shairyar Khan,Monthly check-in. Nothing new to report.
N-06408,ACC-1178,2025-07-02,Shairyar Khan,Standing check-in held. Team is steady.
N-06409,ACC-1178,2025-07-21,Shairyar Khan,Business review complete. Felix Barros called out time savings on their team.
N-06410,ACC-1178,2025-08-19,Shairyar Khan,Exec sponsor confirmed budget is protected for next year.
N-06411,ACC-1178,2025-09-06,Shairyar Khan,Monthly check-in. Nothing new to report.
N-06412,ACC-1178,2025-09-23,Shairyar Khan,Sent over the enablement material they asked for.
N-06413,ACC-1178,2025-10-17,Shairyar Khan,Strong QBR. They want to talk about expanding to a second department.
N-06414,ACC-1178,2025-10-31,Shairyar Khan,Their CIO joined the call and reiterated this is a strategic system for them.
N-06415,ACC-1178,2025-11-16,Shairyar Khan,Sent over the enablement material they asked for.
N-06416,ACC-1178,2025-12-02,Shairyar Khan,Interest in the alerting rules for a team that is not on the contract yet.
N-06417,ACC-1178,2025-12-21,Shairyar Khan,"Office hours session. 11 attendees, mostly questions about reporting."
N-06418,ACC-1178,2026-01-19,Shairyar Khan,Escalation closed out. They appreciated the follow-through.
N-06419,ACC-1178,2026-02-02,Shairyar Khan,Delivered onboarding for the new hires on their team.
N-06420,ACC-1178,2026-03-02,Shairyar Khan,Interest in dashboards for a team that is not on the contract yet.
N-06421,ACC-1178,2026-03-20,Shairyar Khan,Their CIO joined the call and reiterated this is a strategic system for them.
N-06422,ACC-1178,2026-04-01,Shairyar Khan,Exec sponsor confirmed budget is protected for next year.
N-06423,ACC-1178,2026-04-17,Shairyar Khan,Touched base. They are heads down on their own roadmap right now.
N-06424,ACC-1178,2026-05-01,Shairyar Khan,They included us in their annual planning conversation.
N-06425,ACC-1178,2026-05-27,Shairyar Khan,New leadership reviewed the stack and kept us. Told me directly.
N-06426,ACC-1178,2026-06-16,Shairyar Khan,Monthly check-in. Nothing new to report.
N-06427,ACC-1178,2026-07-03,Shairyar Khan,Good session. Their exec attended and was engaged.
N-06428,ACC-1178,2026-07-30,Shairyar Khan,QBR went well. They presented our numbers to their leadership.
N-06429,ACC-1178,2026-08-24,Shairyar Khan,Exec sponsor confirmed budget is protected for next year.
N-06430,ACC-1179,2022-10-09,Caick Moreira,Standing check-in held. Team is steady.
N-06431,ACC-1179,2022-10-31,Caick Moreira,Root cause shared with them. They were satisfied with the explanation.
N-06432,ACC-1179,2022-11-23,Caick Moreira,Brief call with the admin. No issues raised.
N-06433,ACC-1179,2022-12-05,Caick Moreira,Configuration drifted and nobody on their side owns it now.
N-06434,ACC-1179,2022-12-23,Caick Moreira,Fix shipped. They tested it and closed the ticket themselves.
N-06435,ACC-1179,2023-01-13,Caick Moreira,Quick sync with Ingrid Mbeki. Business as usual.
N-06436,ACC-1179,2023-01-26,Caick Moreira,Walked their analysts through role permissions. Good engagement.
N-06437,ACC-1179,2023-02-18,Caick Moreira,Interest in the alerting rules for a team that is not on the contract yet.
N-06438,ACC-1179,2023-03-17,Caick Moreira,The the alerting rules setup has never worked the way they expected.
N-06439,ACC-1179,2023-04-08,Caick Moreira,Their CIO joined the call and reiterated this is a strategic system for them.
N-06440,ACC-1179,2023-05-03,Caick Moreira,Their IT team is blocking the SSO change we need for rollout.
N-06441,ACC-1179,2023-05-23,Caick Moreira,Fix shipped. They tested it and closed the ticket themselves.
N-06442,ACC-1179,2023-06-14,Caick Moreira,Reviewed the year. They are happy with where adoption landed.
N-06443,ACC-1179,2023-07-09,Caick Moreira,Sent over the enablement material they asked for.
N-06444,ACC-1179,2023-08-04,Caick Moreira,Walked their analysts through the alerting rules. Good engagement.
N-06445,ACC-1179,2023-08-28,Caick Moreira,We got the integration working. Their team is back to normal.
N-06446,ACC-1179,2023-09-24,Caick Moreira,Good session. Their exec attended and was engaged.
N-06447,ACC-1179,2023-10-07,Caick Moreira,Our sponsor Ingrid Mbeki was reorged out of the function. Starting over on relationship mapping.
N-06448,ACC-1179,2023-10-27,Caick Moreira,Escalation closed out. They appreciated the follow-through.
N-06449,ACC-1179,2023-11-19,Caick Moreira,Configuration drifted and nobody on their side owns it now.
N-06450,ACC-1179,2023-12-01,Caick Moreira,Found out Ingrid Mbeki put in notice. Trying to get introduced to whoever picks this up.
N-06451,ACC-1179,2023-12-25,Caick Moreira,"Their new director does not know who we are. Sent an intro note, no reply yet."
N-06452,ACC-1179,2024-01-16,Caick Moreira,Their CIO joined the call and reiterated this is a strategic system for them.
N-06453,ACC-1179,2024-02-14,Caick Moreira,Good session. Their exec attended and was engaged.
N-06454,ACC-1179,2024-03-05,Caick Moreira,New VP came in over Ingrid Mbeki's team and is reviewing all vendor relationships.
N-06455,ACC-1179,2024-03-19,Caick Moreira,They asked what it would take to add 2 more seats.
N-06456,ACC-1179,2024-04-03,Caick Moreira,We got the integration working. Their team is back to normal.
N-06457,ACC-1179,2024-04-16,Caick Moreira,Standing check-in held. Team is steady.
N-06458,ACC-1179,2024-05-12,Caick Moreira,The data retention setup has never worked the way they expected.
N-06459,ACC-1179,2024-06-01,Caick Moreira,Walked their analysts through role permissions. Good engagement.
N-06460,ACC-1179,2024-06-29,Caick Moreira,Root cause shared with them. They were satisfied with the explanation.
N-06461,ACC-1179,2024-07-13,Caick Moreira,Their second division reached out directly about getting access.
N-06462,ACC-1179,2024-08-04,Caick Moreira,Escalation closed out. They appreciated the follow-through.
N-06463,ACC-1179,2024-08-29,Caick Moreira,The data retention issue is resolved. Confirmed with their admin.
N-06464,ACC-1179,2024-09-11,Caick Moreira,Escalation closed out. They appreciated the follow-through.
N-06465,ACC-1179,2024-10-06,Caick Moreira,Migration off their legacy system stalled. We are stuck waiting.
N-06466,ACC-1179,2024-11-04,Caick Moreira,Good session. Their exec attended and was engaged.
N-06467,ACC-1179,2024-11-30,Caick Moreira,Their CIO joined the call and reiterated this is a strategic system for them.
N-06468,ACC-1179,2024-12-14,Caick Moreira,Configuration drifted and nobody on their side owns it now.
N-06469,ACC-1179,2024-12-29,Caick Moreira,Walked their analysts through the API. Good engagement.
N-06470,ACC-1179,2025-01-17,Caick Moreira,Good session. Their exec attended and was engaged.
N-06471,ACC-1179,2025-02-09,Caick Moreira,Fix shipped. They tested it and closed the ticket themselves.
N-06472,ACC-1179,2025-03-08,Caick Moreira,Ingrid Mbeki is on leave through Q4 and nobody was designated to cover the account.
N-06473,ACC-1179,2025-03-26,Caick Moreira,Good session. Their exec attended and was engaged.
N-06474,ACC-1179,2025-04-13,Caick Moreira,Org change on their side. Ingrid Mbeki no longer owns this relationship.
N-06475,ACC-1179,2025-05-03,Caick Moreira,Sent over the enablement material they asked for.
N-06476,ACC-1179,2025-05-15,Caick Moreira,Interest in dashboards for a team that is not on the contract yet.
N-06477,ACC-1179,2025-06-02,Caick Moreira,Their role permissions integration broke again during their data load.
N-06478,ACC-1179,2025-06-21,Caick Moreira,Brief call with the admin. No issues raised.
N-06479,ACC-1179,2025-07-20,Caick Moreira,Walked their analysts through the API. Good engagement.
N-06480,ACC-1179,2025-08-03,Caick Moreira,Our sponsor Ingrid Mbeki was reorged out of the function. Starting over on relationship mapping.
N-06481,ACC-1179,2025-08-21,Caick Moreira,QBR went well. They presented our numbers to their leadership.
N-06482,ACC-1179,2025-09-13,Caick Moreira,Org change on their side. Ingrid Mbeki no longer owns this relationship.
N-06483,ACC-1179,2025-10-10,Caick Moreira,Found out Ingrid Mbeki put in notice. Trying to get introduced to whoever picks this up.
N-06484,ACC-1179,2025-11-02,Caick Moreira,"Short call. Reviewed open items, nothing escalated."
N-06485,ACC-1179,2025-11-14,Caick Moreira,Configuration drifted and nobody on their side owns it now.
N-06486,ACC-1179,2025-12-01,Caick Moreira,Lost our exec sponsor. Ingrid Mbeki was the reason this renewed last year.
N-06487,ACC-1179,2025-12-24,Caick Moreira,Fix shipped. They tested it and closed the ticket themselves.
N-06488,ACC-1179,2026-01-16,Caick Moreira,New leadership reviewed the stack and kept us. Told me directly.
N-06489,ACC-1179,2026-02-01,Caick Moreira,New leadership reviewed the stack and kept us. Told me directly.
N-06490,ACC-1179,2026-02-25,Caick Moreira,Escalation closed out. They appreciated the follow-through.
N-06491,ACC-1179,2026-03-15,Caick Moreira,Their CIO joined the call and reiterated this is a strategic system for them.
N-06492,ACC-1179,2026-03-31,Caick Moreira,They included us in their annual planning conversation.
N-06493,ACC-1179,2026-04-26,Caick Moreira,"Short call. Reviewed open items, nothing escalated."
N-06494,ACC-1179,2026-05-21,Caick Moreira,Good session. Their exec attended and was engaged.
N-06495,ACC-1179,2026-06-19,Caick Moreira,Interest in the bulk import for a team that is not on the contract yet.
N-06496,ACC-1179,2026-07-10,Caick Moreira,The the reporting module setup has never worked the way they expected.
N-06497,ACC-1179,2026-07-29,Caick Moreira,"Short call. Reviewed open items, nothing escalated."
N-06498,ACC-1179,2026-08-17,Caick Moreira,Root cause shared with them. They were satisfied with the explanation.
N-06499,ACC-1179,2026-09-02,Caick Moreira,Sent over the enablement material they asked for.
N-06500,ACC-1180,2023-07-19,Shairyar Khan,Touched base. They are heads down on their own roadmap right now.
N-06501,ACC-1180,2023-08-09,Shairyar Khan,Business review complete. Rosa Whitfield called out time savings on their team.
N-06502,ACC-1180,2023-08-25,Shairyar Khan,Ran a refresher session on the bulk import for 13 of their people.
N-06503,ACC-1180,2023-09-10,Shairyar Khan,Monthly check-in. Nothing new to report.
N-06504,ACC-1180,2023-09-26,Shairyar Khan,Rosa Whitfield was promoted and now owns a larger scope. Good for us.
N-06505,ACC-1180,2023-10-15,Shairyar Khan,Root cause shared with them. They were satisfied with the explanation.
N-06506,ACC-1180,2023-11-03,Shairyar Khan,Sent over the enablement material they asked for.
N-06507,ACC-1180,2023-11-30,Shairyar Khan,Sent over the enablement material they asked for.
N-06508,ACC-1180,2023-12-25,Shairyar Khan,Talked through a multi-year option. They want pricing.
N-06509,ACC-1180,2024-01-20,Shairyar Khan,Business review complete. Rosa Whitfield called out time savings on their team.
N-06510,ACC-1180,2024-02-01,Shairyar Khan,Brief call with the admin. No issues raised.
N-06511,ACC-1180,2024-02-14,Shairyar Khan,"Office hours session. 9 attendees, mostly questions about reporting."
N-06512,ACC-1180,2024-03-03,Shairyar Khan,Escalation closed out. They appreciated the follow-through.
N-06513,ACC-1180,2024-03-20,Shairyar Khan,Interest in SSO for a team that is not on the contract yet.
N-06514,ACC-1180,2024-04-05,Shairyar Khan,New leadership reviewed the stack and kept us. Told me directly.
N-06515,ACC-1180,2024-04-23,Shairyar Khan,Fix shipped. They tested it and closed the ticket themselves.
N-06516,ACC-1180,2024-05-09,Shairyar Khan,Interest in SSO for a team that is not on the contract yet.
N-06517,ACC-1180,2024-05-26,Shairyar Khan,Delivered onboarding for the new hires on their team.
N-06518,ACC-1180,2024-06-17,Shairyar Khan,Delivered onboarding for the new hires on their team.
N-06519,ACC-1180,2024-07-11,Shairyar Khan,The the reporting module issue is resolved. Confirmed with their admin.
N-06520,ACC-1180,2024-07-26,Shairyar Khan,QBR went well. They presented our numbers to their leadership.
N-06521,ACC-1180,2024-08-12,Shairyar Khan,Walked their analysts through role permissions. Good engagement.
N-06522,ACC-1180,2024-08-24,Shairyar Khan,Root cause shared with them. They were satisfied with the explanation.
N-06523,ACC-1180,2024-09-12,Shairyar Khan,Escalation closed out. They appreciated the follow-through.
N-06524,ACC-1180,2024-09-29,Shairyar Khan,Rosa Whitfield was promoted and now owns a larger scope. Good for us.
N-06525,ACC-1180,2024-10-14,Shairyar Khan,Walked their analysts through the bulk import. Good engagement.
N-06526,ACC-1180,2024-11-11,Shairyar Khan,Root cause shared with them. They were satisfied with the explanation.
N-06527,ACC-1180,2024-11-23,Shairyar Khan,Standing check-in held. Team is steady.
N-06528,ACC-1180,2024-12-20,Shairyar Khan,QBR went well. They presented our numbers to their leadership.
N-06529,ACC-1180,2025-01-16,Shairyar Khan,Delivered onboarding for the new hires on their team.
N-06530,ACC-1180,2025-01-28,Shairyar Khan,Standing check-in held. Team is steady.
N-06531,ACC-1180,2025-02-25,Shairyar Khan,Their second division reached out directly about getting access.
N-06532,ACC-1180,2025-03-20,Shairyar Khan,Their CIO joined the call and reiterated this is a strategic system for them.
N-06533,ACC-1180,2025-04-12,Shairyar Khan,Talked through a multi-year option. They want pricing.
N-06534,ACC-1180,2025-05-06,Shairyar Khan,Fix shipped. They tested it and closed the ticket themselves.
N-06535,ACC-1180,2025-05-23,Shairyar Khan,Walked their analysts through the API. Good engagement.
N-06536,ACC-1180,2025-06-07,Shairyar Khan,Touched base. They are heads down on their own roadmap right now.
N-06537,ACC-1180,2025-06-28,Shairyar Khan,"Office hours session. 8 attendees, mostly questions about reporting."
N-06538,ACC-1180,2025-07-26,Shairyar Khan,Root cause shared with them. They were satisfied with the explanation.
N-06539,ACC-1180,2025-08-17,Shairyar Khan,Reviewed the year. They are happy with where adoption landed.
N-06540,ACC-1180,2025-09-11,Shairyar Khan,Walked their analysts through the bulk import. Good engagement.
N-06541,ACC-1180,2025-09-27,Shairyar Khan,Strong QBR. They want to talk about expanding to a second department.
N-06542,ACC-1180,2025-10-11,Shairyar Khan,Walked their analysts through the bulk import. Good engagement.
N-06543,ACC-1180,2025-10-25,Shairyar Khan,Escalation closed out. They appreciated the follow-through.
N-06544,ACC-1180,2025-11-08,Shairyar Khan,Asked about the higher tier. Sending over details.
N-06545,ACC-1180,2025-12-01,Shairyar Khan,Brief call with the admin. No issues raised.
N-06546,ACC-1180,2025-12-18,Shairyar Khan,Talked through a multi-year option. They want pricing.
N-06547,ACC-1180,2026-01-16,Shairyar Khan,Their second division reached out directly about getting access.
N-06548,ACC-1180,2026-02-02,Shairyar Khan,Fix shipped. They tested it and closed the ticket themselves.
N-06549,ACC-1180,2026-02-14,Shairyar Khan,Brief call with the admin. No issues raised.
N-06550,ACC-1180,2026-02-27,Shairyar Khan,Strong QBR. They want to talk about expanding to a second department.
N-06551,ACC-1180,2026-03-20,Shairyar Khan,Monthly check-in. Nothing new to report.
N-06552,ACC-1180,2026-04-19,Shairyar Khan,Touched base. They are heads down on their own roadmap right now.
N-06553,ACC-1180,2026-05-02,Shairyar Khan,The SSO issue is resolved. Confirmed with their admin.
N-06554,ACC-1180,2026-05-20,Shairyar Khan,Escalation closed out. They appreciated the follow-through.
N-06555,ACC-1180,2026-06-19,Shairyar Khan,Brief call with the admin. No issues raised.
N-06556,ACC-1180,2026-07-09,Shairyar Khan,Monthly check-in. Nothing new to report.
N-06557,ACC-1180,2026-07-29,Shairyar Khan,Ran a refresher session on the mobile app for 7 of their people.
N-06558,ACC-1180,2026-08-10,Shairyar Khan,Good session. Their exec attended and was engaged.
N-06559,ACC-1180,2026-08-23,Shairyar Khan,"Short call. Reviewed open items, nothing escalated."
N-06560,ACC-1180,2026-09-07,Shairyar Khan,Good session. Their exec attended and was engaged.
N-06561,ACC-1181,2025-08-27,Owen Trask,"Office hours session. 12 attendees, mostly questions about reporting."
N-06562,ACC-1181,2025-09-12,Owen Trask,Lost our exec sponsor. Dana Ferreira was the reason this renewed last year.
N-06563,ACC-1181,2025-10-04,Owen Trask,Dana Ferreira is on leave through Q4 and nobody was designated to cover the account.
N-06564,ACC-1181,2025-10-24,Owen Trask,Their team has been evaluating Nimbus Track for two months and did not tell us.
N-06565,ACC-1181,2025-11-06,Owen Trask,Dana Ferreira asked me directly whether this is ever going to be fixed.
N-06566,ACC-1181,2025-11-26,Owen Trask,Interest in the mobile app for a team that is not on the contract yet.
N-06567,ACC-1181,2025-12-11,Owen Trask,"Short call. Reviewed open items, nothing escalated."
N-06568,ACC-1181,2025-12-28,Owen Trask,Asked me how we compare to Orderly. First time that has come up.
N-06569,ACC-1182,2025-03-02,Caick Moreira,Root cause shared with them. They were satisfied with the explanation.
N-06570,ACC-1182,2025-03-27,Caick Moreira,Fix shipped. They tested it and closed the ticket themselves.
N-06571,ACC-1182,2025-04-11,Caick Moreira,New leadership reviewed the stack and kept us. Told me directly.
N-06572,ACC-1182,2025-04-26,Caick Moreira,QBR went well. They presented our numbers to their leadership.
N-06573,ACC-1182,2025-05-24,Caick Moreira,No response in six weeks. Tried email and LinkedIn.
N-06574,ACC-1182,2025-06-21,Caick Moreira,The data retention issue is resolved. Confirmed with their admin.
N-06575,ACC-1182,2025-07-07,Caick Moreira,Walked their analysts through the reporting module. Good engagement.
N-06576,ACC-1182,2025-07-31,Caick Moreira,Interest in data retention for a team that is not on the contract yet.
N-06577,ACC-1182,2025-08-25,Caick Moreira,Monthly check-in. Nothing new to report.
N-06578,ACC-1182,2025-09-11,Caick Moreira,We got the integration working. Their team is back to normal.
N-06579,ACC-1182,2025-09-23,Caick Moreira,Asked about the higher tier. Sending over details.
N-06580,ACC-1182,2025-10-19,Caick Moreira,The dashboards issue is resolved. Confirmed with their admin.
N-06581,ACC-1182,2025-11-16,Caick Moreira,Escalation closed out. They appreciated the follow-through.
N-06582,ACC-1182,2025-12-01,Caick Moreira,Ran a refresher session on the bulk import for 14 of their people.
N-06583,ACC-1182,2025-12-26,Caick Moreira,Interest in the API for a team that is not on the contract yet.
N-06584,ACC-1182,2026-01-11,Caick Moreira,The role permissions issue is resolved. Confirmed with their admin.
N-06585,ACC-1182,2026-02-04,Caick Moreira,Went quiet after the escalation. Not sure who owns us there now.
N-06586,ACC-1182,2026-02-16,Caick Moreira,Fix shipped. They tested it and closed the ticket themselves.
N-06587,ACC-1182,2026-03-15,Caick Moreira,They asked what it would take to add 14 more seats.
N-06588,ACC-1182,2026-04-02,Caick Moreira,Third reschedule on the QBR. No new date proposed.
N-06589,ACC-1182,2026-04-26,Caick Moreira,Brief call with the admin. No issues raised.
N-06590,ACC-1182,2026-05-24,Caick Moreira,QBR went well. They presented our numbers to their leadership.
N-06591,ACC-1182,2026-06-06,Caick Moreira,QBR went well. They presented our numbers to their leadership.
N-06592,ACC-1182,2026-07-01,Caick Moreira,Standing check-in held. Team is steady.
N-06593,ACC-1182,2026-07-21,Caick Moreira,Meeting attendance has dropped to one junior person.
N-06594,ACC-1182,2026-08-07,Caick Moreira,New leadership reviewed the stack and kept us. Told me directly.
N-06595,ACC-1182,2026-08-21,Caick Moreira,Their CIO joined the call and reiterated this is a strategic system for them.
N-06596,ACC-1182,2026-09-08,Caick Moreira,Their CIO joined the call and reiterated this is a strategic system for them.
N-06597,ACC-1183,2023-09-06,Nuala Byrne,Their second division reached out directly about getting access.
N-06598,ACC-1183,2023-09-19,Nuala Byrne,Heard secondhand that Nimbus Track gave them aggressive pricing.
N-06599,ACC-1183,2023-10-15,Nuala Byrne,Delivered onboarding for the new hires on their team.
N-06600,ACC-1183,2023-11-13,Nuala Byrne,They mentioned they are piloting Nimbus Track with one team.
N-06601,ACC-1183,2023-12-01,Nuala Byrne,Their second division reached out directly about getting access.
N-06602,ACC-1183,2023-12-24,Nuala Byrne,QBR went well. They presented our numbers to their leadership.
N-06603,ACC-1183,2024-01-20,Nuala Byrne,They are considering consolidating onto Lattitude as part of a platform play.
N-06604,ACC-1183,2024-02-06,Nuala Byrne,They mentioned they are piloting Nimbus Track with one team.
N-06605,ACC-1183,2024-02-20,Nuala Byrne,Fix shipped. They tested it and closed the ticket themselves.
N-06606,ACC-1183,2024-03-07,Nuala Byrne,"Short call. Reviewed open items, nothing escalated."
N-06607,ACC-1183,2024-03-19,Nuala Byrne,Root cause shared with them. They were satisfied with the explanation.
N-06608,ACC-1183,2024-04-12,Nuala Byrne,They are considering consolidating onto an in-house build as part of a platform play.
N-06609,ACC-1183,2024-05-02,Nuala Byrne,Fix shipped. They tested it and closed the ticket themselves.
N-06610,ACC-1183,2024-05-16,Nuala Byrne,Delivered onboarding for the new hires on their team.
N-06611,ACC-1183,2024-06-10,Nuala Byrne,They are running a formal evaluation and we are one of three.
N-06612,ACC-1183,2024-07-04,Nuala Byrne,Mentioned an RFP is going out before renewal.
N-06613,ACC-1183,2024-07-26,Nuala Byrne,Root cause shared with them. They were satisfied with the explanation.
N-06614,ACC-1183,2024-08-23,Nuala Byrne,New leadership reviewed the stack and kept us. Told me directly.
N-06615,ACC-1183,2024-09-22,Nuala Byrne,Sent over the enablement material they asked for.
N-06616,ACC-1183,2024-10-09,Nuala Byrne,Mentioned an RFP is going out before renewal.
N-06617,ACC-1183,2024-10-30,Nuala Byrne,Fix shipped. They tested it and closed the ticket themselves.
N-06618,ACC-1183,2024-11-12,Nuala Byrne,They included us in their annual planning conversation.
N-06619,ACC-1183,2024-12-08,Nuala Byrne,Ran a refresher session on dashboards for 4 of their people.
N-06620,ACC-1183,2025-01-07,Nuala Byrne,They are running a formal evaluation and we are one of three.
N-06621,ACC-1183,2025-01-29,Nuala Byrne,They are running a formal evaluation and we are one of three.
N-06622,ACC-1183,2025-02-12,Nuala Byrne,Ran a refresher session on the Salesforce sync for 8 of their people.
N-06623,ACC-1183,2025-02-24,Nuala Byrne,They asked what it would take to add 8 more seats.
N-06624,ACC-1183,2025-03-21,Nuala Byrne,Exec sponsor confirmed budget is protected for next year.
N-06625,ACC-1183,2025-04-13,Nuala Byrne,Sent over the enablement material they asked for.
N-06626,ACC-1183,2025-05-03,Nuala Byrne,Escalation closed out. They appreciated the follow-through.
N-06627,ACC-1183,2025-05-22,Nuala Byrne,Sent over the enablement material they asked for.
N-06628,ACC-1183,2025-06-15,Nuala Byrne,The dashboards issue is resolved. Confirmed with their admin.
N-06629,ACC-1183,2025-07-13,Nuala Byrne,Root cause shared with them. They were satisfied with the explanation.
N-06630,ACC-1183,2025-07-30,Nuala Byrne,Ran a refresher session on the bulk import for 2 of their people.
N-06631,ACC-1183,2025-08-26,Nuala Byrne,Their team has been evaluating Lattitude for two months and did not tell us.
N-06632,ACC-1183,2025-09-23,Nuala Byrne,Monthly check-in. Nothing new to report.
N-06633,ACC-1183,2025-10-12,Nuala Byrne,Escalation closed out. They appreciated the follow-through.
N-06634,ACC-1183,2025-11-09,Nuala Byrne,Heard secondhand that Parallax gave them aggressive pricing.
N-06635,ACC-1183,2025-11-27,Nuala Byrne,Mentioned an RFP is going out before renewal.
N-06636,ACC-1183,2025-12-24,Nuala Byrne,Walked their analysts through the Salesforce sync. Good engagement.
N-06637,ACC-1183,2026-01-14,Nuala Byrne,They mentioned they are piloting Nimbus Track with one team.
N-06638,ACC-1183,2026-01-27,Nuala Byrne,Asked about the higher tier. Sending over details.
N-06639,ACC-1183,2026-02-18,Nuala Byrne,Escalation closed out. They appreciated the follow-through.
N-06640,ACC-1183,2026-03-14,Nuala Byrne,Their second division reached out directly about getting access.
N-06641,ACC-1183,2026-03-28,Nuala Byrne,They are considering consolidating onto Parallax as part of a platform play.
N-06642,ACC-1183,2026-04-11,Nuala Byrne,Sent over the enablement material they asked for.
N-06643,ACC-1183,2026-04-25,Nuala Byrne,Fix shipped. They tested it and closed the ticket themselves.
N-06644,ACC-1183,2026-05-16,Nuala Byrne,Root cause shared with them. They were satisfied with the explanation.
N-06645,ACC-1183,2026-06-08,Nuala Byrne,"Short call. Reviewed open items, nothing escalated."
N-06646,ACC-1183,2026-06-20,Nuala Byrne,Came up that an in-house build has been in talking to their leadership.
N-06647,ACC-1183,2026-07-03,Nuala Byrne,Heard secondhand that an in-house build gave them aggressive pricing.
N-06648,ACC-1183,2026-07-21,Nuala Byrne,Exec sponsor confirmed budget is protected for next year.
N-06649,ACC-1183,2026-08-09,Nuala Byrne,Their second division reached out directly about getting access.
N-06650,ACC-1183,2026-08-29,Nuala Byrne,They are running a formal evaluation and we are one of three.
N-06651,ACC-1184,2025-08-30,Shairyar Khan,The the alerting rules issue is resolved. Confirmed with their admin.
N-06652,ACC-1184,2025-09-16,Shairyar Khan,Reviewed the year. They are happy with where adoption landed.
N-06653,ACC-1184,2025-10-05,Shairyar Khan,Their second division reached out directly about getting access.
N-06654,ACC-1184,2025-10-31,Shairyar Khan,Strong QBR. They want to talk about expanding to a second department.
N-06655,ACC-1184,2025-11-21,Shairyar Khan,New leadership reviewed the stack and kept us. Told me directly.
N-06656,ACC-1184,2025-12-14,Shairyar Khan,Business review complete. Wes Abbott called out time savings on their team.
N-06657,ACC-1184,2025-12-31,Shairyar Khan,Standing check-in held. Team is steady.
N-06658,ACC-1184,2026-01-22,Shairyar Khan,Reviewed the year. They are happy with where adoption landed.
N-06659,ACC-1184,2026-02-09,Shairyar Khan,The the alerting rules issue is resolved. Confirmed with their admin.
N-06660,ACC-1184,2026-03-07,Shairyar Khan,Root cause shared with them. They were satisfied with the explanation.
N-06661,ACC-1184,2026-03-27,Shairyar Khan,New leadership reviewed the stack and kept us. Told me directly.
N-06662,ACC-1184,2026-04-22,Shairyar Khan,Good session. Their exec attended and was engaged.
N-06663,ACC-1184,2026-05-12,Shairyar Khan,Sent over the enablement material they asked for.
N-06664,ACC-1184,2026-06-03,Shairyar Khan,Walked their analysts through SSO. Good engagement.
N-06665,ACC-1184,2026-06-23,Shairyar Khan,Their CIO joined the call and reiterated this is a strategic system for them.
N-06666,ACC-1184,2026-07-21,Shairyar Khan,Root cause shared with them. They were satisfied with the explanation.
N-06667,ACC-1184,2026-08-16,Shairyar Khan,Business review complete. Wes Abbott called out time savings on their team.
N-06668,ACC-1184,2026-09-11,Shairyar Khan,Monthly check-in. Nothing new to report.
N-06669,ACC-1185,2025-10-25,Owen Trask,They asked what it would take to add 3 more seats.
N-06670,ACC-1185,2025-11-21,Owen Trask,They asked what it would take to add 13 more seats.
N-06671,ACC-1185,2025-12-18,Owen Trask,QBR went well. They presented our numbers to their leadership.
N-06672,ACC-1185,2026-01-02,Owen Trask,They asked what it would take to add 6 more seats.
N-06673,ACC-1185,2026-01-26,Owen Trask,New leadership reviewed the stack and kept us. Told me directly.
N-06674,ACC-1185,2026-02-12,Owen Trask,Standing check-in held. Team is steady.
N-06675,ACC-1185,2026-03-10,Owen Trask,Fix shipped. They tested it and closed the ticket themselves.
N-06676,ACC-1185,2026-04-03,Owen Trask,Exec sponsor confirmed budget is protected for next year.
N-06677,ACC-1185,2026-04-29,Owen Trask,They asked what it would take to add 12 more seats.
N-06678,ACC-1185,2026-05-29,Owen Trask,Bianca Achterberg was promoted and now owns a larger scope. Good for us.
N-06679,ACC-1185,2026-06-21,Owen Trask,Walked their analysts through data retention. Good engagement.
N-06680,ACC-1185,2026-07-04,Owen Trask,Standing check-in held. Team is steady.
N-06681,ACC-1185,2026-07-18,Owen Trask,Interest in the mobile app for a team that is not on the contract yet.
N-06682,ACC-1185,2026-08-03,Owen Trask,They asked what it would take to add 7 more seats.
N-06683,ACC-1185,2026-08-31,Owen Trask,Ran a refresher session on data retention for 7 of their people.
N-06684,ACC-1186,2023-02-06,Shairyar Khan,We got the integration working. Their team is back to normal.
N-06685,ACC-1186,2023-02-24,Shairyar Khan,The dashboards issue is resolved. Confirmed with their admin.
N-06686,ACC-1186,2023-03-15,Shairyar Khan,Escalation closed out. They appreciated the follow-through.
N-06687,ACC-1186,2023-03-27,Shairyar Khan,Delivered onboarding for the new hires on their team.
N-06688,ACC-1186,2023-04-11,Shairyar Khan,They want us to match a workflow that our product does not support.
N-06689,ACC-1186,2023-04-25,Shairyar Khan,the Salesforce sync is slow at their data volume and they have said so repeatedly.
N-06690,ACC-1186,2023-05-14,Shairyar Khan,Their role permissions integration broke again during their data load.
N-06691,ACC-1186,2023-05-30,Shairyar Khan,The dashboards issue is resolved. Confirmed with their admin.
N-06692,ACC-1186,2023-06-17,Shairyar Khan,"Office hours session. 10 attendees, mostly questions about reporting."
N-06693,ACC-1186,2023-07-15,Shairyar Khan,"Office hours session. 8 attendees, mostly questions about reporting."
N-06694,ACC-1186,2023-08-05,Shairyar Khan,Good session. Their exec attended and was engaged.
N-06695,ACC-1186,2023-08-29,Shairyar Khan,Fix shipped. They tested it and closed the ticket themselves.
N-06696,ACC-1186,2023-09-16,Shairyar Khan,They asked what it would take to add 11 more seats.
N-06697,ACC-1186,2023-10-07,Shairyar Khan,Data quality issues on their side keep surfacing as complaints about us.
N-06698,ACC-1186,2023-10-27,Shairyar Khan,Escalation closed out. They appreciated the follow-through.
N-06699,ACC-1186,2023-11-23,Shairyar Khan,Root cause shared with them. They were satisfied with the explanation.
N-06700,ACC-1186,2023-12-09,Shairyar Khan,The the alerting rules issue is resolved. Confirmed with their admin.
N-06701,ACC-1186,2024-01-08,Shairyar Khan,Root cause shared with them. They were satisfied with the explanation.
N-06702,ACC-1186,2024-01-20,Shairyar Khan,Escalation closed out. They appreciated the follow-through.
N-06703,ACC-1186,2024-02-14,Shairyar Khan,They want us to match a workflow that our product does not support.
N-06704,ACC-1186,2024-03-06,Shairyar Khan,Touched base. They are heads down on their own roadmap right now.
N-06705,ACC-1186,2024-03-18,Shairyar Khan,Data quality issues on their side keep surfacing as complaints about us.
N-06706,ACC-1186,2024-04-12,Shairyar Khan,Migration off their legacy system stalled. We are stuck waiting.
N-06707,ACC-1186,2024-04-27,Shairyar Khan,Escalation closed out. They appreciated the follow-through.
N-06708,ACC-1186,2024-05-13,Shairyar Khan,Asked about the higher tier. Sending over details.
N-06709,ACC-1186,2024-05-26,Shairyar Khan,We got the integration working. Their team is back to normal.
N-06710,ACC-1186,2024-06-20,Shairyar Khan,Ran a refresher session on data retention for 6 of their people.
N-06711,ACC-1186,2024-07-19,Shairyar Khan,Standing check-in held. Team is steady.
N-06712,ACC-1186,2024-08-16,Shairyar Khan,Sync failures every week. Their admin is the one absorbing the pain.
N-06713,ACC-1186,2024-09-09,Shairyar Khan,Sync failures every week. Their admin is the one absorbing the pain.
N-06714,ACC-1186,2024-10-06,Shairyar Khan,Their the reporting module integration broke again during their data load.
N-06715,ACC-1186,2024-10-29,Shairyar Khan,Their the bulk import integration broke again during their data load.
N-06716,ACC-1186,2024-11-21,Shairyar Khan,Good session. Their exec attended and was engaged.
N-06717,ACC-1186,2024-12-18,Shairyar Khan,Their IT team is blocking the SSO change we need for rollout.
N-06718,ACC-1186,2025-01-02,Shairyar Khan,Delivered onboarding for the new hires on their team.
N-06719,ACC-1186,2025-01-28,Shairyar Khan,QBR went well. They presented our numbers to their leadership.
N-06720,ACC-1186,2025-02-20,Shairyar Khan,Their the alerting rules integration broke again during their data load.
N-06721,ACC-1186,2025-03-22,Shairyar Khan,They want us to match a workflow that our product does not support.
N-06722,ACC-1186,2025-04-03,Shairyar Khan,Business review complete. Priya Nakamura called out time savings on their team.
N-06723,ACC-1186,2025-05-01,Shairyar Khan,The the bulk import issue is resolved. Confirmed with their admin.
N-06724,ACC-1186,2025-05-21,Shairyar Khan,Their the mobile app integration broke again during their data load.
N-06725,ACC-1186,2025-06-19,Shairyar Khan,Priya Nakamura was promoted and now owns a larger scope. Good for us.
N-06726,ACC-1186,2025-07-01,Shairyar Khan,The SSO setup has never worked the way they expected.
N-06727,ACC-1186,2025-07-24,Shairyar Khan,Asked about the higher tier. Sending over details.
N-06728,ACC-1186,2025-08-11,Shairyar Khan,Exec sponsor confirmed budget is protected for next year.
N-06729,ACC-1186,2025-08-23,Shairyar Khan,The the reporting module issue is resolved. Confirmed with their admin.
N-06730,ACC-1186,2025-09-05,Shairyar Khan,"Office hours session. 2 attendees, mostly questions about reporting."
N-06731,ACC-1186,2025-09-17,Shairyar Khan,Configuration drifted and nobody on their side owns it now.
N-06732,ACC-1186,2025-10-02,Shairyar Khan,Fix shipped. They tested it and closed the ticket themselves.
N-06733,ACC-1186,2025-10-17,Shairyar Khan,Sync failures every week. Their admin is the one absorbing the pain.
N-06734,ACC-1186,2025-11-05,Shairyar Khan,Strong QBR. They want to talk about expanding to a second department.
N-06735,ACC-1186,2025-11-25,Shairyar Khan,the reporting module is slow at their data volume and they have said so repeatedly.
N-06736,ACC-1186,2025-12-08,Shairyar Khan,Touched base. They are heads down on their own roadmap right now.
N-06737,ACC-1186,2025-12-23,Shairyar Khan,Monthly check-in. Nothing new to report.
N-06738,ACC-1186,2026-01-09,Shairyar Khan,the mobile app is slow at their data volume and they have said so repeatedly.
N-06739,ACC-1186,2026-01-25,Shairyar Khan,Quick sync with Priya Nakamura. Business as usual.
N-06740,ACC-1186,2026-02-19,Shairyar Khan,Their CIO joined the call and reiterated this is a strategic system for them.
N-06741,ACC-1186,2026-03-05,Shairyar Khan,The the API setup has never worked the way they expected.
N-06742,ACC-1186,2026-03-31,Shairyar Khan,Reviewed the year. They are happy with where adoption landed.
N-06743,ACC-1186,2026-04-19,Shairyar Khan,"Office hours session. 6 attendees, mostly questions about reporting."
N-06744,ACC-1186,2026-05-08,Shairyar Khan,Delivered onboarding for the new hires on their team.
N-06745,ACC-1186,2026-05-21,Shairyar Khan,Root cause shared with them. They were satisfied with the explanation.
N-06746,ACC-1186,2026-06-13,Shairyar Khan,They do not have the internal engineering capacity to finish the integration.
N-06747,ACC-1186,2026-07-02,Shairyar Khan,Their second division reached out directly about getting access.
N-06748,ACC-1186,2026-07-30,Shairyar Khan,Monthly check-in. Nothing new to report.
N-06749,ACC-1186,2026-08-22,Shairyar Khan,New leadership reviewed the stack and kept us. Told me directly.
N-06750,ACC-1187,2026-02-01,Owen Trask,Business review complete. Felix Saltzman called out time savings on their team.
N-06751,ACC-1187,2026-02-23,Owen Trask,They are considering consolidating onto Nimbus Track as part of a platform play.
N-06752,ACC-1187,2026-03-16,Owen Trask,Third follow-up from them on the same defect. Getting hard to defend.
N-06753,ACC-1187,2026-04-01,Owen Trask,Third follow-up from them on the same defect. Getting hard to defend.
N-06754,ACC-1187,2026-04-16,Owen Trask,They are running a formal evaluation and we are one of three.
N-06755,ACC-1187,2026-05-08,Owen Trask,Their CIO joined the call and reiterated this is a strategic system for them.
N-06756,ACC-1187,2026-05-31,Owen Trask,Interest in the bulk import for a team that is not on the contract yet.
N-06757,ACC-1188,2024-08-03,Leila Haddad,Quick sync with Raj Abbott. Business as usual.
N-06758,ACC-1188,2024-08-18,Leila Haddad,Reviewed the year. They are happy with where adoption landed.
N-06759,ACC-1188,2024-09-01,Leila Haddad,Their second division reached out directly about getting access.
N-06760,ACC-1188,2024-09-17,Leila Haddad,Their second division reached out directly about getting access.
N-06761,ACC-1188,2024-09-30,Leila Haddad,Exec sponsor confirmed budget is protected for next year.
N-06762,ACC-1188,2024-10-27,Leila Haddad,Root cause shared with them. They were satisfied with the explanation.
N-06763,ACC-1188,2024-11-20,Leila Haddad,Talked through a multi-year option. They want pricing.
N-06764,ACC-1188,2024-12-13,Leila Haddad,Their second division reached out directly about getting access.
N-06765,ACC-1188,2025-01-06,Leila Haddad,We got the integration working. Their team is back to normal.
N-06766,ACC-1188,2025-02-05,Leila Haddad,Monthly check-in. Nothing new to report.
N-06767,ACC-1188,2025-02-26,Leila Haddad,Brief call with the admin. No issues raised.
N-06768,ACC-1188,2025-03-11,Leila Haddad,"Office hours session. 4 attendees, mostly questions about reporting."
N-06769,ACC-1188,2025-03-27,Leila Haddad,Good session. Their exec attended and was engaged.
N-06770,ACC-1188,2025-04-12,Leila Haddad,Their CIO joined the call and reiterated this is a strategic system for them.
N-06771,ACC-1188,2025-04-27,Leila Haddad,"Short call. Reviewed open items, nothing escalated."
N-06772,ACC-1188,2025-05-24,Leila Haddad,Reviewed the year. They are happy with where adoption landed.
N-06773,ACC-1188,2025-06-08,Leila Haddad,New leadership reviewed the stack and kept us. Told me directly.
N-06774,ACC-1188,2025-06-23,Leila Haddad,Asked about the higher tier. Sending over details.
N-06775,ACC-1188,2025-07-23,Leila Haddad,"Office hours session. 12 attendees, mostly questions about reporting."
N-06776,ACC-1188,2025-08-15,Leila Haddad,Exec sponsor confirmed budget is protected for next year.
N-06777,ACC-1188,2025-09-05,Leila Haddad,Interest in the mobile app for a team that is not on the contract yet.
N-06778,ACC-1188,2025-10-03,Leila Haddad,Reviewed the year. They are happy with where adoption landed.
N-06779,ACC-1188,2025-10-23,Leila Haddad,Exec sponsor confirmed budget is protected for next year.
N-06780,ACC-1188,2025-11-04,Leila Haddad,We got the integration working. Their team is back to normal.
N-06781,ACC-1188,2025-12-02,Leila Haddad,Strong QBR. They want to talk about expanding to a second department.
N-06782,ACC-1188,2025-12-29,Leila Haddad,New leadership reviewed the stack and kept us. Told me directly.
N-06783,ACC-1188,2026-01-19,Leila Haddad,Asked about the higher tier. Sending over details.
N-06784,ACC-1188,2026-02-13,Leila Haddad,Strong QBR. They want to talk about expanding to a second department.
N-06785,ACC-1188,2026-02-28,Leila Haddad,"Short call. Reviewed open items, nothing escalated."
N-06786,ACC-1188,2026-03-27,Leila Haddad,Fix shipped. They tested it and closed the ticket themselves.
N-06787,ACC-1188,2026-04-17,Leila Haddad,Asked about the higher tier. Sending over details.
N-06788,ACC-1188,2026-05-03,Leila Haddad,Delivered onboarding for the new hires on their team.
N-06789,ACC-1188,2026-05-31,Leila Haddad,Their second division reached out directly about getting access.
N-06790,ACC-1188,2026-06-18,Leila Haddad,Strong QBR. They want to talk about expanding to a second department.
N-06791,ACC-1188,2026-07-14,Leila Haddad,Brief call with the admin. No issues raised.
N-06792,ACC-1188,2026-07-27,Leila Haddad,They asked what it would take to add 7 more seats.
N-06793,ACC-1188,2026-08-14,Leila Haddad,Monthly check-in. Nothing new to report.
N-06794,ACC-1188,2026-09-03,Leila Haddad,Interest in data retention for a team that is not on the contract yet.
N-06795,ACC-1189,2025-07-06,Nuala Byrne,QBR went well. They presented our numbers to their leadership.
N-06796,ACC-1189,2025-07-23,Nuala Byrne,Their second division reached out directly about getting access.
N-06797,ACC-1189,2025-08-17,Nuala Byrne,Talked through a multi-year option. They want pricing.
N-06798,ACC-1189,2025-09-12,Nuala Byrne,Delivered onboarding for the new hires on their team.
N-06799,ACC-1189,2025-09-25,Nuala Byrne,Requested a feature comparison against Parallax. Sent one.
N-06800,ACC-1189,2025-10-08,Nuala Byrne,Ran a refresher session on dashboards for 10 of their people.
N-06801,ACC-1189,2025-11-03,Nuala Byrne,Interest in SSO for a team that is not on the contract yet.
N-06802,ACC-1189,2025-11-16,Nuala Byrne,Asked me how we compare to Corveo. First time that has come up.
N-06803,ACC-1189,2025-12-10,Nuala Byrne,Delivered onboarding for the new hires on their team.
N-06804,ACC-1189,2025-12-22,Nuala Byrne,Asked about the higher tier. Sending over details.
N-06805,ACC-1189,2026-01-13,Nuala Byrne,Strong QBR. They want to talk about expanding to a second department.
N-06806,ACC-1189,2026-02-02,Nuala Byrne,Brief call with the admin. No issues raised.
N-06807,ACC-1189,2026-02-19,Nuala Byrne,They are considering consolidating onto an in-house build as part of a platform play.
N-06808,ACC-1189,2026-03-04,Nuala Byrne,Delivered onboarding for the new hires on their team.
N-06809,ACC-1189,2026-03-30,Nuala Byrne,Asked about the higher tier. Sending over details.
N-06810,ACC-1189,2026-04-11,Nuala Byrne,Ran a refresher session on the bulk import for 6 of their people.
N-06811,ACC-1189,2026-04-28,Nuala Byrne,They mentioned they are piloting Parallax with one team.
N-06812,ACC-1189,2026-05-11,Nuala Byrne,Delivered onboarding for the new hires on their team.
N-06813,ACC-1189,2026-06-02,Nuala Byrne,We got the integration working. Their team is back to normal.
N-06814,ACC-1189,2026-07-01,Nuala Byrne,We got the integration working. Their team is back to normal.
N-06815,ACC-1189,2026-07-29,Nuala Byrne,Root cause shared with them. They were satisfied with the explanation.
N-06816,ACC-1189,2026-08-12,Nuala Byrne,Escalation closed out. They appreciated the follow-through.
N-06817,ACC-1189,2026-08-30,Nuala Byrne,Delivered onboarding for the new hires on their team.
N-06818,ACC-1190,2025-07-04,Shairyar Khan,"Short call. Reviewed open items, nothing escalated."
N-06819,ACC-1190,2025-07-24,Shairyar Khan,Exec sponsor confirmed budget is protected for next year.
N-06820,ACC-1190,2025-08-13,Shairyar Khan,Fix shipped. They tested it and closed the ticket themselves.
N-06821,ACC-1190,2025-09-05,Shairyar Khan,Business review complete. Rosa Kaminski called out time savings on their team.
N-06822,ACC-1190,2025-09-23,Shairyar Khan,Exec sponsor confirmed budget is protected for next year.
N-06823,ACC-1190,2025-10-14,Shairyar Khan,Brief call with the admin. No issues raised.
N-06824,ACC-1190,2025-10-27,Shairyar Khan,We got the integration working. Their team is back to normal.
N-06825,ACC-1190,2025-11-21,Shairyar Khan,Escalation closed out. They appreciated the follow-through.
N-06826,ACC-1190,2025-12-21,Shairyar Khan,Business review complete. Rosa Kaminski called out time savings on their team.
N-06827,ACC-1190,2026-01-07,Shairyar Khan,Their second division reached out directly about getting access.
N-06828,ACC-1190,2026-01-25,Shairyar Khan,Delivered onboarding for the new hires on their team.
N-06829,ACC-1190,2026-02-14,Shairyar Khan,Strong QBR. They want to talk about expanding to a second department.
N-06830,ACC-1190,2026-03-15,Shairyar Khan,QBR went well. They presented our numbers to their leadership.
N-06831,ACC-1190,2026-03-28,Shairyar Khan,Reviewed the year. They are happy with where adoption landed.
N-06832,ACC-1190,2026-04-21,Shairyar Khan,Monthly check-in. Nothing new to report.
N-06833,ACC-1190,2026-05-13,Shairyar Khan,Good session. Their exec attended and was engaged.
N-06834,ACC-1190,2026-06-12,Shairyar Khan,They included us in their annual planning conversation.
N-06835,ACC-1190,2026-06-28,Shairyar Khan,Sent over the enablement material they asked for.
N-06836,ACC-1190,2026-07-24,Shairyar Khan,Their second division reached out directly about getting access.
N-06837,ACC-1190,2026-08-16,Shairyar Khan,Delivered onboarding for the new hires on their team.
N-06838,ACC-1191,2024-02-01,Caick Moreira,Walked their analysts through the alerting rules. Good engagement.
N-06839,ACC-1191,2024-02-19,Caick Moreira,The data retention issue is resolved. Confirmed with their admin.
N-06840,ACC-1191,2024-03-14,Caick Moreira,Root cause shared with them. They were satisfied with the explanation.
N-06841,ACC-1191,2024-04-10,Caick Moreira,Ran a refresher session on the reporting module for 4 of their people.
N-06842,ACC-1191,2024-04-26,Caick Moreira,Tomas Stroud was promoted and now owns a larger scope. Good for us.
N-06843,ACC-1191,2024-05-23,Caick Moreira,Their CIO joined the call and reiterated this is a strategic system for them.
N-06844,ACC-1191,2024-06-06,Caick Moreira,No response in six weeks. Tried email and LinkedIn.
N-06845,ACC-1191,2024-07-02,Caick Moreira,Tomas Stroud was promoted and now owns a larger scope. Good for us.
N-06846,ACC-1191,2024-07-27,Caick Moreira,They included us in their annual planning conversation.
N-06847,ACC-1191,2024-08-23,Caick Moreira,Sent over the enablement material they asked for.
N-06848,ACC-1191,2024-09-22,Caick Moreira,Walked their analysts through the Salesforce sync. Good engagement.
N-06849,ACC-1191,2024-10-20,Caick Moreira,Tomas Stroud stopped replying after the last pricing conversation.
N-06850,ACC-1191,2024-11-17,Caick Moreira,Third reschedule on the QBR. No new date proposed.
N-06851,ACC-1191,2024-12-05,Caick Moreira,They cancelled the check-in an hour before. No reason given.
N-06852,ACC-1191,2024-12-26,Caick Moreira,We got the integration working. Their team is back to normal.
N-06853,ACC-1191,2025-01-11,Caick Moreira,Fix shipped. They tested it and closed the ticket themselves.
N-06854,ACC-1191,2025-01-27,Caick Moreira,Told me the spend is being questioned above Tomas Stroud's level.
N-06855,ACC-1191,2025-02-09,Caick Moreira,Tomas Stroud was promoted and now owns a larger scope. Good for us.
N-06856,ACC-1191,2025-03-01,Caick Moreira,We got the integration working. Their team is back to normal.
N-06857,ACC-1191,2025-03-13,Caick Moreira,Escalation closed out. They appreciated the follow-through.
N-06858,ACC-1191,2025-03-31,Caick Moreira,The the Salesforce sync issue is resolved. Confirmed with their admin.
N-06859,ACC-1191,2025-04-16,Caick Moreira,Escalation closed out. They appreciated the follow-through.
N-06860,ACC-1191,2025-04-30,Caick Moreira,Fix shipped. They tested it and closed the ticket themselves.
N-06861,ACC-1191,2025-05-18,Caick Moreira,The role permissions issue is resolved. Confirmed with their admin.
N-06862,ACC-1191,2025-06-10,Caick Moreira,"Office hours session. 8 attendees, mostly questions about reporting."
N-06863,ACC-1191,2025-07-06,Caick Moreira,Escalation closed out. They appreciated the follow-through.
N-06864,ACC-1191,2025-08-05,Caick Moreira,Meeting attendance has dropped to one junior person.
N-06865,ACC-1191,2025-08-29,Caick Moreira,They bought for the whole department but adoption never left the pilot team.
N-06866,ACC-1191,2025-09-19,Caick Moreira,QBR went well. They presented our numbers to their leadership.
N-06867,ACC-1191,2025-10-01,Caick Moreira,Escalation closed out. They appreciated the follow-through.
N-06868,ACC-1191,2025-10-16,Caick Moreira,Fix shipped. They tested it and closed the ticket themselves.
N-06869,ACC-1191,2025-11-12,Caick Moreira,Business review complete. Tomas Stroud called out time savings on their team.
N-06870,ACC-1191,2025-11-29,Caick Moreira,The the bulk import issue is resolved. Confirmed with their admin.
N-06871,ACC-1191,2025-12-13,Caick Moreira,Root cause shared with them. They were satisfied with the explanation.
N-06872,ACC-1191,2026-01-08,Caick Moreira,Told me the spend is being questioned above Tomas Stroud's level.
N-06873,ACC-1191,2026-01-25,Caick Moreira,Sent over the enablement material they asked for.
N-06874,ACC-1191,2026-02-12,Caick Moreira,They flagged that procurement now requires justification for anything over the threshold.
N-06875,ACC-1191,2026-03-02,Caick Moreira,Walked their analysts through the bulk import. Good engagement.
N-06876,ACC-1191,2026-03-23,Caick Moreira,We got the integration working. Their team is back to normal.
N-06877,ACC-1191,2026-04-06,Caick Moreira,Walked their analysts through the Salesforce sync. Good engagement.
N-06878,ACC-1191,2026-04-20,Caick Moreira,Delivered onboarding for the new hires on their team.
N-06879,ACC-1191,2026-05-05,Caick Moreira,Tomas Stroud was promoted and now owns a larger scope. Good for us.
N-06880,ACC-1191,2026-06-03,Caick Moreira,Went quiet after the escalation. Not sure who owns us there now.
N-06881,ACC-1191,2026-07-02,Caick Moreira,Root cause shared with them. They were satisfied with the explanation.
N-06882,ACC-1191,2026-07-17,Caick Moreira,The role permissions issue is resolved. Confirmed with their admin.
N-06883,ACC-1191,2026-08-03,Caick Moreira,Tomas Stroud was promoted and now owns a larger scope. Good for us.
N-06884,ACC-1191,2026-08-22,Caick Moreira,Delivered onboarding for the new hires on their team.
N-06885,ACC-1191,2026-09-10,Caick Moreira,They asked what it would take to add 8 more seats.
N-06886,ACC-1192,2023-06-13,Owen Trask,Fix shipped. They tested it and closed the ticket themselves.
N-06887,ACC-1192,2023-06-29,Owen Trask,"Short call. Reviewed open items, nothing escalated."
N-06888,ACC-1192,2023-07-13,Owen Trask,Login activity dropped off after the project lead changed. 12 active this month.
N-06889,ACC-1192,2023-08-06,Owen Trask,Exec sponsor confirmed budget is protected for next year.
N-06890,ACC-1192,2023-08-26,Owen Trask,They bought for the whole department but adoption never left the pilot team.
N-06891,ACC-1192,2023-09-10,Owen Trask,Exec sponsor confirmed budget is protected for next year.
N-06892,ACC-1192,2023-09-30,Owen Trask,Standing check-in held. Team is steady.
N-06893,ACC-1192,2023-10-19,Owen Trask,Strong QBR. They want to talk about expanding to a second department.
N-06894,ACC-1192,2023-11-03,Owen Trask,Sent over the enablement material they asked for.
N-06895,ACC-1192,2023-11-29,Owen Trask,Their team never completed rollout to the second region. 7 users total.
N-06896,ACC-1192,2023-12-25,Owen Trask,Standing check-in held. Team is steady.
N-06897,ACC-1192,2024-01-10,Owen Trask,Standing check-in held. Team is steady.
N-06898,ACC-1192,2024-02-04,Owen Trask,Root cause shared with them. They were satisfied with the explanation.
N-06899,ACC-1192,2024-03-03,Owen Trask,The SSO issue is resolved. Confirmed with their admin.
N-06900,ACC-1192,2024-03-28,Owen Trask,Escalation closed out. They appreciated the follow-through.
N-06901,ACC-1192,2024-04-20,Owen Trask,Root cause shared with them. They were satisfied with the explanation.
N-06902,ACC-1192,2024-05-09,Owen Trask,Asked about the higher tier. Sending over details.
N-06903,ACC-1192,2024-05-29,Owen Trask,"Ran the numbers before the call. 4 active users, down from last quarter."
N-06904,ACC-1192,2024-06-26,Owen Trask,The the mobile app issue is resolved. Confirmed with their admin.
N-06905,ACC-1192,2024-07-18,Owen Trask,Sent over the enablement material they asked for.
N-06906,ACC-1192,2024-07-31,Owen Trask,They included us in their annual planning conversation.
N-06907,ACC-1192,2024-08-29,Owen Trask,Standing check-in held. Team is steady.
N-06908,ACC-1192,2024-09-20,Owen Trask,"Short call. Reviewed open items, nothing escalated."
N-06909,ACC-1192,2024-10-09,Owen Trask,Admin told me most of the team still does this work in spreadsheets.
N-06910,ACC-1192,2024-10-29,Owen Trask,Standing check-in held. Team is steady.
N-06911,ACC-1192,2024-11-14,Owen Trask,Escalation closed out. They appreciated the follow-through.
N-06912,ACC-1192,2024-12-05,Owen Trask,They bought for the whole department but adoption never left the pilot team.
N-06913,ACC-1192,2024-12-17,Owen Trask,Their team never completed rollout to the second region. 14 users total.
N-06914,ACC-1192,2025-01-05,Owen Trask,Their team never completed rollout to the second region. 3 users total.
N-06915,ACC-1192,2025-01-17,Owen Trask,Escalation closed out. They appreciated the follow-through.
N-06916,ACC-1192,2025-01-29,Owen Trask,Walked their analysts through the API. Good engagement.
N-06917,ACC-1192,2025-02-11,Owen Trask,Their team never completed rollout to the second region. 4 users total.
N-06918,ACC-1192,2025-03-13,Owen Trask,They are paying for far more than they use and finance has started to notice.
N-06919,ACC-1192,2025-03-31,Owen Trask,Root cause shared with them. They were satisfied with the explanation.
N-06920,ACC-1192,2025-04-14,Owen Trask,We got the integration working. Their team is back to normal.
N-06921,ACC-1192,2025-04-27,Owen Trask,Business review complete. Leila Kaminski called out time savings on their team.
N-06922,ACC-1192,2025-05-15,Owen Trask,Root cause shared with them. They were satisfied with the explanation.
N-06923,ACC-1192,2025-06-05,Owen Trask,Strong QBR. They want to talk about expanding to a second department.
N-06924,ACC-1192,2025-06-23,Owen Trask,Login activity dropped off after the project lead changed. 7 active this month.
N-06925,ACC-1192,2025-07-07,Owen Trask,Escalation closed out. They appreciated the follow-through.
N-06926,ACC-1192,2025-07-23,Owen Trask,Only 14 of their licensed seats logged in last month.
N-06927,ACC-1192,2025-08-05,Owen Trask,Strong QBR. They want to talk about expanding to a second department.
N-06928,ACC-1192,2025-09-04,Owen Trask,Usage is flat. 13 weekly active users against a much larger contract.
N-06929,ACC-1192,2025-09-22,Owen Trask,Only 10 of their licensed seats logged in last month.
N-06930,ACC-1192,2025-10-08,Owen Trask,Root cause shared with them. They were satisfied with the explanation.
N-06931,ACC-1192,2025-11-01,Owen Trask,Fix shipped. They tested it and closed the ticket themselves.
N-06932,ACC-1192,2025-11-29,Owen Trask,Root cause shared with them. They were satisfied with the explanation.
N-06933,ACC-1192,2025-12-11,Owen Trask,Quick sync with Leila Kaminski. Business as usual.
N-06934,ACC-1192,2025-12-30,Owen Trask,We got the integration working. Their team is back to normal.
N-06935,ACC-1192,2026-01-22,Owen Trask,Walked their analysts through dashboards. Good engagement.
N-06936,ACC-1192,2026-02-05,Owen Trask,Fix shipped. They tested it and closed the ticket themselves.
N-06937,ACC-1192,2026-03-03,Owen Trask,Sent over the enablement material they asked for.
N-06938,ACC-1192,2026-03-15,Owen Trask,Escalation closed out. They appreciated the follow-through.
N-06939,ACC-1192,2026-03-29,Owen Trask,Touched base. They are heads down on their own roadmap right now.
N-06940,ACC-1192,2026-04-11,Owen Trask,Fix shipped. They tested it and closed the ticket themselves.
N-06941,ACC-1192,2026-05-09,Owen Trask,They included us in their annual planning conversation.
N-06942,ACC-1192,2026-05-23,Owen Trask,"Ran the numbers before the call. 10 active users, down from last quarter."
N-06943,ACC-1192,2026-06-09,Owen Trask,Business review complete. Leila Kaminski called out time savings on their team.
N-06944,ACC-1192,2026-06-22,Owen Trask,Exec sponsor confirmed budget is protected for next year.
N-06945,ACC-1192,2026-07-22,Owen Trask,Root cause shared with them. They were satisfied with the explanation.
N-06946,ACC-1192,2026-08-13,Owen Trask,The the mobile app issue is resolved. Confirmed with their admin.
N-06947,ACC-1192,2026-09-03,Owen Trask,Reviewed the year. They are happy with where adoption landed.
N-06948,ACC-1193,2024-08-02,Leila Haddad,Root cause shared with them. They were satisfied with the explanation.
N-06949,ACC-1193,2024-08-18,Leila Haddad,We got the integration working. Their team is back to normal.
N-06950,ACC-1193,2024-08-31,Leila Haddad,Good session. Their exec attended and was engaged.
N-06951,ACC-1193,2024-09-12,Leila Haddad,Delivered onboarding for the new hires on their team.
N-06952,ACC-1193,2024-09-25,Leila Haddad,Interest in the reporting module for a team that is not on the contract yet.
N-06953,ACC-1193,2024-10-21,Leila Haddad,Reviewed the year. They are happy with where adoption landed.
N-06954,ACC-1193,2024-11-06,Leila Haddad,They asked what it would take to add 14 more seats.
N-06955,ACC-1193,2024-12-01,Leila Haddad,Fix shipped. They tested it and closed the ticket themselves.
N-06956,ACC-1193,2024-12-18,Leila Haddad,"Short call. Reviewed open items, nothing escalated."
N-06957,ACC-1193,2025-01-16,Leila Haddad,Ran a refresher session on the Salesforce sync for 6 of their people.
N-06958,ACC-1193,2025-02-10,Leila Haddad,Delivered onboarding for the new hires on their team.
N-06959,ACC-1193,2025-03-05,Leila Haddad,Root cause shared with them. They were satisfied with the explanation.
N-06960,ACC-1193,2025-03-29,Leila Haddad,Talia Barros was promoted and now owns a larger scope. Good for us.
N-06961,ACC-1193,2025-04-28,Leila Haddad,They included us in their annual planning conversation.
N-06962,ACC-1193,2025-05-19,Leila Haddad,"Office hours session. 14 attendees, mostly questions about reporting."
N-06963,ACC-1193,2025-06-14,Leila Haddad,Fix shipped. They tested it and closed the ticket themselves.
N-06964,ACC-1193,2025-07-12,Leila Haddad,Talked through a multi-year option. They want pricing.
N-06965,ACC-1193,2025-08-11,Leila Haddad,Escalation closed out. They appreciated the follow-through.
N-06966,ACC-1193,2025-08-23,Leila Haddad,Exec sponsor confirmed budget is protected for next year.
N-06967,ACC-1193,2025-09-18,Leila Haddad,Exec sponsor confirmed budget is protected for next year.
N-06968,ACC-1193,2025-10-03,Leila Haddad,The data retention issue is resolved. Confirmed with their admin.
N-06969,ACC-1193,2025-10-25,Leila Haddad,They asked what it would take to add 8 more seats.
N-06970,ACC-1193,2025-11-14,Leila Haddad,Exec sponsor confirmed budget is protected for next year.
N-06971,ACC-1193,2025-12-13,Leila Haddad,Reviewed the year. They are happy with where adoption landed.
N-06972,ACC-1193,2026-01-06,Leila Haddad,Fix shipped. They tested it and closed the ticket themselves.
N-06973,ACC-1193,2026-01-27,Leila Haddad,"Office hours session. 14 attendees, mostly questions about reporting."
N-06974,ACC-1193,2026-02-13,Leila Haddad,Talia Barros was promoted and now owns a larger scope. Good for us.
N-06975,ACC-1193,2026-02-28,Leila Haddad,Sent over the enablement material they asked for.
N-06976,ACC-1193,2026-03-21,Leila Haddad,Interest in role permissions for a team that is not on the contract yet.
N-06977,ACC-1193,2026-04-12,Leila Haddad,Touched base. They are heads down on their own roadmap right now.
N-06978,ACC-1193,2026-05-09,Leila Haddad,QBR went well. They presented our numbers to their leadership.
N-06979,ACC-1193,2026-05-29,Leila Haddad,New leadership reviewed the stack and kept us. Told me directly.
N-06980,ACC-1193,2026-06-17,Leila Haddad,Walked their analysts through data retention. Good engagement.
N-06981,ACC-1193,2026-07-01,Leila Haddad,Business review complete. Talia Barros called out time savings on their team.
N-06982,ACC-1193,2026-07-23,Leila Haddad,Exec sponsor confirmed budget is protected for next year.
N-06983,ACC-1193,2026-08-04,Leila Haddad,Monthly check-in. Nothing new to report.
N-06984,ACC-1193,2026-08-25,Leila Haddad,Interest in the API for a team that is not on the contract yet.
N-06985,ACC-1194,2026-02-26,Caick Moreira,Root cause shared with them. They were satisfied with the explanation.
N-06986,ACC-1194,2026-03-10,Caick Moreira,They are paying for far more than they use and finance has started to notice.
N-06987,ACC-1194,2026-04-05,Caick Moreira,Monthly check-in. Nothing new to report.
N-06988,ACC-1194,2026-04-28,Caick Moreira,Escalation closed out. They appreciated the follow-through.
N-06989,ACC-1194,2026-05-18,Caick Moreira,They asked whether we can do a shorter term or a smaller seat count.
N-06990,ACC-1194,2026-06-15,Caick Moreira,Alice Doyle was promoted and now owns a larger scope. Good for us.
N-06991,ACC-1194,2026-07-15,Caick Moreira,Login activity dropped off after the project lead changed. 7 active this month.
N-06992,ACC-1194,2026-08-06,Caick Moreira,Admin told me most of the team still does this work in spreadsheets.
N-06993,ACC-1194,2026-08-19,Caick Moreira,Their second division reached out directly about getting access.
N-06994,ACC-1195,2024-04-03,Leila Haddad,QBR went well. They presented our numbers to their leadership.
N-06995,ACC-1195,2024-04-20,Leila Haddad,Felix Delgado was promoted and now owns a larger scope. Good for us.
N-06996,ACC-1195,2024-05-13,Leila Haddad,"Office hours session. 13 attendees, mostly questions about reporting."
N-06997,ACC-1195,2024-06-07,Leila Haddad,"Office hours session. 8 attendees, mostly questions about reporting."
N-06998,ACC-1195,2024-07-07,Leila Haddad,Their CIO joined the call and reiterated this is a strategic system for them.
N-06999,ACC-1195,2024-07-24,Leila Haddad,The the bulk import issue is resolved. Confirmed with their admin.
N-07000,ACC-1195,2024-08-07,Leila Haddad,Root cause shared with them. They were satisfied with the explanation.
N-07001,ACC-1195,2024-08-31,Leila Haddad,Interest in data retention for a team that is not on the contract yet.
N-07002,ACC-1195,2024-09-18,Leila Haddad,We got the integration working. Their team is back to normal.
N-07003,ACC-1195,2024-10-11,Leila Haddad,Escalation closed out. They appreciated the follow-through.
N-07004,ACC-1195,2024-11-09,Leila Haddad,Exec sponsor confirmed budget is protected for next year.
N-07005,ACC-1195,2024-12-07,Leila Haddad,They flagged that procurement now requires justification for anything over the threshold.
N-07006,ACC-1195,2025-01-03,Leila Haddad,Delivered onboarding for the new hires on their team.
N-07007,ACC-1195,2025-01-22,Leila Haddad,They skipped the business review entirely this cycle.
N-07008,ACC-1195,2025-02-06,Leila Haddad,Asked about downgrade options unprompted.
N-07009,ACC-1195,2025-03-06,Leila Haddad,The the bulk import issue is resolved. Confirmed with their admin.
N-07010,ACC-1195,2025-03-23,Leila Haddad,Four unanswered emails. Going to try their admin.
N-07011,ACC-1195,2025-04-13,Leila Haddad,New VP came in over Felix Delgado's team and is reviewing all vendor relationships.
N-07012,ACC-1195,2025-05-10,Leila Haddad,Their CIO joined the call and reiterated this is a strategic system for them.
N-07013,ACC-1195,2025-06-02,Leila Haddad,Touched base. They are heads down on their own roadmap right now.
N-07014,ACC-1195,2025-07-02,Leila Haddad,"Their CFO asked for a cost per user breakdown. Sent it, waiting."
N-07015,ACC-1195,2025-07-22,Leila Haddad,The the API issue is resolved. Confirmed with their admin.
N-07016,ACC-1195,2025-08-18,Leila Haddad,QBR went well. They presented our numbers to their leadership.
N-07017,ACC-1195,2025-09-14,Leila Haddad,The the bulk import issue is resolved. Confirmed with their admin.
N-07018,ACC-1195,2025-10-03,Leila Haddad,"Office hours session. 2 attendees, mostly questions about reporting."
N-07019,ACC-1195,2025-10-17,Leila Haddad,Sent over the enablement material they asked for.
N-07020,ACC-1195,2025-11-15,Leila Haddad,Ran a refresher session on role permissions for 9 of their people.
N-07021,ACC-1195,2025-11-27,Leila Haddad,Standing check-in held. Team is steady.
N-07022,ACC-1195,2025-12-17,Leila Haddad,Company-wide cost reduction effort. We are on the list being evaluated.
N-07023,ACC-1195,2026-01-08,Leila Haddad,Fix shipped. They tested it and closed the ticket themselves.
N-07024,ACC-1195,2026-01-27,Leila Haddad,The the bulk import issue is resolved. Confirmed with their admin.
N-07025,ACC-1195,2026-02-16,Leila Haddad,Root cause shared with them. They were satisfied with the explanation.
N-07026,ACC-1195,2026-03-04,Leila Haddad,Root cause shared with them. They were satisfied with the explanation.
N-07027,ACC-1195,2026-04-03,Leila Haddad,"Felix Delgado confirmed she is taking a role elsewhere. Asked her who to talk to, she was vague."
N-07028,ACC-1195,2026-04-19,Leila Haddad,Ran a refresher session on the Salesforce sync for 6 of their people.
N-07029,ACC-1195,2026-05-10,Leila Haddad,Talked through a multi-year option. They want pricing.
N-07030,ACC-1195,2026-05-30,Leila Haddad,Talked through a multi-year option. They want pricing.
N-07031,ACC-1195,2026-06-19,Leila Haddad,Reviewed the year. They are happy with where adoption landed.
N-07032,ACC-1195,2026-07-10,Leila Haddad,Fix shipped. They tested it and closed the ticket themselves.
N-07033,ACC-1195,2026-08-01,Leila Haddad,Felix Delgado was promoted and now owns a larger scope. Good for us.
N-07034,ACC-1195,2026-08-15,Leila Haddad,Ran a refresher session on data retention for 3 of their people.
N-07035,ACC-1195,2026-09-03,Leila Haddad,Exec sponsor confirmed budget is protected for next year.
N-07036,ACC-1196,2023-02-21,Shairyar Khan,We got the integration working. Their team is back to normal.
N-07037,ACC-1196,2023-03-09,Shairyar Khan,"Their CFO asked for a cost per user breakdown. Sent it, waiting."
N-07038,ACC-1196,2023-03-27,Shairyar Khan,QBR went well. They presented our numbers to their leadership.
N-07039,ACC-1196,2023-04-12,Shairyar Khan,"Their CFO asked for a cost per user breakdown. Sent it, waiting."
N-07040,ACC-1196,2023-04-26,Shairyar Khan,They asked what it would take to add 5 more seats.
N-07041,ACC-1196,2023-05-13,Shairyar Khan,Asked about downgrade options unprompted.
N-07042,ACC-1196,2023-05-30,Shairyar Khan,Their procurement team has entered the conversation for the first time.
N-07043,ACC-1196,2023-06-25,Shairyar Khan,Alice Ferreira was promoted and now owns a larger scope. Good for us.
N-07044,ACC-1196,2023-07-09,Shairyar Khan,QBR went well. They presented our numbers to their leadership.
N-07045,ACC-1196,2023-08-01,Shairyar Khan,Root cause shared with them. They were satisfied with the explanation.
N-07046,ACC-1196,2023-08-16,Shairyar Khan,Business review complete. Alice Ferreira called out time savings on their team.
N-07047,ACC-1196,2023-09-14,Shairyar Khan,Finance is reviewing every software line item this cycle.
N-07048,ACC-1196,2023-10-02,Shairyar Khan,Escalation closed out. They appreciated the follow-through.
N-07049,ACC-1196,2023-10-23,Shairyar Khan,Layoffs on their side. Seat count is going to come down at renewal.
N-07050,ACC-1196,2023-11-18,Shairyar Khan,They asked whether we can do a shorter term or a smaller seat count.
N-07051,ACC-1196,2023-12-06,Shairyar Khan,They asked whether we can do a shorter term or a smaller seat count.
N-07052,ACC-1196,2023-12-20,Shairyar Khan,Interest in role permissions for a team that is not on the contract yet.
N-07053,ACC-1196,2024-01-08,Shairyar Khan,Finance is reviewing every software line item this cycle.
N-07054,ACC-1196,2024-01-28,Shairyar Khan,Root cause shared with them. They were satisfied with the explanation.
N-07055,ACC-1196,2024-02-13,Shairyar Khan,Told me the spend is being questioned above Alice Ferreira's level.
N-07056,ACC-1196,2024-03-13,Shairyar Khan,Their CIO joined the call and reiterated this is a strategic system for them.
N-07057,ACC-1196,2024-03-28,Shairyar Khan,Fix shipped. They tested it and closed the ticket themselves.
N-07058,ACC-1196,2024-04-18,Shairyar Khan,"Short call. Reviewed open items, nothing escalated."
N-07059,ACC-1196,2024-05-02,Shairyar Khan,Alice Ferreira was promoted and now owns a larger scope. Good for us.
N-07060,ACC-1196,2024-06-01,Shairyar Khan,QBR went well. They presented our numbers to their leadership.
N-07061,ACC-1196,2024-06-14,Shairyar Khan,Monthly check-in. Nothing new to report.
N-07062,ACC-1196,2024-06-26,Shairyar Khan,They asked what it would take to add 5 more seats.
N-07063,ACC-1196,2024-07-11,Shairyar Khan,Talked through a multi-year option. They want pricing.
N-07064,ACC-1196,2024-07-23,Shairyar Khan,Their procurement team has entered the conversation for the first time.
N-07065,ACC-1196,2024-08-11,Shairyar Khan,Interest in the Salesforce sync for a team that is not on the contract yet.
N-07066,ACC-1196,2024-08-25,Shairyar Khan,Good session. Their exec attended and was engaged.
N-07067,ACC-1196,2024-09-07,Shairyar Khan,Root cause shared with them. They were satisfied with the explanation.
N-07068,ACC-1196,2024-09-25,Shairyar Khan,Interest in the API for a team that is not on the contract yet.
N-07069,ACC-1196,2024-10-11,Shairyar Khan,Brief call with the admin. No issues raised.
N-07070,ACC-1196,2024-10-27,Shairyar Khan,The the reporting module issue is resolved. Confirmed with their admin.
N-07071,ACC-1196,2024-11-22,Shairyar Khan,Walked their analysts through SSO. Good engagement.
N-07072,ACC-1196,2024-12-09,Shairyar Khan,Talked through a multi-year option. They want pricing.
N-07073,ACC-1196,2024-12-28,Shairyar Khan,Touched base. They are heads down on their own roadmap right now.
N-07074,ACC-1196,2025-01-10,Shairyar Khan,Budget freeze announced internally. Renewals are being looked at individually.
N-07075,ACC-1196,2025-01-28,Shairyar Khan,Reviewed the year. They are happy with where adoption landed.
N-07076,ACC-1196,2025-02-13,Shairyar Khan,Company-wide cost reduction effort. We are on the list being evaluated.
N-07077,ACC-1196,2025-03-11,Shairyar Khan,Strong QBR. They want to talk about expanding to a second department.
N-07078,ACC-1196,2025-03-28,Shairyar Khan,Talked through a multi-year option. They want pricing.
N-07079,ACC-1196,2025-04-23,Shairyar Khan,"Office hours session. 12 attendees, mostly questions about reporting."
N-07080,ACC-1196,2025-05-17,Shairyar Khan,They asked whether we can do a shorter term or a smaller seat count.
N-07081,ACC-1196,2025-06-01,Shairyar Khan,We got the integration working. Their team is back to normal.
N-07082,ACC-1196,2025-06-24,Shairyar Khan,They flagged that procurement now requires justification for anything over the threshold.
N-07083,ACC-1196,2025-07-11,Shairyar Khan,Told me the spend is being questioned above Alice Ferreira's level.
N-07084,ACC-1196,2025-08-06,Shairyar Khan,Root cause shared with them. They were satisfied with the explanation.
N-07085,ACC-1196,2025-09-03,Shairyar Khan,Root cause shared with them. They were satisfied with the explanation.
N-07086,ACC-1196,2025-09-22,Shairyar Khan,Root cause shared with them. They were satisfied with the explanation.
N-07087,ACC-1196,2025-10-18,Shairyar Khan,We got the integration working. Their team is back to normal.
N-07088,ACC-1196,2025-11-08,Shairyar Khan,The the bulk import issue is resolved. Confirmed with their admin.
N-07089,ACC-1196,2025-12-06,Shairyar Khan,Told me the spend is being questioned above Alice Ferreira's level.
N-07090,ACC-1196,2026-01-05,Shairyar Khan,They included us in their annual planning conversation.
N-07091,ACC-1196,2026-01-30,Shairyar Khan,Walked their analysts through the reporting module. Good engagement.
N-07092,ACC-1196,2026-02-27,Shairyar Khan,Their procurement team has entered the conversation for the first time.
N-07093,ACC-1196,2026-03-19,Shairyar Khan,Root cause shared with them. They were satisfied with the explanation.
N-07094,ACC-1196,2026-04-09,Shairyar Khan,Root cause shared with them. They were satisfied with the explanation.
N-07095,ACC-1196,2026-04-26,Shairyar Khan,Finance is reviewing every software line item this cycle.
N-07096,ACC-1196,2026-05-19,Shairyar Khan,Walked their analysts through the alerting rules. Good engagement.
N-07097,ACC-1196,2026-06-11,Shairyar Khan,Ran a refresher session on role permissions for 3 of their people.
N-07098,ACC-1196,2026-06-30,Shairyar Khan,Escalation closed out. They appreciated the follow-through.
N-07099,ACC-1196,2026-07-15,Shairyar Khan,Root cause shared with them. They were satisfied with the explanation.
N-07100,ACC-1196,2026-07-28,Shairyar Khan,Told me the spend is being questioned above Alice Ferreira's level.
N-07101,ACC-1196,2026-08-16,Shairyar Khan,Finance is reviewing every software line item this cycle.
N-07102,ACC-1196,2026-08-30,Shairyar Khan,"Office hours session. 9 attendees, mostly questions about reporting."
N-07103,ACC-1197,2026-01-05,Shairyar Khan,Interest in the bulk import for a team that is not on the contract yet.
N-07104,ACC-1197,2026-01-20,Shairyar Khan,"Office hours session. 4 attendees, mostly questions about reporting."
N-07105,ACC-1197,2026-02-16,Shairyar Khan,Monthly check-in. Nothing new to report.
N-07106,ACC-1197,2026-03-14,Shairyar Khan,Root cause shared with them. They were satisfied with the explanation.
N-07107,ACC-1197,2026-04-11,Shairyar Khan,Company-wide cost reduction effort. We are on the list being evaluated.
N-07108,ACC-1197,2026-04-23,Shairyar Khan,Escalation closed out. They appreciated the follow-through.
N-07109,ACC-1197,2026-05-05,Shairyar Khan,Monthly check-in. Nothing new to report.
N-07110,ACC-1197,2026-05-20,Shairyar Khan,Their procurement team has entered the conversation for the first time.
N-07111,ACC-1197,2026-06-11,Shairyar Khan,They flagged that procurement now requires justification for anything over the threshold.
N-07112,ACC-1197,2026-07-05,Shairyar Khan,Root cause shared with them. They were satisfied with the explanation.
N-07113,ACC-1197,2026-07-29,Shairyar Khan,Exec sponsor confirmed budget is protected for next year.
N-07114,ACC-1197,2026-08-19,Shairyar Khan,We got the integration working. Their team is back to normal.
N-07115,ACC-1197,2026-09-04,Shairyar Khan,Exec sponsor confirmed budget is protected for next year.
N-07116,ACC-1198,2025-09-26,Brittney Cole,The the reporting module issue is resolved. Confirmed with their admin.
N-07117,ACC-1198,2025-10-12,Brittney Cole,Good session. Their exec attended and was engaged.
N-07118,ACC-1198,2025-10-25,Brittney Cole,Fix shipped. They tested it and closed the ticket themselves.
N-07119,ACC-1198,2025-11-10,Brittney Cole,Good session. Their exec attended and was engaged.
N-07120,ACC-1198,2025-12-06,Brittney Cole,QBR went well. They presented our numbers to their leadership.
N-07121,ACC-1198,2025-12-26,Brittney Cole,Fix shipped. They tested it and closed the ticket themselves.
N-07122,ACC-1198,2026-01-14,Brittney Cole,Told me the spend is being questioned above Ingrid Barros's level.
N-07123,ACC-1198,2026-02-10,Brittney Cole,Delivered onboarding for the new hires on their team.
N-07124,ACC-1198,2026-03-06,Brittney Cole,Layoffs on their side. Seat count is going to come down at renewal.
N-07125,ACC-1198,2026-03-21,Brittney Cole,Their second division reached out directly about getting access.
N-07126,ACC-1198,2026-04-07,Brittney Cole,Their procurement team has entered the conversation for the first time.
N-07127,ACC-1198,2026-04-20,Brittney Cole,Layoffs on their side. Seat count is going to come down at renewal.
N-07128,ACC-1198,2026-05-20,Brittney Cole,Their second division reached out directly about getting access.
N-07129,ACC-1198,2026-06-02,Brittney Cole,Root cause shared with them. They were satisfied with the explanation.
N-07130,ACC-1198,2026-06-16,Brittney Cole,Reviewed the year. They are happy with where adoption landed.
N-07131,ACC-1198,2026-07-08,Brittney Cole,Good session. Their exec attended and was engaged.
N-07132,ACC-1198,2026-07-31,Brittney Cole,Quick sync with Ingrid Barros. Business as usual.
N-07133,ACC-1198,2026-08-18,Brittney Cole,Root cause shared with them. They were satisfied with the explanation.
N-07134,ACC-1199,2024-03-16,Brittney Cole,Strong QBR. They want to talk about expanding to a second department.
N-07135,ACC-1199,2024-04-06,Brittney Cole,Reviewed the year. They are happy with where adoption landed.
N-07136,ACC-1199,2024-04-26,Brittney Cole,The SSO issue is resolved. Confirmed with their admin.
N-07137,ACC-1199,2024-05-11,Brittney Cole,We got the integration working. Their team is back to normal.
N-07138,ACC-1199,2024-06-03,Brittney Cole,Root cause shared with them. They were satisfied with the explanation.
N-07139,ACC-1199,2024-06-22,Brittney Cole,Fix shipped. They tested it and closed the ticket themselves.
N-07140,ACC-1199,2024-07-17,Brittney Cole,Fix shipped. They tested it and closed the ticket themselves.
N-07141,ACC-1199,2024-08-13,Brittney Cole,Fix shipped. They tested it and closed the ticket themselves.
N-07142,ACC-1199,2024-09-11,Brittney Cole,"Ran the numbers before the call. 3 active users, down from last quarter."
N-07143,ACC-1199,2024-09-25,Brittney Cole,They asked what it would take to add 3 more seats.
N-07144,ACC-1199,2024-10-10,Brittney Cole,Their CIO joined the call and reiterated this is a strategic system for them.
N-07145,ACC-1199,2024-10-24,Brittney Cole,Sent over the enablement material they asked for.
N-07146,ACC-1199,2024-11-22,Brittney Cole,Talked through a multi-year option. They want pricing.
N-07147,ACC-1199,2024-12-06,Brittney Cole,Talked through a multi-year option. They want pricing.
N-07148,ACC-1199,2024-12-22,Brittney Cole,Data quality issues on their side keep surfacing as complaints about us.
N-07149,ACC-1199,2025-01-05,Brittney Cole,Their IT team is blocking the SSO change we need for rollout.
N-07150,ACC-1199,2025-01-21,Brittney Cole,The the mobile app issue is resolved. Confirmed with their admin.
N-07151,ACC-1199,2025-02-20,Brittney Cole,They want us to match a workflow that our product does not support.
N-07152,ACC-1199,2025-03-20,Brittney Cole,They bought for the whole department but adoption never left the pilot team.
N-07153,ACC-1199,2025-04-08,Brittney Cole,Escalation closed out. They appreciated the follow-through.
N-07154,ACC-1199,2025-04-21,Brittney Cole,Root cause shared with them. They were satisfied with the explanation.
N-07155,ACC-1199,2025-05-06,Brittney Cole,Nobody outside the original two users has touched SSO since onboarding.
N-07156,ACC-1199,2025-05-25,Brittney Cole,Their IT team is blocking the SSO change we need for rollout.
N-07157,ACC-1199,2025-06-12,Brittney Cole,Root cause shared with them. They were satisfied with the explanation.
N-07158,ACC-1199,2025-07-03,Brittney Cole,Root cause shared with them. They were satisfied with the explanation.
N-07159,ACC-1199,2025-07-26,Brittney Cole,Business review complete. Anya Hollis called out time savings on their team.
N-07160,ACC-1199,2025-08-11,Brittney Cole,Interest in the mobile app for a team that is not on the contract yet.
N-07161,ACC-1199,2025-09-06,Brittney Cole,New leadership reviewed the stack and kept us. Told me directly.
N-07162,ACC-1199,2025-09-27,Brittney Cole,Brief call with the admin. No issues raised.
N-07163,ACC-1199,2025-10-09,Brittney Cole,the API is slow at their data volume and they have said so repeatedly.
N-07164,ACC-1199,2025-11-05,Brittney Cole,Strong QBR. They want to talk about expanding to a second department.
N-07165,ACC-1199,2025-11-18,Brittney Cole,New leadership reviewed the stack and kept us. Told me directly.
N-07166,ACC-1199,2025-12-13,Brittney Cole,Delivered onboarding for the new hires on their team.
N-07167,ACC-1199,2025-12-25,Brittney Cole,"Seat utilization is under a third. Raised it, they acknowledged and moved on."
N-07168,ACC-1199,2026-01-16,Brittney Cole,Escalation closed out. They appreciated the follow-through.
N-07169,ACC-1199,2026-02-12,Brittney Cole,Fix shipped. They tested it and closed the ticket themselves.
N-07170,ACC-1199,2026-03-07,Brittney Cole,Monthly check-in. Nothing new to report.
N-07171,ACC-1199,2026-03-22,Brittney Cole,Data quality issues on their side keep surfacing as complaints about us.
N-07172,ACC-1199,2026-04-09,Brittney Cole,Fix shipped. They tested it and closed the ticket themselves.
N-07173,ACC-1199,2026-04-26,Brittney Cole,"Seat utilization is under a third. Raised it, they acknowledged and moved on."
N-07174,ACC-1199,2026-05-17,Brittney Cole,Configuration drifted and nobody on their side owns it now.
N-07175,ACC-1199,2026-05-31,Brittney Cole,"Seat utilization is under a third. Raised it, they acknowledged and moved on."
N-07176,ACC-1199,2026-06-20,Brittney Cole,Walked their analysts through SSO. Good engagement.
N-07177,ACC-1199,2026-07-17,Brittney Cole,Their IT team is blocking the SSO change we need for rollout.
N-07178,ACC-1199,2026-08-11,Brittney Cole,Only 8 of their licensed seats logged in last month.
N-07179,ACC-1199,2026-09-09,Brittney Cole,They included us in their annual planning conversation.
N-07180,ACC-1200,2024-11-04,Brittney Cole,Interest in data retention for a team that is not on the contract yet.
N-07181,ACC-1200,2024-11-27,Brittney Cole,Their second division reached out directly about getting access.
N-07182,ACC-1200,2024-12-26,Brittney Cole,We got the integration working. Their team is back to normal.
N-07183,ACC-1200,2025-01-16,Brittney Cole,Good session. Their exec attended and was engaged.
N-07184,ACC-1200,2025-01-30,Brittney Cole,Asked about the higher tier. Sending over details.
N-07185,ACC-1200,2025-02-16,Brittney Cole,Ran a refresher session on role permissions for 13 of their people.
N-07186,ACC-1200,2025-02-28,Brittney Cole,Interest in the bulk import for a team that is not on the contract yet.
N-07187,ACC-1200,2025-03-23,Brittney Cole,They included us in their annual planning conversation.
N-07188,ACC-1200,2025-04-06,Brittney Cole,Reviewed the year. They are happy with where adoption landed.
N-07189,ACC-1200,2025-04-19,Brittney Cole,Fix shipped. They tested it and closed the ticket themselves.
N-07190,ACC-1200,2025-05-10,Brittney Cole,Escalation closed out. They appreciated the follow-through.
N-07191,ACC-1200,2025-05-22,Brittney Cole,Escalation closed out. They appreciated the follow-through.
N-07192,ACC-1200,2025-06-18,Brittney Cole,QBR went well. They presented our numbers to their leadership.
N-07193,ACC-1200,2025-07-11,Brittney Cole,Raj Mbeki was promoted and now owns a larger scope. Good for us.
N-07194,ACC-1200,2025-07-29,Brittney Cole,Business review complete. Raj Mbeki called out time savings on their team.
N-07195,ACC-1200,2025-08-11,Brittney Cole,Escalation closed out. They appreciated the follow-through.
N-07196,ACC-1200,2025-09-04,Brittney Cole,They asked what it would take to add 2 more seats.
N-07197,ACC-1200,2025-09-30,Brittney Cole,Their second division reached out directly about getting access.
N-07198,ACC-1200,2025-10-30,Brittney Cole,QBR went well. They presented our numbers to their leadership.
N-07199,ACC-1200,2025-11-13,Brittney Cole,Asked about the higher tier. Sending over details.
N-07200,ACC-1200,2025-12-01,Brittney Cole,Reviewed the year. They are happy with where adoption landed.
N-07201,ACC-1200,2025-12-21,Brittney Cole,Escalation closed out. They appreciated the follow-through.
N-07202,ACC-1200,2026-01-20,Brittney Cole,Good session. Their exec attended and was engaged.
N-07203,ACC-1200,2026-02-13,Brittney Cole,Monthly check-in. Nothing new to report.
N-07204,ACC-1200,2026-03-12,Brittney Cole,Fix shipped. They tested it and closed the ticket themselves.
N-07205,ACC-1200,2026-04-11,Brittney Cole,"Office hours session. 3 attendees, mostly questions about reporting."
N-07206,ACC-1200,2026-05-09,Brittney Cole,Sent over the enablement material they asked for.
N-07207,ACC-1200,2026-06-05,Brittney Cole,Ran a refresher session on the mobile app for 2 of their people.
N-07208,ACC-1200,2026-06-20,Brittney Cole,"Short call. Reviewed open items, nothing escalated."
N-07209,ACC-1200,2026-07-02,Brittney Cole,Standing check-in held. Team is steady.
N-07210,ACC-1200,2026-07-24,Brittney Cole,"Office hours session. 11 attendees, mostly questions about reporting."
N-07211,ACC-1200,2026-08-07,Brittney Cole,Root cause shared with them. They were satisfied with the explanation.
N-07212,ACC-1200,2026-08-22,Brittney Cole,Their second division reached out directly about getting access.
N-07213,ACC-1201,2026-05-27,Shairyar Khan,Exec sponsor confirmed budget is protected for next year.
N-07214,ACC-1201,2026-06-11,Shairyar Khan,"Office hours session. 14 attendees, mostly questions about reporting."
N-07215,ACC-1201,2026-07-04,Shairyar Khan,"Office hours session. 3 attendees, mostly questions about reporting."
N-07216,ACC-1201,2026-07-18,Shairyar Khan,Walked their analysts through role permissions. Good engagement.
N-07217,ACC-1201,2026-08-09,Shairyar Khan,Sent over the enablement material they asked for.
N-07218,ACC-1201,2026-09-05,Shairyar Khan,Strong QBR. They want to talk about expanding to a second department.
N-07219,ACC-1202,2024-11-03,Owen Trask,Walked their analysts through the bulk import. Good engagement.
N-07220,ACC-1202,2024-11-24,Owen Trask,We got the integration working. Their team is back to normal.
N-07221,ACC-1202,2024-12-22,Owen Trask,Talked through a multi-year option. They want pricing.
N-07222,ACC-1202,2025-01-13,Owen Trask,Good session. Their exec attended and was engaged.
N-07223,ACC-1202,2025-02-09,Owen Trask,Tomas Stroud was promoted and now owns a larger scope. Good for us.
N-07224,ACC-1202,2025-03-03,Owen Trask,Their second division reached out directly about getting access.
N-07225,ACC-1202,2025-03-26,Owen Trask,Touched base. They are heads down on their own roadmap right now.
N-07226,ACC-1202,2025-04-19,Owen Trask,Exec sponsor confirmed budget is protected for next year.
N-07227,ACC-1202,2025-05-19,Owen Trask,Fix shipped. They tested it and closed the ticket themselves.
N-07228,ACC-1202,2025-06-15,Owen Trask,Quick sync with Tomas Stroud. Business as usual.
N-07229,ACC-1202,2025-07-07,Owen Trask,Root cause shared with them. They were satisfied with the explanation.
N-07230,ACC-1202,2025-07-19,Owen Trask,Interest in role permissions for a team that is not on the contract yet.
N-07231,ACC-1202,2025-08-11,Owen Trask,Ran a refresher session on the Salesforce sync for 12 of their people.
N-07232,ACC-1202,2025-08-24,Owen Trask,Tomas Stroud was promoted and now owns a larger scope. Good for us.
N-07233,ACC-1202,2025-09-20,Owen Trask,QBR went well. They presented our numbers to their leadership.
N-07234,ACC-1202,2025-10-08,Owen Trask,Brief call with the admin. No issues raised.
N-07235,ACC-1202,2025-10-21,Owen Trask,Walked their analysts through data retention. Good engagement.
N-07236,ACC-1202,2025-11-09,Owen Trask,Tomas Stroud was promoted and now owns a larger scope. Good for us.
N-07237,ACC-1202,2025-11-27,Owen Trask,Ran a refresher session on the API for 12 of their people.
N-07238,ACC-1202,2025-12-09,Owen Trask,Talked through a multi-year option. They want pricing.
N-07239,ACC-1202,2026-01-06,Owen Trask,Asked about the higher tier. Sending over details.
N-07240,ACC-1202,2026-02-03,Owen Trask,Strong QBR. They want to talk about expanding to a second department.
N-07241,ACC-1202,2026-02-26,Owen Trask,Exec sponsor confirmed budget is protected for next year.
N-07242,ACC-1202,2026-03-12,Owen Trask,They included us in their annual planning conversation.
N-07243,ACC-1202,2026-03-25,Owen Trask,Tomas Stroud was promoted and now owns a larger scope. Good for us.
N-07244,ACC-1202,2026-04-17,Owen Trask,Tomas Stroud was promoted and now owns a larger scope. Good for us.
N-07245,ACC-1202,2026-05-15,Owen Trask,Asked about the higher tier. Sending over details.
N-07246,ACC-1202,2026-06-14,Owen Trask,Ran a refresher session on the bulk import for 4 of their people.
N-07247,ACC-1202,2026-07-08,Owen Trask,QBR went well. They presented our numbers to their leadership.
N-07248,ACC-1202,2026-07-24,Owen Trask,Touched base. They are heads down on their own roadmap right now.
N-07249,ACC-1202,2026-08-19,Owen Trask,QBR went well. They presented our numbers to their leadership.
N-07250,ACC-1202,2026-09-05,Owen Trask,Good session. Their exec attended and was engaged.
N-07251,ACC-1203,2025-09-06,Owen Trask,Monthly check-in. Nothing new to report.
N-07252,ACC-1203,2025-10-06,Owen Trask,Strong QBR. They want to talk about expanding to a second department.
N-07253,ACC-1203,2025-11-04,Owen Trask,Quick sync with Malik Ferreira. Business as usual.
N-07254,ACC-1203,2025-11-28,Owen Trask,Fix shipped. They tested it and closed the ticket themselves.
N-07255,ACC-1203,2025-12-20,Owen Trask,Touched base. They are heads down on their own roadmap right now.
N-07256,ACC-1203,2026-01-07,Owen Trask,Malik Ferreira was promoted and now owns a larger scope. Good for us.
N-07257,ACC-1203,2026-02-06,Owen Trask,Escalation closed out. They appreciated the follow-through.
N-07258,ACC-1203,2026-02-19,Owen Trask,Good session. Their exec attended and was engaged.
N-07259,ACC-1203,2026-03-03,Owen Trask,QBR went well. They presented our numbers to their leadership.
N-07260,ACC-1203,2026-03-27,Owen Trask,Delivered onboarding for the new hires on their team.
N-07261,ACC-1203,2026-04-10,Owen Trask,Fix shipped. They tested it and closed the ticket themselves.
N-07262,ACC-1203,2026-05-06,Owen Trask,New leadership reviewed the stack and kept us. Told me directly.
N-07263,ACC-1203,2026-05-20,Owen Trask,Asked about the higher tier. Sending over details.
N-07264,ACC-1203,2026-06-06,Owen Trask,"Short call. Reviewed open items, nothing escalated."
N-07265,ACC-1203,2026-07-05,Owen Trask,Brief call with the admin. No issues raised.
N-07266,ACC-1203,2026-07-27,Owen Trask,We got the integration working. Their team is back to normal.
N-07267,ACC-1203,2026-08-15,Owen Trask,The data retention issue is resolved. Confirmed with their admin.
N-07268,ACC-1203,2026-08-29,Owen Trask,Talked through a multi-year option. They want pricing.
N-07269,ACC-1204,2025-03-05,Leila Haddad,"Short call. Reviewed open items, nothing escalated."
N-07270,ACC-1204,2025-03-30,Leila Haddad,Interest in the Salesforce sync for a team that is not on the contract yet.
N-07271,ACC-1204,2025-04-22,Leila Haddad,Their second division reached out directly about getting access.
N-07272,ACC-1204,2025-05-09,Leila Haddad,Layoffs on their side. Seat count is going to come down at renewal.
N-07273,ACC-1204,2025-06-05,Leila Haddad,"Heads up, Mei Nakamura is leaving at the end of the month. She was our main advocate here."
N-07274,ACC-1204,2025-07-01,Leila Haddad,Interest in dashboards for a team that is not on the contract yet.
N-07275,ACC-1204,2025-07-18,Leila Haddad,Business review complete. Mei Nakamura called out time savings on their team.
N-07276,ACC-1204,2025-08-16,Leila Haddad,Company-wide cost reduction effort. We are on the list being evaluated.
N-07277,ACC-1204,2025-09-15,Leila Haddad,Their procurement team has entered the conversation for the first time.
N-07278,ACC-1204,2025-10-06,Leila Haddad,Found out Mei Nakamura put in notice. Trying to get introduced to whoever picks this up.
N-07279,ACC-1205,2024-05-13,Leila Haddad,Exec sponsor confirmed budget is protected for next year.
N-07280,ACC-1205,2024-06-05,Leila Haddad,Asked about the higher tier. Sending over details.
N-07281,ACC-1205,2024-07-02,Leila Haddad,Business review complete. Yusuf Doyle called out time savings on their team.
N-07282,ACC-1205,2024-07-22,Leila Haddad,Ran a refresher session on the bulk import for 4 of their people.
N-07283,ACC-1205,2024-08-07,Leila Haddad,Sync failures every week. Their admin is the one absorbing the pain.
N-07284,ACC-1205,2024-08-23,Leila Haddad,Their IT team is blocking the SSO change we need for rollout.
N-07285,ACC-1205,2024-09-04,Leila Haddad,Strong QBR. They want to talk about expanding to a second department.
N-07286,ACC-1205,2024-09-25,Leila Haddad,We got the integration working. Their team is back to normal.
N-07287,ACC-1205,2024-10-15,Leila Haddad,Sent over the enablement material they asked for.
N-07288,ACC-1205,2024-11-11,Leila Haddad,Fix shipped. They tested it and closed the ticket themselves.
N-07289,ACC-1205,2024-12-09,Leila Haddad,Brief call with the admin. No issues raised.
N-07290,ACC-1205,2025-01-02,Leila Haddad,Fix shipped. They tested it and closed the ticket themselves.
N-07291,ACC-1205,2025-01-20,Leila Haddad,Asked about the higher tier. Sending over details.
N-07292,ACC-1205,2025-02-13,Leila Haddad,Walked their analysts through the Salesforce sync. Good engagement.
N-07293,ACC-1205,2025-03-14,Leila Haddad,Their CIO joined the call and reiterated this is a strategic system for them.
N-07294,ACC-1205,2025-03-30,Leila Haddad,Their team never completed rollout to the second region. 10 users total.
N-07295,ACC-1205,2025-04-26,Leila Haddad,They do not have the internal engineering capacity to finish the integration.
N-07296,ACC-1205,2025-05-24,Leila Haddad,the reporting module is slow at their data volume and they have said so repeatedly.
N-07297,ACC-1205,2025-06-11,Leila Haddad,Sent over the enablement material they asked for.
N-07298,ACC-1205,2025-07-05,Leila Haddad,"Office hours session. 10 attendees, mostly questions about reporting."
N-07299,ACC-1205,2025-07-19,Leila Haddad,Their second division reached out directly about getting access.
N-07300,ACC-1205,2025-08-14,Leila Haddad,Root cause shared with them. They were satisfied with the explanation.
N-07301,ACC-1205,2025-08-28,Leila Haddad,Root cause shared with them. They were satisfied with the explanation.
N-07302,ACC-1205,2025-09-25,Leila Haddad,Yusuf Doyle was promoted and now owns a larger scope. Good for us.
N-07303,ACC-1205,2025-10-13,Leila Haddad,We got the integration working. Their team is back to normal.
N-07304,ACC-1205,2025-11-06,Leila Haddad,"Ran the numbers before the call. 10 active users, down from last quarter."
N-07305,ACC-1205,2025-12-03,Leila Haddad,Standing check-in held. Team is steady.
N-07306,ACC-1205,2026-01-01,Leila Haddad,Quick sync with Yusuf Doyle. Business as usual.
N-07307,ACC-1205,2026-01-13,Leila Haddad,Interest in the Salesforce sync for a team that is not on the contract yet.
N-07308,ACC-1205,2026-01-31,Leila Haddad,"Office hours session. 2 attendees, mostly questions about reporting."
N-07309,ACC-1205,2026-02-26,Leila Haddad,The the alerting rules setup has never worked the way they expected.
N-07310,ACC-1205,2026-03-10,Leila Haddad,They want us to match a workflow that our product does not support.
N-07311,ACC-1205,2026-04-01,Leila Haddad,Touched base. They are heads down on their own roadmap right now.
N-07312,ACC-1205,2026-04-27,Leila Haddad,Exec sponsor confirmed budget is protected for next year.
N-07313,ACC-1205,2026-05-18,Leila Haddad,Talked through a multi-year option. They want pricing.
N-07314,ACC-1205,2026-05-31,Leila Haddad,New leadership reviewed the stack and kept us. Told me directly.
N-07315,ACC-1205,2026-06-16,Leila Haddad,Their IT team is blocking the SSO change we need for rollout.
N-07316,ACC-1205,2026-07-08,Leila Haddad,The SSO issue is resolved. Confirmed with their admin.
N-07317,ACC-1205,2026-07-20,Leila Haddad,Their role permissions integration broke again during their data load.
N-07318,ACC-1205,2026-08-16,Leila Haddad,Root cause shared with them. They were satisfied with the explanation.
N-07319,ACC-1205,2026-08-29,Leila Haddad,Escalation closed out. They appreciated the follow-through.
N-07320,ACC-1205,2026-09-10,Leila Haddad,Configuration drifted and nobody on their side owns it now.
N-07321,ACC-1206,2025-09-23,Brittney Cole,the mobile app is slow at their data volume and they have said so repeatedly.
N-07322,ACC-1206,2025-10-21,Brittney Cole,Yusuf Okafor was promoted and now owns a larger scope. Good for us.
N-07323,ACC-1206,2025-11-10,Brittney Cole,Business review complete. Yusuf Okafor called out time savings on their team.
N-07324,ACC-1206,2025-11-25,Brittney Cole,They included us in their annual planning conversation.
N-07325,ACC-1206,2025-12-25,Brittney Cole,Their second division reached out directly about getting access.
N-07326,ACC-1206,2026-01-13,Brittney Cole,They included us in their annual planning conversation.
N-07327,ACC-1206,2026-02-05,Brittney Cole,Asked about the higher tier. Sending over details.
N-07328,ACC-1206,2026-03-02,Brittney Cole,The SSO issue is resolved. Confirmed with their admin.
N-07329,ACC-1206,2026-03-29,Brittney Cole,Data quality issues on their side keep surfacing as complaints about us.
N-07330,ACC-1206,2026-04-22,Brittney Cole,Yusuf Okafor was promoted and now owns a larger scope. Good for us.
N-07331,ACC-1206,2026-05-08,Brittney Cole,New leadership reviewed the stack and kept us. Told me directly.
N-07332,ACC-1206,2026-06-07,Brittney Cole,Fix shipped. They tested it and closed the ticket themselves.
N-07333,ACC-1206,2026-06-23,Brittney Cole,Their role permissions integration broke again during their data load.
N-07334,ACC-1206,2026-07-22,Brittney Cole,Their CIO joined the call and reiterated this is a strategic system for them.
N-07335,ACC-1206,2026-08-11,Brittney Cole,Root cause shared with them. They were satisfied with the explanation.
N-07336,ACC-1206,2026-09-09,Brittney Cole,Their IT team is blocking the SSO change we need for rollout.
N-07337,ACC-1207,2024-05-10,Owen Trask,"Office hours session. 6 attendees, mostly questions about reporting."
N-07338,ACC-1207,2024-06-07,Owen Trask,Touched base. They are heads down on their own roadmap right now.
N-07339,ACC-1207,2024-06-26,Owen Trask,Still waiting on the fix for role permissions. This has been open for weeks.
N-07340,ACC-1207,2024-07-26,Owen Trask,We got the integration working. Their team is back to normal.
N-07341,ACC-1207,2024-08-10,Owen Trask,They are frustrated. the reporting module broke again during their month-end close.
N-07342,ACC-1207,2024-09-03,Owen Trask,They asked what it would take to add 7 more seats.
N-07343,ACC-1207,2024-09-15,Owen Trask,Escalation closed out. They appreciated the follow-through.
N-07344,ACC-1207,2024-10-12,Owen Trask,Asked about the higher tier. Sending over details.
N-07345,ACC-1207,2024-11-02,Owen Trask,Fix shipped. They tested it and closed the ticket themselves.
N-07346,ACC-1207,2024-11-18,Owen Trask,Nora Hollis asked me directly whether this is ever going to be fixed.
N-07347,ACC-1207,2024-11-30,Owen Trask,They asked whether we can do a shorter term or a smaller seat count.
N-07348,ACC-1207,2024-12-21,Owen Trask,They are frustrated. the API broke again during their month-end close.
N-07349,ACC-1207,2025-01-04,Owen Trask,"Office hours session. 5 attendees, mostly questions about reporting."
N-07350,ACC-1207,2025-01-31,Owen Trask,Their CIO joined the call and reiterated this is a strategic system for them.
N-07351,ACC-1207,2025-03-01,Owen Trask,Told me the spend is being questioned above Nora Hollis's level.
N-07352,ACC-1207,2025-03-30,Owen Trask,Walked their analysts through the bulk import. Good engagement.
N-07353,ACC-1207,2025-04-17,Owen Trask,We got the integration working. Their team is back to normal.
N-07354,ACC-1207,2025-05-10,Owen Trask,Exec sponsor confirmed budget is protected for next year.
N-07355,ACC-1207,2025-06-01,Owen Trask,The the alerting rules issue is resolved. Confirmed with their admin.
N-07356,ACC-1207,2025-06-24,Owen Trask,Sent over the enablement material they asked for.
N-07357,ACC-1207,2025-07-17,Owen Trask,The dashboards issue is resolved. Confirmed with their admin.
N-07358,ACC-1207,2025-08-15,Owen Trask,Reviewed the year. They are happy with where adoption landed.
N-07359,ACC-1207,2025-08-28,Owen Trask,Escalation closed out. They appreciated the follow-through.
N-07360,ACC-1207,2025-09-25,Owen Trask,The dashboards issue is resolved. Confirmed with their admin.
N-07361,ACC-1207,2025-10-20,Owen Trask,The workaround we gave them for dashboards stopped working.
N-07362,ACC-1207,2025-11-15,Owen Trask,They want us to match a workflow that our product does not support.
N-07363,ACC-1207,2025-12-09,Owen Trask,Strong QBR. They want to talk about expanding to a second department.
N-07364,ACC-1207,2026-01-02,Owen Trask,Company-wide cost reduction effort. We are on the list being evaluated.
N-07365,ACC-1207,2026-01-25,Owen Trask,Fix shipped. They tested it and closed the ticket themselves.
N-07366,ACC-1207,2026-02-10,Owen Trask,Escalation on SSO is not moving. They asked for a timeline and I do not have one.
N-07367,ACC-1207,2026-03-06,Owen Trask,Good session. Their exec attended and was engaged.
N-07368,ACC-1207,2026-03-30,Owen Trask,"Their CFO asked for a cost per user breakdown. Sent it, waiting."
N-07369,ACC-1207,2026-04-21,Owen Trask,Escalation closed out. They appreciated the follow-through.
N-07370,ACC-1207,2026-05-14,Owen Trask,Data quality issues on their side keep surfacing as complaints about us.
N-07371,ACC-1207,2026-05-29,Owen Trask,Quick sync with Nora Hollis. Business as usual.
N-07372,ACC-1207,2026-06-25,Owen Trask,Asked about downgrade options unprompted.
N-07373,ACC-1207,2026-07-12,Owen Trask,The role permissions issue is resolved. Confirmed with their admin.
N-07374,ACC-1207,2026-08-06,Owen Trask,Good session. Their exec attended and was engaged.
N-07375,ACC-1207,2026-08-24,Owen Trask,Reopened the issue with dashboards. Their patience is visibly thin.
N-07376,ACC-1208,2024-05-09,Brittney Cole,Budget freeze announced internally. Renewals are being looked at individually.
N-07377,ACC-1208,2024-06-03,Brittney Cole,Told me the spend is being questioned above Simone Ramirez's level.
N-07378,ACC-1208,2024-06-30,Brittney Cole,"Short call. Reviewed open items, nothing escalated."
N-07379,ACC-1208,2024-07-21,Brittney Cole,They flagged that procurement now requires justification for anything over the threshold.
N-07380,ACC-1208,2024-08-12,Brittney Cole,They flagged that procurement now requires justification for anything over the threshold.
N-07381,ACC-1208,2024-09-04,Brittney Cole,Interest in the alerting rules for a team that is not on the contract yet.
N-07382,ACC-1208,2024-09-16,Brittney Cole,They flagged that procurement now requires justification for anything over the threshold.
N-07383,ACC-1208,2024-10-10,Brittney Cole,They asked whether we can do a shorter term or a smaller seat count.
N-07384,ACC-1208,2024-10-29,Brittney Cole,Ran a refresher session on the mobile app for 8 of their people.
N-07385,ACC-1208,2024-11-13,Brittney Cole,Company-wide cost reduction effort. We are on the list being evaluated.
N-07386,ACC-1208,2024-12-10,Brittney Cole,Company-wide cost reduction effort. We are on the list being evaluated.
N-07387,ACC-1208,2024-12-24,Brittney Cole,Asked about downgrade options unprompted.
N-07388,ACC-1208,2025-01-05,Brittney Cole,They asked what it would take to add 3 more seats.
N-07389,ACC-1208,2025-01-26,Brittney Cole,Root cause shared with them. They were satisfied with the explanation.
N-07390,ACC-1208,2025-02-13,Brittney Cole,Asked about the higher tier. Sending over details.
N-07391,ACC-1208,2025-03-09,Brittney Cole,Root cause shared with them. They were satisfied with the explanation.
N-07392,ACC-1208,2025-03-28,Brittney Cole,"Short call. Reviewed open items, nothing escalated."
N-07393,ACC-1208,2025-04-23,Brittney Cole,The the Salesforce sync issue is resolved. Confirmed with their admin.
N-07394,ACC-1208,2025-05-14,Brittney Cole,Strong QBR. They want to talk about expanding to a second department.
N-07395,ACC-1208,2025-05-26,Brittney Cole,Escalation closed out. They appreciated the follow-through.
N-07396,ACC-1208,2025-06-08,Brittney Cole,Interest in the reporting module for a team that is not on the contract yet.
N-07397,ACC-1208,2025-06-25,Brittney Cole,Delivered onboarding for the new hires on their team.
N-07398,ACC-1208,2025-07-13,Brittney Cole,We got the integration working. Their team is back to normal.
N-07399,ACC-1208,2025-07-31,Brittney Cole,Finance is reviewing every software line item this cycle.
N-07400,ACC-1208,2025-08-20,Brittney Cole,Business review complete. Simone Ramirez called out time savings on their team.
N-07401,ACC-1208,2025-09-12,Brittney Cole,Finance is reviewing every software line item this cycle.
N-07402,ACC-1208,2025-10-08,Brittney Cole,QBR went well. They presented our numbers to their leadership.
N-07403,ACC-1208,2025-11-07,Brittney Cole,The the reporting module issue is resolved. Confirmed with their admin.
N-07404,ACC-1208,2025-11-19,Brittney Cole,Interest in dashboards for a team that is not on the contract yet.
N-07405,ACC-1208,2025-12-11,Brittney Cole,They flagged that procurement now requires justification for anything over the threshold.
N-07406,ACC-1208,2025-12-25,Brittney Cole,Fix shipped. They tested it and closed the ticket themselves.
N-07407,ACC-1208,2026-01-15,Brittney Cole,Walked their analysts through SSO. Good engagement.
N-07408,ACC-1208,2026-01-28,Brittney Cole,Their procurement team has entered the conversation for the first time.
N-07409,ACC-1208,2026-02-25,Brittney Cole,Asked about downgrade options unprompted.
N-07410,ACC-1208,2026-03-19,Brittney Cole,New leadership reviewed the stack and kept us. Told me directly.
N-07411,ACC-1208,2026-04-02,Brittney Cole,Talked through a multi-year option. They want pricing.
N-07412,ACC-1208,2026-04-28,Brittney Cole,QBR went well. They presented our numbers to their leadership.
N-07413,ACC-1208,2026-05-26,Brittney Cole,Reviewed the year. They are happy with where adoption landed.
N-07414,ACC-1208,2026-06-20,Brittney Cole,They asked what it would take to add 13 more seats.
N-07415,ACC-1208,2026-07-02,Brittney Cole,They flagged that procurement now requires justification for anything over the threshold.
N-07416,ACC-1208,2026-07-30,Brittney Cole,Escalation closed out. They appreciated the follow-through.
N-07417,ACC-1208,2026-08-20,Brittney Cole,Escalation closed out. They appreciated the follow-through.
N-07418,ACC-1209,2022-12-15,Owen Trask,Hector Barros was promoted and now owns a larger scope. Good for us.
N-07419,ACC-1209,2023-01-07,Owen Trask,Ran a refresher session on the mobile app for 13 of their people.
N-07420,ACC-1209,2023-01-26,Owen Trask,Business review complete. Hector Barros called out time savings on their team.
N-07421,ACC-1209,2023-02-22,Owen Trask,Reviewed the year. They are happy with where adoption landed.
N-07422,ACC-1209,2023-03-19,Owen Trask,Root cause shared with them. They were satisfied with the explanation.
N-07423,ACC-1209,2023-04-03,Owen Trask,Talked through a multi-year option. They want pricing.
N-07424,ACC-1209,2023-05-02,Owen Trask,They mentioned they are piloting Nimbus Track with one team.
N-07425,ACC-1209,2023-05-19,Owen Trask,Fix shipped. They tested it and closed the ticket themselves.
N-07426,ACC-1209,2023-06-11,Owen Trask,Requested a feature comparison against Nimbus Track. Sent one.
N-07427,ACC-1209,2023-06-27,Owen Trask,QBR went well. They presented our numbers to their leadership.
N-07428,ACC-1209,2023-07-22,Owen Trask,Fix shipped. They tested it and closed the ticket themselves.
N-07429,ACC-1209,2023-08-12,Owen Trask,"Office hours session. 12 attendees, mostly questions about reporting."
N-07430,ACC-1209,2023-08-25,Owen Trask,Standing check-in held. Team is steady.
N-07431,ACC-1209,2023-09-20,Owen Trask,Their CIO joined the call and reiterated this is a strategic system for them.
N-07432,ACC-1209,2023-10-13,Owen Trask,Quick sync with Hector Barros. Business as usual.
N-07433,ACC-1209,2023-11-03,Owen Trask,"Office hours session. 7 attendees, mostly questions about reporting."
N-07434,ACC-1209,2023-11-23,Owen Trask,The the bulk import issue is resolved. Confirmed with their admin.
N-07435,ACC-1209,2023-12-17,Owen Trask,Hector Barros was promoted and now owns a larger scope. Good for us.
N-07436,ACC-1209,2024-01-12,Owen Trask,The the bulk import setup has never worked the way they expected.
N-07437,ACC-1209,2024-02-10,Owen Trask,Sync failures every week. Their admin is the one absorbing the pain.
N-07438,ACC-1209,2024-03-10,Owen Trask,Interest in the reporting module for a team that is not on the contract yet.
N-07439,ACC-1209,2024-03-28,Owen Trask,QBR went well. They presented our numbers to their leadership.
N-07440,ACC-1209,2024-04-26,Owen Trask,Their CIO joined the call and reiterated this is a strategic system for them.
N-07441,ACC-1209,2024-05-25,Owen Trask,Exec sponsor confirmed budget is protected for next year.
N-07442,ACC-1209,2024-06-24,Owen Trask,Brief call with the admin. No issues raised.
N-07443,ACC-1209,2024-07-20,Owen Trask,Quick sync with Hector Barros. Business as usual.
N-07444,ACC-1209,2024-08-01,Owen Trask,Data quality issues on their side keep surfacing as complaints about us.
N-07445,ACC-1209,2024-08-28,Owen Trask,Good session. Their exec attended and was engaged.
N-07446,ACC-1209,2024-09-15,Owen Trask,Delivered onboarding for the new hires on their team.
N-07447,ACC-1209,2024-10-13,Owen Trask,New leadership reviewed the stack and kept us. Told me directly.
N-07448,ACC-1209,2024-11-10,Owen Trask,They included us in their annual planning conversation.
N-07449,ACC-1209,2024-11-24,Owen Trask,Monthly check-in. Nothing new to report.
N-07450,ACC-1209,2024-12-08,Owen Trask,They included us in their annual planning conversation.
N-07451,ACC-1209,2025-01-01,Owen Trask,Escalation closed out. They appreciated the follow-through.
N-07452,ACC-1209,2025-01-23,Owen Trask,They asked what it would take to add 12 more seats.
N-07453,ACC-1209,2025-02-05,Owen Trask,"Office hours session. 8 attendees, mostly questions about reporting."
N-07454,ACC-1209,2025-02-18,Owen Trask,Root cause shared with them. They were satisfied with the explanation.
N-07455,ACC-1209,2025-03-16,Owen Trask,Good session. Their exec attended and was engaged.
N-07456,ACC-1209,2025-04-02,Owen Trask,Good session. Their exec attended and was engaged.
N-07457,ACC-1209,2025-04-17,Owen Trask,Four unanswered emails. Going to try their admin.
N-07458,ACC-1209,2025-05-03,Owen Trask,Standing check-in held. Team is steady.
N-07459,ACC-1209,2025-05-23,Owen Trask,Went quiet after the escalation. Not sure who owns us there now.
N-07460,ACC-1209,2025-06-13,Owen Trask,QBR went well. They presented our numbers to their leadership.
N-07461,ACC-1209,2025-07-06,Owen Trask,Their new director used Parallax at her last company and prefers it.
N-07462,ACC-1209,2025-07-26,Owen Trask,Exec sponsor confirmed budget is protected for next year.
N-07463,ACC-1209,2025-08-09,Owen Trask,"Office hours session. 4 attendees, mostly questions about reporting."
N-07464,ACC-1209,2025-08-31,Owen Trask,Fix shipped. They tested it and closed the ticket themselves.
N-07465,ACC-1209,2025-09-18,Owen Trask,We got the integration working. Their team is back to normal.
N-07466,ACC-1209,2025-10-08,Owen Trask,They are considering consolidating onto Parallax as part of a platform play.
N-07467,ACC-1209,2025-10-31,Owen Trask,Exec sponsor confirmed budget is protected for next year.
N-07468,ACC-1209,2025-11-25,Owen Trask,Ran a refresher session on the alerting rules for 12 of their people.
N-07469,ACC-1209,2025-12-24,Owen Trask,They are running a formal evaluation and we are one of three.
N-07470,ACC-1209,2026-01-13,Owen Trask,Their CIO joined the call and reiterated this is a strategic system for them.
N-07471,ACC-1209,2026-01-25,Owen Trask,Asked about the higher tier. Sending over details.
N-07472,ACC-1209,2026-02-13,Owen Trask,Brief call with the admin. No issues raised.
N-07473,ACC-1209,2026-02-27,Owen Trask,Fix shipped. They tested it and closed the ticket themselves.
N-07474,ACC-1209,2026-03-12,Owen Trask,The the Salesforce sync setup has never worked the way they expected.
N-07475,ACC-1209,2026-04-08,Owen Trask,Their the bulk import integration broke again during their data load.
N-07476,ACC-1209,2026-05-05,Owen Trask,Exec sponsor confirmed budget is protected for next year.
N-07477,ACC-1209,2026-05-31,Owen Trask,They mentioned they are piloting Corveo with one team.
N-07478,ACC-1210,2024-12-27,Brittney Cole,Walked their analysts through data retention. Good engagement.
N-07479,ACC-1210,2025-01-21,Brittney Cole,QBR went well. They presented our numbers to their leadership.
N-07480,ACC-1210,2025-02-05,Brittney Cole,Exec sponsor confirmed budget is protected for next year.
N-07481,ACC-1210,2025-03-06,Brittney Cole,Escalation closed out. They appreciated the follow-through.
N-07482,ACC-1210,2025-03-31,Brittney Cole,Strong QBR. They want to talk about expanding to a second department.
N-07483,ACC-1210,2025-04-12,Brittney Cole,Escalation closed out. They appreciated the follow-through.
N-07484,ACC-1210,2025-05-05,Brittney Cole,Escalation closed out. They appreciated the follow-through.
N-07485,ACC-1210,2025-06-01,Brittney Cole,Talked through a multi-year option. They want pricing.
N-07486,ACC-1210,2025-06-15,Brittney Cole,Strong QBR. They want to talk about expanding to a second department.
N-07487,ACC-1210,2025-07-01,Brittney Cole,Business review complete. Hector Mbeki called out time savings on their team.
N-07488,ACC-1210,2025-07-23,Brittney Cole,Root cause shared with them. They were satisfied with the explanation.
N-07489,ACC-1210,2025-08-10,Brittney Cole,Exec sponsor confirmed budget is protected for next year.
N-07490,ACC-1210,2025-09-01,Brittney Cole,Fix shipped. They tested it and closed the ticket themselves.
N-07491,ACC-1210,2025-09-28,Brittney Cole,We got the integration working. Their team is back to normal.
N-07492,ACC-1210,2025-10-19,Brittney Cole,Ran a refresher session on dashboards for 2 of their people.
N-07493,ACC-1210,2025-11-04,Brittney Cole,Asked about the higher tier. Sending over details.
N-07494,ACC-1210,2025-11-26,Brittney Cole,Interest in the Salesforce sync for a team that is not on the contract yet.
N-07495,ACC-1210,2025-12-08,Brittney Cole,Escalation closed out. They appreciated the follow-through.
N-07496,ACC-1210,2025-12-20,Brittney Cole,"Office hours session. 8 attendees, mostly questions about reporting."
N-07497,ACC-1210,2026-01-10,Brittney Cole,Ran a refresher session on role permissions for 6 of their people.
N-07498,ACC-1210,2026-02-01,Brittney Cole,"Office hours session. 10 attendees, mostly questions about reporting."
N-07499,ACC-1210,2026-02-28,Brittney Cole,Their second division reached out directly about getting access.
N-07500,ACC-1210,2026-03-17,Brittney Cole,Exec sponsor confirmed budget is protected for next year.
N-07501,ACC-1210,2026-03-31,Brittney Cole,Delivered onboarding for the new hires on their team.
N-07502,ACC-1210,2026-04-29,Brittney Cole,Root cause shared with them. They were satisfied with the explanation.
N-07503,ACC-1210,2026-05-11,Brittney Cole,Their second division reached out directly about getting access.
N-07504,ACC-1210,2026-06-04,Brittney Cole,They included us in their annual planning conversation.
N-07505,ACC-1210,2026-06-19,Brittney Cole,Talked through a multi-year option. They want pricing.
N-07506,ACC-1210,2026-07-02,Brittney Cole,They included us in their annual planning conversation.
N-07507,ACC-1210,2026-07-14,Brittney Cole,Hector Mbeki was promoted and now owns a larger scope. Good for us.
N-07508,ACC-1210,2026-08-13,Brittney Cole,They asked what it would take to add 14 more seats.
N-07509,ACC-1210,2026-08-25,Brittney Cole,Their second division reached out directly about getting access.
N-07510,ACC-1210,2026-09-11,Brittney Cole,Delivered onboarding for the new hires on their team.
N-07511,ACC-1211,2024-06-30,Nuala Byrne,Fix shipped. They tested it and closed the ticket themselves.
N-07512,ACC-1211,2024-07-14,Nuala Byrne,Asked me how we compare to a spreadsheet-based process. First time that has come up.
N-07513,ACC-1211,2024-07-30,Nuala Byrne,They included us in their annual planning conversation.
N-07514,ACC-1211,2024-08-15,Nuala Byrne,Ran a refresher session on SSO for 4 of their people.
N-07515,ACC-1211,2024-09-02,Nuala Byrne,They are frustrated. the alerting rules broke again during their month-end close.
N-07516,ACC-1211,2024-09-21,Nuala Byrne,New leadership reviewed the stack and kept us. Told me directly.
N-07517,ACC-1211,2024-10-06,Nuala Byrne,Root cause shared with them. They were satisfied with the explanation.
N-07518,ACC-1211,2024-10-25,Nuala Byrne,We got the integration working. Their team is back to normal.
N-07519,ACC-1211,2024-11-20,Nuala Byrne,Asked about the higher tier. Sending over details.
N-07520,ACC-1211,2024-12-02,Nuala Byrne,Escalation closed out. They appreciated the follow-through.
N-07521,ACC-1211,2024-12-26,Nuala Byrne,Talked through a multi-year option. They want pricing.
N-07522,ACC-1211,2025-01-15,Nuala Byrne,Talked through a multi-year option. They want pricing.
N-07523,ACC-1211,2025-01-27,Nuala Byrne,Ran a refresher session on the alerting rules for 3 of their people.
N-07524,ACC-1211,2025-02-17,Nuala Byrne,They included us in their annual planning conversation.
N-07525,ACC-1211,2025-03-15,Nuala Byrne,The workaround we gave them for the API stopped working.
N-07526,ACC-1211,2025-03-27,Nuala Byrne,They included us in their annual planning conversation.
N-07527,ACC-1211,2025-04-11,Nuala Byrne,Standing check-in held. Team is steady.
N-07528,ACC-1211,2025-05-07,Nuala Byrne,Delivered onboarding for the new hires on their team.
N-07529,ACC-1211,2025-06-02,Nuala Byrne,Good session. Their exec attended and was engaged.
N-07530,ACC-1211,2025-06-23,Nuala Byrne,"Office hours session. 4 attendees, mostly questions about reporting."
N-07531,ACC-1211,2025-07-23,Nuala Byrne,The the alerting rules issue is resolved. Confirmed with their admin.
N-07532,ACC-1211,2025-08-12,Nuala Byrne,"Short call. Reviewed open items, nothing escalated."
N-07533,ACC-1211,2025-08-30,Nuala Byrne,Interest in the reporting module for a team that is not on the contract yet.
N-07534,ACC-1211,2025-09-27,Nuala Byrne,Brief call with the admin. No issues raised.
N-07535,ACC-1211,2025-10-16,Nuala Byrne,"Office hours session. 9 attendees, mostly questions about reporting."
N-07536,ACC-1211,2025-11-06,Nuala Byrne,Outage during their peak week. They want a written explanation.
N-07537,ACC-1211,2025-12-01,Nuala Byrne,Good session. Their exec attended and was engaged.
N-07538,ACC-1211,2025-12-23,Nuala Byrne,Promised a fix date last month and we missed it. Had to tell them today.
N-07539,ACC-1211,2026-01-17,Nuala Byrne,Asked about the higher tier. Sending over details.
N-07540,ACC-1211,2026-02-07,Nuala Byrne,Reviewed the year. They are happy with where adoption landed.
N-07541,ACC-1211,2026-03-06,Nuala Byrne,Third follow-up from them on the same defect. Getting hard to defend.
N-07542,ACC-1211,2026-03-19,Nuala Byrne,Their CIO joined the call and reiterated this is a strategic system for them.
N-07543,ACC-1211,2026-04-10,Nuala Byrne,Mentioned an RFP is going out before renewal.
N-07544,ACC-1211,2026-04-25,Nuala Byrne,Monthly check-in. Nothing new to report.
N-07545,ACC-1211,2026-05-11,Nuala Byrne,New VP came in over Priya Lindqvist's team and is reviewing all vendor relationships.
N-07546,ACC-1212,2024-06-30,Nuala Byrne,QBR went well. They presented our numbers to their leadership.
N-07547,ACC-1212,2024-07-19,Nuala Byrne,Ran a refresher session on the Salesforce sync for 8 of their people.
N-07548,ACC-1212,2024-08-12,Nuala Byrne,They asked what it would take to add 11 more seats.
N-07549,ACC-1212,2024-08-29,Nuala Byrne,Root cause shared with them. They were satisfied with the explanation.
N-07550,ACC-1212,2024-09-24,Nuala Byrne,Their CIO joined the call and reiterated this is a strategic system for them.
N-07551,ACC-1212,2024-10-15,Nuala Byrne,They asked what it would take to add 2 more seats.
N-07552,ACC-1212,2024-11-04,Nuala Byrne,Brief call with the admin. No issues raised.
N-07553,ACC-1212,2024-11-21,Nuala Byrne,Ran a refresher session on dashboards for 10 of their people.
N-07554,ACC-1212,2024-12-08,Nuala Byrne,Brief call with the admin. No issues raised.
N-07555,ACC-1212,2024-12-28,Nuala Byrne,Reviewed the year. They are happy with where adoption landed.
N-07556,ACC-1212,2025-01-27,Nuala Byrne,Good session. Their exec attended and was engaged.
N-07557,ACC-1212,2025-02-26,Nuala Byrne,Monthly check-in. Nothing new to report.
N-07558,ACC-1212,2025-03-23,Nuala Byrne,Root cause shared with them. They were satisfied with the explanation.
N-07559,ACC-1212,2025-04-15,Nuala Byrne,QBR went well. They presented our numbers to their leadership.
N-07560,ACC-1212,2025-04-29,Nuala Byrne,Quick sync with Felix Delgado. Business as usual.
N-07561,ACC-1212,2025-05-23,Nuala Byrne,"Short call. Reviewed open items, nothing escalated."
N-07562,ACC-1212,2025-06-07,Nuala Byrne,We got the integration working. Their team is back to normal.
N-07563,ACC-1212,2025-07-06,Nuala Byrne,Ran a refresher session on SSO for 10 of their people.
N-07564,ACC-1212,2025-07-27,Nuala Byrne,Standing check-in held. Team is steady.
N-07565,ACC-1212,2025-08-26,Nuala Byrne,Delivered onboarding for the new hires on their team.
N-07566,ACC-1212,2025-09-08,Nuala Byrne,Interest in the Salesforce sync for a team that is not on the contract yet.
N-07567,ACC-1212,2025-10-04,Nuala Byrne,Sent over the enablement material they asked for.
N-07568,ACC-1212,2025-10-28,Nuala Byrne,Root cause shared with them. They were satisfied with the explanation.
N-07569,ACC-1212,2025-11-17,Nuala Byrne,QBR went well. They presented our numbers to their leadership.
N-07570,ACC-1212,2025-12-01,Nuala Byrne,Monthly check-in. Nothing new to report.
N-07571,ACC-1212,2025-12-25,Nuala Byrne,Exec sponsor confirmed budget is protected for next year.
N-07572,ACC-1212,2026-01-09,Nuala Byrne,Good session. Their exec attended and was engaged.
N-07573,ACC-1212,2026-01-29,Nuala Byrne,The the Salesforce sync issue is resolved. Confirmed with their admin.
N-07574,ACC-1212,2026-02-21,Nuala Byrne,Quick sync with Felix Delgado. Business as usual.
N-07575,ACC-1212,2026-03-16,Nuala Byrne,Escalation closed out. They appreciated the follow-through.
N-07576,ACC-1212,2026-04-09,Nuala Byrne,They asked what it would take to add 14 more seats.
N-07577,ACC-1212,2026-04-24,Nuala Byrne,Quick sync with Felix Delgado. Business as usual.
N-07578,ACC-1212,2026-05-09,Nuala Byrne,The the alerting rules issue is resolved. Confirmed with their admin.
N-07579,ACC-1212,2026-06-08,Nuala Byrne,Good session. Their exec attended and was engaged.
N-07580,ACC-1212,2026-07-08,Nuala Byrne,Interest in the mobile app for a team that is not on the contract yet.
N-07581,ACC-1212,2026-07-31,Nuala Byrne,Touched base. They are heads down on their own roadmap right now.
N-07582,ACC-1212,2026-08-23,Nuala Byrne,New leadership reviewed the stack and kept us. Told me directly.
N-07583,ACC-1213,2026-02-03,Shairyar Khan,Root cause shared with them. They were satisfied with the explanation.
N-07584,ACC-1213,2026-02-21,Shairyar Khan,Asked me how we compare to a spreadsheet-based process. First time that has come up.
N-07585,ACC-1213,2026-03-11,Shairyar Khan,They mentioned they are piloting Corveo with one team.
N-07586,ACC-1213,2026-04-10,Shairyar Khan,Standing check-in held. Team is steady.
N-07587,ACC-1213,2026-04-23,Shairyar Khan,Heard secondhand that Parallax gave them aggressive pricing.
N-07588,ACC-1213,2026-05-05,Shairyar Khan,They mentioned they are piloting Orderly with one team.
N-07589,ACC-1213,2026-05-17,Shairyar Khan,They are considering consolidating onto a spreadsheet-based process as part of a platform play.
N-07590,ACC-1213,2026-05-30,Shairyar Khan,"Office hours session. 8 attendees, mostly questions about reporting."
N-07591,ACC-1213,2026-06-17,Shairyar Khan,New leadership reviewed the stack and kept us. Told me directly.
N-07592,ACC-1213,2026-07-05,Shairyar Khan,Good session. Their exec attended and was engaged.
N-07593,ACC-1213,2026-07-30,Shairyar Khan,"Short call. Reviewed open items, nothing escalated."
N-07594,ACC-1213,2026-08-26,Shairyar Khan,We got the integration working. Their team is back to normal.
N-07595,ACC-1214,2023-07-18,Owen Trask,Strong QBR. They want to talk about expanding to a second department.
N-07596,ACC-1214,2023-08-01,Owen Trask,QBR went well. They presented our numbers to their leadership.
N-07597,ACC-1214,2023-08-18,Owen Trask,They asked what it would take to add 14 more seats.
N-07598,ACC-1214,2023-09-16,Owen Trask,Talked through a multi-year option. They want pricing.
N-07599,ACC-1214,2023-10-11,Owen Trask,Promised a fix date last month and we missed it. Had to tell them today.
N-07600,ACC-1214,2023-11-09,Owen Trask,Their second division reached out directly about getting access.
N-07601,ACC-1214,2023-11-28,Owen Trask,Standing check-in held. Team is steady.
N-07602,ACC-1214,2023-12-11,Owen Trask,QBR went well. They presented our numbers to their leadership.
N-07603,ACC-1214,2023-12-26,Owen Trask,New leadership reviewed the stack and kept us. Told me directly.
N-07604,ACC-1214,2024-01-12,Owen Trask,Touched base. They are heads down on their own roadmap right now.
N-07605,ACC-1214,2024-01-29,Owen Trask,Exec sponsor confirmed budget is protected for next year.
N-07606,ACC-1214,2024-02-15,Owen Trask,Fix shipped. They tested it and closed the ticket themselves.
N-07607,ACC-1214,2024-02-28,Owen Trask,Their CIO joined the call and reiterated this is a strategic system for them.
N-07608,ACC-1214,2024-03-20,Owen Trask,Root cause shared with them. They were satisfied with the explanation.
N-07609,ACC-1214,2024-04-06,Owen Trask,The dashboards issue is resolved. Confirmed with their admin.
N-07610,ACC-1214,2024-04-30,Owen Trask,"Short call. Reviewed open items, nothing escalated."
N-07611,ACC-1214,2024-05-27,Owen Trask,Standing check-in held. Team is steady.
N-07612,ACC-1214,2024-06-24,Owen Trask,Reviewed the year. They are happy with where adoption landed.
N-07613,ACC-1214,2024-07-20,Owen Trask,Escalation on the reporting module is not moving. They asked for a timeline and I do not have one.
N-07614,ACC-1214,2024-08-12,Owen Trask,Walked their analysts through role permissions. Good engagement.
N-07615,ACC-1214,2024-08-26,Owen Trask,They cancelled the check-in an hour before. No reason given.
N-07616,ACC-1214,2024-09-25,Owen Trask,Strong QBR. They want to talk about expanding to a second department.
N-07617,ACC-1214,2024-10-08,Owen Trask,Strong QBR. They want to talk about expanding to a second department.
N-07618,ACC-1214,2024-11-01,Owen Trask,Touched base. They are heads down on their own roadmap right now.
N-07619,ACC-1214,2024-11-24,Owen Trask,Ran a refresher session on the API for 9 of their people.
N-07620,ACC-1214,2024-12-16,Owen Trask,Sent over the enablement material they asked for.
N-07621,ACC-1214,2024-12-28,Owen Trask,They asked what it would take to add 12 more seats.
N-07622,ACC-1214,2025-01-24,Owen Trask,The SSO issue is resolved. Confirmed with their admin.
N-07623,ACC-1214,2025-02-11,Owen Trask,Promised a fix date last month and we missed it. Had to tell them today.
N-07624,ACC-1214,2025-03-09,Owen Trask,Talked through a multi-year option. They want pricing.
N-07625,ACC-1214,2025-03-29,Owen Trask,Asked about the higher tier. Sending over details.
N-07626,ACC-1214,2025-04-18,Owen Trask,Promised a fix date last month and we missed it. Had to tell them today.
N-07627,ACC-1214,2025-05-17,Owen Trask,Their CIO joined the call and reiterated this is a strategic system for them.
N-07628,ACC-1214,2025-06-13,Owen Trask,Reviewed the year. They are happy with where adoption landed.
N-07629,ACC-1214,2025-07-09,Owen Trask,Talked through a multi-year option. They want pricing.
N-07630,ACC-1214,2025-08-08,Owen Trask,They are considering consolidating onto Nimbus Track as part of a platform play.
N-07631,ACC-1214,2025-09-06,Owen Trask,Escalation on the mobile app is not moving. They asked for a timeline and I do not have one.
N-07632,ACC-1214,2025-09-23,Owen Trask,"Ran the numbers before the call. 3 active users, down from last quarter."
N-07633,ACC-1214,2025-10-22,Owen Trask,"Ran the numbers before the call. 6 active users, down from last quarter."
N-07634,ACC-1215,2024-04-16,Leila Haddad,Interest in the API for a team that is not on the contract yet.
N-07635,ACC-1215,2024-05-04,Leila Haddad,"Their CFO asked for a cost per user breakdown. Sent it, waiting."
N-07636,ACC-1215,2024-05-29,Leila Haddad,Root cause shared with them. They were satisfied with the explanation.
N-07637,ACC-1215,2024-06-19,Leila Haddad,The the reporting module issue is resolved. Confirmed with their admin.
N-07638,ACC-1215,2024-07-11,Leila Haddad,Interest in the API for a team that is not on the contract yet.
N-07639,ACC-1215,2024-07-29,Leila Haddad,Told me the spend is being questioned above Malik Petrov's level.
N-07640,ACC-1215,2024-08-22,Leila Haddad,Business review complete. Malik Petrov called out time savings on their team.
N-07641,ACC-1215,2024-09-12,Leila Haddad,Sent over the enablement material they asked for.
N-07642,ACC-1215,2024-10-09,Leila Haddad,We got the integration working. Their team is back to normal.
N-07643,ACC-1215,2024-10-24,Leila Haddad,They asked what it would take to add 2 more seats.
N-07644,ACC-1215,2024-11-16,Leila Haddad,They asked what it would take to add 7 more seats.
N-07645,ACC-1215,2024-12-03,Leila Haddad,They flagged that procurement now requires justification for anything over the threshold.
N-07646,ACC-1215,2024-12-26,Leila Haddad,Root cause shared with them. They were satisfied with the explanation.
N-07647,ACC-1215,2025-01-21,Leila Haddad,Walked their analysts through role permissions. Good engagement.
N-07648,ACC-1215,2025-02-09,Leila Haddad,"Their CFO asked for a cost per user breakdown. Sent it, waiting."
N-07649,ACC-1215,2025-02-27,Leila Haddad,Quick sync with Malik Petrov. Business as usual.
N-07650,ACC-1215,2025-03-27,Leila Haddad,Asked about downgrade options unprompted.
N-07651,ACC-1215,2025-04-22,Leila Haddad,Fix shipped. They tested it and closed the ticket themselves.
N-07652,ACC-1215,2025-05-11,Leila Haddad,Fix shipped. They tested it and closed the ticket themselves.
N-07653,ACC-1215,2025-05-30,Leila Haddad,Escalation closed out. They appreciated the follow-through.
N-07654,ACC-1215,2025-06-27,Leila Haddad,Asked about the higher tier. Sending over details.
N-07655,ACC-1215,2025-07-27,Leila Haddad,Good session. Their exec attended and was engaged.
N-07656,ACC-1215,2025-08-12,Leila Haddad,"Office hours session. 6 attendees, mostly questions about reporting."
N-07657,ACC-1215,2025-09-02,Leila Haddad,Strong QBR. They want to talk about expanding to a second department.
N-07658,ACC-1215,2025-09-26,Leila Haddad,They included us in their annual planning conversation.
N-07659,ACC-1215,2025-10-09,Leila Haddad,We got the integration working. Their team is back to normal.
N-07660,ACC-1215,2025-10-31,Leila Haddad,New leadership reviewed the stack and kept us. Told me directly.
N-07661,ACC-1215,2025-11-20,Leila Haddad,Ran a refresher session on the alerting rules for 12 of their people.
N-07662,ACC-1215,2025-12-10,Leila Haddad,Standing check-in held. Team is steady.
N-07663,ACC-1215,2026-01-09,Leila Haddad,Layoffs on their side. Seat count is going to come down at renewal.
N-07664,ACC-1215,2026-01-25,Leila Haddad,Told me the spend is being questioned above Malik Petrov's level.
N-07665,ACC-1215,2026-02-22,Leila Haddad,Root cause shared with them. They were satisfied with the explanation.
N-07666,ACC-1215,2026-03-15,Leila Haddad,Escalation closed out. They appreciated the follow-through.
N-07667,ACC-1215,2026-03-27,Leila Haddad,Asked about downgrade options unprompted.
N-07668,ACC-1215,2026-04-09,Leila Haddad,Fix shipped. They tested it and closed the ticket themselves.
N-07669,ACC-1215,2026-04-28,Leila Haddad,Their procurement team has entered the conversation for the first time.
N-07670,ACC-1215,2026-05-23,Leila Haddad,They included us in their annual planning conversation.
N-07671,ACC-1215,2026-06-11,Leila Haddad,Budget freeze announced internally. Renewals are being looked at individually.
N-07672,ACC-1215,2026-07-10,Leila Haddad,Business review complete. Malik Petrov called out time savings on their team.
N-07673,ACC-1215,2026-07-29,Leila Haddad,Their procurement team has entered the conversation for the first time.
N-07674,ACC-1215,2026-08-12,Leila Haddad,Strong QBR. They want to talk about expanding to a second department.
N-07675,ACC-1215,2026-08-28,Leila Haddad,Fix shipped. They tested it and closed the ticket themselves.
N-07676,ACC-1216,2026-02-26,Shairyar Khan,Fix shipped. They tested it and closed the ticket themselves.
N-07677,ACC-1216,2026-03-13,Shairyar Khan,Heard secondhand that a spreadsheet-based process gave them aggressive pricing.
N-07678,ACC-1216,2026-04-07,Shairyar Khan,We got the integration working. Their team is back to normal.
N-07679,ACC-1216,2026-04-29,Shairyar Khan,Talked through a multi-year option. They want pricing.
N-07680,ACC-1216,2026-05-18,Shairyar Khan,We got the integration working. Their team is back to normal.
N-07681,ACC-1216,2026-05-31,Shairyar Khan,Requested a feature comparison against Parallax. Sent one.
N-07682,ACC-1216,2026-06-25,Shairyar Khan,Reviewed the year. They are happy with where adoption landed.
N-07683,ACC-1216,2026-07-13,Shairyar Khan,Their CIO joined the call and reiterated this is a strategic system for them.
N-07684,ACC-1216,2026-08-05,Shairyar Khan,Interest in the Salesforce sync for a team that is not on the contract yet.
N-07685,ACC-1216,2026-08-18,Shairyar Khan,Standing check-in held. Team is steady.
N-07686,ACC-1216,2026-09-04,Shairyar Khan,Asked me how we compare to Nimbus Track. First time that has come up.
N-07687,ACC-1217,2025-09-23,Shairyar Khan,Talked through a multi-year option. They want pricing.
N-07688,ACC-1217,2025-10-15,Shairyar Khan,The dashboards issue is resolved. Confirmed with their admin.
N-07689,ACC-1217,2025-11-03,Shairyar Khan,Root cause shared with them. They were satisfied with the explanation.
N-07690,ACC-1217,2025-11-17,Shairyar Khan,Exec sponsor confirmed budget is protected for next year.
N-07691,ACC-1217,2025-11-30,Shairyar Khan,Fix shipped. They tested it and closed the ticket themselves.
N-07692,ACC-1217,2025-12-16,Shairyar Khan,Root cause shared with them. They were satisfied with the explanation.
N-07693,ACC-1217,2026-01-08,Shairyar Khan,New leadership reviewed the stack and kept us. Told me directly.
N-07694,ACC-1217,2026-02-01,Shairyar Khan,Came up that Lattitude has been in talking to their leadership.
N-07695,ACC-1217,2026-02-28,Shairyar Khan,We got the integration working. Their team is back to normal.
N-07696,ACC-1217,2026-03-15,Shairyar Khan,Sent over the enablement material they asked for.
N-07697,ACC-1217,2026-04-06,Shairyar Khan,Mentioned an RFP is going out before renewal.
N-07698,ACC-1217,2026-05-01,Shairyar Khan,Fix shipped. They tested it and closed the ticket themselves.
N-07699,ACC-1217,2026-05-20,Shairyar Khan,Walked their analysts through the reporting module. Good engagement.
N-07700,ACC-1217,2026-06-07,Shairyar Khan,They mentioned they are piloting Orderly with one team.
N-07701,ACC-1217,2026-06-21,Shairyar Khan,They included us in their annual planning conversation.
N-07702,ACC-1217,2026-07-15,Shairyar Khan,Talked through a multi-year option. They want pricing.
N-07703,ACC-1217,2026-08-04,Shairyar Khan,They mentioned they are piloting Lattitude with one team.
N-07704,ACC-1217,2026-08-19,Shairyar Khan,They are running a formal evaluation and we are one of three.
N-07705,ACC-1217,2026-09-08,Shairyar Khan,We got the integration working. Their team is back to normal.
N-07706,ACC-1218,2023-05-12,Nuala Byrne,Root cause shared with them. They were satisfied with the explanation.
N-07707,ACC-1218,2023-06-06,Nuala Byrne,Delivered onboarding for the new hires on their team.
N-07708,ACC-1218,2023-06-28,Nuala Byrne,Strong QBR. They want to talk about expanding to a second department.
N-07709,ACC-1218,2023-07-22,Nuala Byrne,Exec sponsor confirmed budget is protected for next year.
N-07710,ACC-1218,2023-08-04,Nuala Byrne,Good session. Their exec attended and was engaged.
N-07711,ACC-1218,2023-08-28,Nuala Byrne,Escalation closed out. They appreciated the follow-through.
N-07712,ACC-1218,2023-09-16,Nuala Byrne,Fix shipped. They tested it and closed the ticket themselves.
N-07713,ACC-1218,2023-10-16,Nuala Byrne,Quick sync with Wes Petrov. Business as usual.
N-07714,ACC-1218,2023-11-09,Nuala Byrne,Ran a refresher session on the mobile app for 12 of their people.
N-07715,ACC-1218,2023-12-02,Nuala Byrne,Brief call with the admin. No issues raised.
N-07716,ACC-1218,2023-12-25,Nuala Byrne,Reviewed the year. They are happy with where adoption landed.
N-07717,ACC-1218,2024-01-12,Nuala Byrne,Sent over the enablement material they asked for.
N-07718,ACC-1218,2024-01-25,Nuala Byrne,They included us in their annual planning conversation.
N-07719,ACC-1218,2024-02-23,Nuala Byrne,QBR went well. They presented our numbers to their leadership.
N-07720,ACC-1218,2024-03-23,Nuala Byrne,They included us in their annual planning conversation.
N-07721,ACC-1218,2024-04-13,Nuala Byrne,Delivered onboarding for the new hires on their team.
N-07722,ACC-1218,2024-05-09,Nuala Byrne,Their second division reached out directly about getting access.
N-07723,ACC-1218,2024-05-22,Nuala Byrne,Talked through a multi-year option. They want pricing.
N-07724,ACC-1218,2024-06-14,Nuala Byrne,Root cause shared with them. They were satisfied with the explanation.
N-07725,ACC-1218,2024-07-11,Nuala Byrne,Brief call with the admin. No issues raised.
N-07726,ACC-1218,2024-08-04,Nuala Byrne,We got the integration working. Their team is back to normal.
N-07727,ACC-1218,2024-08-16,Nuala Byrne,Touched base. They are heads down on their own roadmap right now.
N-07728,ACC-1218,2024-09-09,Nuala Byrne,Reviewed the year. They are happy with where adoption landed.
N-07729,ACC-1218,2024-10-08,Nuala Byrne,Wes Petrov was promoted and now owns a larger scope. Good for us.
N-07730,ACC-1218,2024-10-30,Nuala Byrne,Business review complete. Wes Petrov called out time savings on their team.
N-07731,ACC-1218,2024-11-18,Nuala Byrne,Talked through a multi-year option. They want pricing.
N-07732,ACC-1218,2024-12-12,Nuala Byrne,Good session. Their exec attended and was engaged.
N-07733,ACC-1218,2025-01-11,Nuala Byrne,Their CIO joined the call and reiterated this is a strategic system for them.
N-07734,ACC-1218,2025-02-07,Nuala Byrne,Asked about the higher tier. Sending over details.
N-07735,ACC-1218,2025-03-01,Nuala Byrne,Exec sponsor confirmed budget is protected for next year.
N-07736,ACC-1218,2025-03-13,Nuala Byrne,New leadership reviewed the stack and kept us. Told me directly.
N-07737,ACC-1218,2025-04-04,Nuala Byrne,Ran a refresher session on the bulk import for 14 of their people.
N-07738,ACC-1218,2025-04-27,Nuala Byrne,Root cause shared with them. They were satisfied with the explanation.
N-07739,ACC-1218,2025-05-16,Nuala Byrne,Good session. Their exec attended and was engaged.
N-07740,ACC-1218,2025-06-13,Nuala Byrne,Walked their analysts through the API. Good engagement.
N-07741,ACC-1218,2025-06-30,Nuala Byrne,"Office hours session. 14 attendees, mostly questions about reporting."
N-07742,ACC-1218,2025-07-18,Nuala Byrne,Asked about the higher tier. Sending over details.
N-07743,ACC-1218,2025-08-01,Nuala Byrne,"Short call. Reviewed open items, nothing escalated."
N-07744,ACC-1218,2025-08-27,Nuala Byrne,Monthly check-in. Nothing new to report.
N-07745,ACC-1218,2025-09-13,Nuala Byrne,Interest in the API for a team that is not on the contract yet.
N-07746,ACC-1218,2025-10-04,Nuala Byrne,QBR went well. They presented our numbers to their leadership.
N-07747,ACC-1218,2025-11-01,Nuala Byrne,Their CIO joined the call and reiterated this is a strategic system for them.
N-07748,ACC-1218,2025-11-13,Nuala Byrne,Quick sync with Wes Petrov. Business as usual.
N-07749,ACC-1218,2025-11-30,Nuala Byrne,Good session. Their exec attended and was engaged.
N-07750,ACC-1218,2025-12-14,Nuala Byrne,Sent over the enablement material they asked for.
N-07751,ACC-1218,2026-01-12,Nuala Byrne,Standing check-in held. Team is steady.
N-07752,ACC-1218,2026-02-08,Nuala Byrne,Strong QBR. They want to talk about expanding to a second department.
N-07753,ACC-1218,2026-03-05,Nuala Byrne,Reviewed the year. They are happy with where adoption landed.
N-07754,ACC-1218,2026-03-26,Nuala Byrne,Their CIO joined the call and reiterated this is a strategic system for them.
N-07755,ACC-1218,2026-04-13,Nuala Byrne,Talked through a multi-year option. They want pricing.
N-07756,ACC-1218,2026-04-26,Nuala Byrne,Root cause shared with them. They were satisfied with the explanation.
N-07757,ACC-1218,2026-05-22,Nuala Byrne,The data retention issue is resolved. Confirmed with their admin.
N-07758,ACC-1218,2026-06-03,Nuala Byrne,Delivered onboarding for the new hires on their team.
N-07759,ACC-1218,2026-06-28,Nuala Byrne,Asked about the higher tier. Sending over details.
N-07760,ACC-1218,2026-07-14,Nuala Byrne,Asked about the higher tier. Sending over details.
N-07761,ACC-1218,2026-08-13,Nuala Byrne,"Office hours session. 12 attendees, mostly questions about reporting."
N-07762,ACC-1218,2026-09-10,Nuala Byrne,Their second division reached out directly about getting access.
N-07763,ACC-1219,2022-11-22,Brittney Cole,Exec sponsor confirmed budget is protected for next year.
N-07764,ACC-1219,2022-12-10,Brittney Cole,Root cause shared with them. They were satisfied with the explanation.
N-07765,ACC-1219,2023-01-01,Brittney Cole,Their procurement team has entered the conversation for the first time.
N-07766,ACC-1219,2023-01-20,Brittney Cole,Fix shipped. They tested it and closed the ticket themselves.
N-07767,ACC-1219,2023-02-10,Brittney Cole,Fix shipped. They tested it and closed the ticket themselves.
N-07768,ACC-1219,2023-03-10,Brittney Cole,"Short call. Reviewed open items, nothing escalated."
N-07769,ACC-1219,2023-03-30,Brittney Cole,Escalation closed out. They appreciated the follow-through.
N-07770,ACC-1219,2023-04-17,Brittney Cole,Have not been able to get anyone on a call since the summer.
N-07771,ACC-1219,2023-05-13,Brittney Cole,Root cause shared with them. They were satisfied with the explanation.
N-07772,ACC-1219,2023-05-30,Brittney Cole,Reviewed the year. They are happy with where adoption landed.
N-07773,ACC-1219,2023-06-17,Brittney Cole,Promised a fix date last month and we missed it. Had to tell them today.
N-07774,ACC-1219,2023-06-30,Brittney Cole,The role permissions issue is resolved. Confirmed with their admin.
N-07775,ACC-1219,2023-07-18,Brittney Cole,Strong QBR. They want to talk about expanding to a second department.
N-07776,ACC-1219,2023-08-01,Brittney Cole,They asked what it would take to add 13 more seats.
N-07777,ACC-1219,2023-08-25,Brittney Cole,We got the integration working. Their team is back to normal.
N-07778,ACC-1219,2023-09-22,Brittney Cole,Interest in the bulk import for a team that is not on the contract yet.
N-07779,ACC-1219,2023-10-15,Brittney Cole,Standing check-in held. Team is steady.
N-07780,ACC-1219,2023-10-31,Brittney Cole,Their second division reached out directly about getting access.
N-07781,ACC-1219,2023-11-28,Brittney Cole,We got the integration working. Their team is back to normal.
N-07782,ACC-1219,2023-12-17,Brittney Cole,Simone Ferreira stopped replying after the last pricing conversation.
N-07783,ACC-1219,2023-12-30,Brittney Cole,Escalation on the API is not moving. They asked for a timeline and I do not have one.
N-07784,ACC-1219,2024-01-14,Brittney Cole,Layoffs on their side. Seat count is going to come down at renewal.
N-07785,ACC-1219,2024-01-28,Brittney Cole,Their CIO joined the call and reiterated this is a strategic system for them.
N-07786,ACC-1219,2024-02-16,Brittney Cole,The workaround we gave them for the reporting module stopped working.
N-07787,ACC-1219,2024-02-29,Brittney Cole,Company-wide cost reduction effort. We are on the list being evaluated.
N-07788,ACC-1219,2024-03-19,Brittney Cole,They asked whether we can do a shorter term or a smaller seat count.
N-07789,ACC-1219,2024-04-11,Brittney Cole,Delivered onboarding for the new hires on their team.
N-07790,ACC-1219,2024-05-11,Brittney Cole,Layoffs on their side. Seat count is going to come down at renewal.
N-07791,ACC-1219,2024-06-05,Brittney Cole,Fix shipped. They tested it and closed the ticket themselves.
N-07792,ACC-1219,2024-07-03,Brittney Cole,Talked through a multi-year option. They want pricing.
N-07793,ACC-1219,2024-07-24,Brittney Cole,"Their CFO asked for a cost per user breakdown. Sent it, waiting."
N-07794,ACC-1219,2024-08-23,Brittney Cole,Budget freeze announced internally. Renewals are being looked at individually.
N-07795,ACC-1219,2024-09-04,Brittney Cole,Exec sponsor confirmed budget is protected for next year.
N-07796,ACC-1219,2024-09-19,Brittney Cole,The the mobile app issue is resolved. Confirmed with their admin.
N-07797,ACC-1219,2024-10-09,Brittney Cole,Talked through a multi-year option. They want pricing.
N-07798,ACC-1219,2024-11-01,Brittney Cole,Escalation closed out. They appreciated the follow-through.
N-07799,ACC-1219,2024-11-15,Brittney Cole,Interest in data retention for a team that is not on the contract yet.
N-07800,ACC-1219,2024-12-05,Brittney Cole,Quick sync with Simone Ferreira. Business as usual.
N-07801,ACC-1219,2024-12-18,Brittney Cole,The workaround we gave them for SSO stopped working.
N-07802,ACC-1219,2025-01-07,Brittney Cole,Root cause shared with them. They were satisfied with the explanation.
N-07803,ACC-1219,2025-01-19,Brittney Cole,Simone Ferreira was promoted and now owns a larger scope. Good for us.
N-07804,ACC-1219,2025-02-03,Brittney Cole,Sent over the enablement material they asked for.
N-07805,ACC-1219,2025-02-27,Brittney Cole,They are frustrated. the alerting rules broke again during their month-end close.
N-07806,ACC-1219,2025-03-22,Brittney Cole,Brief call with the admin. No issues raised.
N-07807,ACC-1219,2025-04-06,Brittney Cole,They are frustrated. the reporting module broke again during their month-end close.
N-07808,ACC-1219,2025-04-23,Brittney Cole,Standing check-in held. Team is steady.
N-07809,ACC-1219,2025-05-13,Brittney Cole,Their CIO joined the call and reiterated this is a strategic system for them.
N-07810,ACC-1219,2025-05-28,Brittney Cole,"Short call. Reviewed open items, nothing escalated."
N-07811,ACC-1219,2025-06-13,Brittney Cole,Delivered onboarding for the new hires on their team.
N-07812,ACC-1219,2025-06-28,Brittney Cole,Simone Ferreira stopped replying after the last pricing conversation.
N-07813,ACC-1219,2025-07-17,Brittney Cole,Root cause shared with them. They were satisfied with the explanation.
N-07814,ACC-1219,2025-08-07,Brittney Cole,The the reporting module issue is resolved. Confirmed with their admin.
N-07815,ACC-1219,2025-08-27,Brittney Cole,Asked about downgrade options unprompted.
N-07816,ACC-1219,2025-09-13,Brittney Cole,Ran a refresher session on dashboards for 6 of their people.
N-07817,ACC-1219,2025-10-07,Brittney Cole,"Short call. Reviewed open items, nothing escalated."
N-07818,ACC-1219,2025-11-03,Brittney Cole,Simone Ferreira asked me directly whether this is ever going to be fixed.
N-07819,ACC-1219,2025-11-19,Brittney Cole,Fix shipped. They tested it and closed the ticket themselves.
N-07820,ACC-1219,2025-12-14,Brittney Cole,They are frustrated. the alerting rules broke again during their month-end close.
N-07821,ACC-1219,2025-12-28,Brittney Cole,They flagged that procurement now requires justification for anything over the threshold.
N-07822,ACC-1219,2026-01-25,Brittney Cole,They included us in their annual planning conversation.
N-07823,ACC-1219,2026-02-06,Brittney Cole,They asked whether we can do a shorter term or a smaller seat count.
N-07824,ACC-1219,2026-02-27,Brittney Cole,They flagged that procurement now requires justification for anything over the threshold.
N-07825,ACC-1219,2026-03-29,Brittney Cole,Still waiting on the fix for the mobile app. This has been open for weeks.
N-07826,ACC-1219,2026-04-21,Brittney Cole,They are frustrated. dashboards broke again during their month-end close.
N-07827,ACC-1219,2026-05-11,Brittney Cole,Strong QBR. They want to talk about expanding to a second department.
N-07828,ACC-1219,2026-06-03,Brittney Cole,Root cause shared with them. They were satisfied with the explanation.
N-07829,ACC-1219,2026-06-23,Brittney Cole,Brief call with the admin. No issues raised.
N-07830,ACC-1219,2026-07-18,Brittney Cole,The role permissions issue is resolved. Confirmed with their admin.
N-07831,ACC-1219,2026-08-04,Brittney Cole,They skipped the business review entirely this cycle.
N-07832,ACC-1219,2026-08-25,Brittney Cole,Good session. Their exec attended and was engaged.
